configuration,run_index,scenario,selected_tools,skipped_tools,fallback_used,error
full_dynamic,0,critical_congestion_with_sepsis,patient_risk;flow_prediction;staffing;bed_management,,False,
full_dynamic,0,stable_day_shift,patient_risk;flow_prediction;staffing;bed_management,,False,
full_dynamic,0,isolated_high_risk_patient,patient_risk;flow_prediction;staffing;bed_management,,False,
full_dynamic,0,staffing_crunch,patient_risk;flow_prediction;staffing;bed_management,,False,
full_dynamic,0,bed_block,patient_risk;flow_prediction;staffing;bed_management,,False,
full_dynamic,0,queue_overload,patient_risk;flow_prediction;staffing;bed_management,,False,
full_dynamic,0,mixed_001_low_stable_adequate_open,patient_risk;flow_prediction;staffing;bed_management,,False,
full_dynamic,0,mixed_002_moderate_stable_adequate_open,patient_risk;flow_prediction;staffing;bed_management,,False,
full_dynamic,0,mixed_003_high_stable_adequate_open,patient_risk;flow_prediction;staffing;bed_management,,False,
full_dynamic,0,mixed_004_critical_stable_adequate_open,patient_risk;flow_prediction;staffing;bed_management,,False,
full_dynamic,0,mixed_005_low_isolated_high_adequate_open,patient_risk;flow_prediction;staffing;bed_management,,False,
full_dynamic,0,mixed_006_moderate_isolated_high_critical_open,patient_risk;flow_prediction;staffing;bed_management,,False,
full_dynamic,0,mixed_007_low_isolated_high_adequate_open,patient_risk;flow_prediction;staffing;bed_management,,False,
full_dynamic,0,mixed_008_critical_isolated_high_adequate_open,patient_risk;flow_prediction;staffing;bed_management,,False,
full_dynamic,0,mixed_009_low_isolated_critical_adequate_open,patient_risk;flow_prediction;staffing;bed_management,,False,
full_dynamic,0,mixed_010_moderate_isolated_critical_adequate_open,patient_risk;flow_prediction;staffing;bed_management,,False,
full_dynamic,0,mixed_011_high_isolated_critical_adequate_critical,patient_risk;flow_prediction;staffing;bed_management,,False,
full_dynamic,0,mixed_012_critical_isolated_critical_adequate_open,patient_risk;flow_prediction;staffing;bed_management,,False,
full_dynamic,0,mixed_013_low_multi_risk_adequate_open,patient_risk;flow_prediction;staffing;bed_management,,False,
full_dynamic,0,mixed_014_moderate_multi_risk_adequate_open,patient_risk;flow_prediction;staffing;bed_management,,False,
full_dynamic,0,mixed_015_high_multi_risk_adequate_open,patient_risk;flow_prediction;staffing;bed_management,,False,
full_dynamic,0,mixed_016_critical_multi_risk_adequate_open,patient_risk;flow_prediction;staffing;bed_management,,False,
full_dynamic,0,mixed_017_low_stable_strained_open,patient_risk;flow_prediction;staffing;bed_management,,False,
full_dynamic,0,mixed_018_moderate_stable_strained_open,patient_risk;flow_prediction;staffing;bed_management,,False,
full_dynamic,0,mixed_019_high_stable_strained_open,patient_risk;flow_prediction;staffing;bed_management,,False,
full_dynamic,0,mixed_020_critical_stable_strained_open,patient_risk;flow_prediction;staffing;bed_management,,False,
full_dynamic,0,mixed_021_low_isolated_high_strained_open,patient_risk;flow_prediction;staffing;bed_management,,False,
full_dynamic,0,mixed_022_moderate_isolated_high_strained_open,patient_risk;flow_prediction;staffing;bed_management,,False,
full_dynamic,0,mixed_023_high_isolated_high_strained_open,patient_risk;flow_prediction;staffing;bed_management,,False,
full_dynamic,0,mixed_024_critical_isolated_high_strained_open,patient_risk;flow_prediction;staffing;bed_management,,False,
full_dynamic,0,mixed_025_low_isolated_critical_strained_open,patient_risk;flow_prediction;staffing;bed_management,,False,
full_dynamic,0,mixed_026_moderate_isolated_critical_strained_open,patient_risk;flow_prediction;staffing;bed_management,,False,
full_dynamic,0,mixed_027_moderate_isolated_critical_strained_open,patient_risk;flow_prediction;staffing;bed_management,,False,
full_dynamic,0,mixed_028_moderate_isolated_critical_strained_open,patient_risk;flow_prediction;staffing;bed_management,,False,
full_dynamic,0,mixed_029_low_multi_risk_strained_open,patient_risk;flow_prediction;staffing;bed_management,,False,
full_dynamic,0,mixed_030_moderate_multi_risk_strained_open,patient_risk;flow_prediction;bed_management,staffing,False,
full_dynamic,0,mixed_031_critical_multi_risk_strained_open,patient_risk;flow_prediction;staffing;bed_management,,False,
full_dynamic,0,mixed_032_critical_multi_risk_strained_open,patient_risk;flow_prediction;staffing;bed_management,,False,
full_dynamic,0,mixed_033_low_stable_critical_open,patient_risk;flow_prediction;staffing;bed_management,,False,
full_dynamic,0,mixed_034_moderate_stable_critical_open,patient_risk;flow_prediction;staffing;bed_management,,False,
full_dynamic,0,mixed_035_high_stable_critical_open,patient_risk;flow_prediction;staffing;bed_management,,False,
full_dynamic,0,mixed_036_critical_stable_critical_open,patient_risk;flow_prediction;staffing;bed_management,,False,
full_dynamic,0,mixed_037_low_isolated_high_critical_open,patient_risk;flow_prediction;staffing;bed_management,,False,
full_dynamic,0,mixed_038_moderate_isolated_high_strained_open,patient_risk;flow_prediction;staffing;bed_management,,False,
full_dynamic,0,mixed_039_high_isolated_high_critical_open,patient_risk;flow_prediction;staffing;bed_management,,False,
full_dynamic,0,mixed_040_critical_isolated_high_critical_critical,patient_risk;flow_prediction;staffing;bed_management,,False,
full_dynamic,0,mixed_041_low_isolated_critical_critical_open,patient_risk;flow_prediction;staffing;bed_management,,False,
full_dynamic,0,mixed_042_low_isolated_critical_critical_open,patient_risk;flow_prediction;staffing;bed_management,,False,
full_dynamic,0,mixed_043_high_isolated_critical_critical_open,patient_risk;flow_prediction;staffing,bed_management,False,
full_dynamic,0,mixed_044_critical_isolated_critical_critical_open,patient_risk;flow_prediction;staffing;bed_management,,False,
full_dynamic,0,mixed_045_low_multi_risk_critical_tight,patient_risk;flow_prediction;staffing;bed_management,,False,
full_dynamic,0,mixed_046_low_multi_risk_critical_open,patient_risk;flow_prediction;staffing;bed_management,,False,
full_dynamic,0,mixed_047_high_multi_risk_adequate_open,patient_risk;flow_prediction;staffing;bed_management,,False,
full_dynamic,0,mixed_048_moderate_multi_risk_critical_open,patient_risk;flow_prediction;staffing;bed_management,,False,
full_dynamic,0,mixed_049_critical_stable_adequate_critical,patient_risk;flow_prediction;staffing;bed_management,,False,
full_dynamic,0,mixed_050_moderate_stable_adequate_critical,patient_risk;flow_prediction;staffing;bed_management,,False,
full_dynamic,0,mixed_051_high_stable_adequate_tight,patient_risk;flow_prediction;staffing;bed_management,,False,
full_dynamic,0,mixed_052_critical_stable_adequate_tight,patient_risk;flow_prediction;staffing;bed_management,,False,
full_dynamic,0,mixed_053_low_isolated_high_adequate_tight,patient_risk;flow_prediction;staffing;bed_management,,False,
full_dynamic,0,mixed_054_moderate_isolated_high_adequate_tight,patient_risk;flow_prediction;staffing;bed_management,,False,
full_dynamic,0,mixed_055_high_isolated_high_strained_tight,patient_risk;flow_prediction;staffing;bed_management,,False,
full_dynamic,0,mixed_056_critical_isolated_high_adequate_tight,patient_risk;flow_prediction;staffing;bed_management,,False,
full_dynamic,0,mixed_057_low_isolated_critical_adequate_tight,patient_risk;flow_prediction;staffing;bed_management,,False,
full_dynamic,0,mixed_058_moderate_isolated_critical_adequate_tight,patient_risk;flow_prediction;staffing;bed_management,,False,
full_dynamic,0,mixed_059_high_isolated_critical_adequate_open,patient_risk;flow_prediction;staffing;bed_management,,False,
full_dynamic,0,mixed_060_critical_isolated_critical_adequate_tight,patient_risk;flow_prediction;staffing;bed_management,,False,
full_dynamic,0,mixed_061_low_multi_risk_adequate_tight,patient_risk;flow_prediction;staffing;bed_management,,False,
full_dynamic,0,mixed_062_moderate_multi_risk_adequate_tight,patient_risk;flow_prediction;staffing;bed_management,,False,
full_dynamic,0,mixed_063_high_multi_risk_adequate_open,patient_risk;flow_prediction;staffing;bed_management,,False,
full_dynamic,0,mixed_064_critical_multi_risk_adequate_tight,patient_risk;flow_prediction;staffing;bed_management,,False,
full_dynamic,0,mixed_065_low_stable_critical_tight,patient_risk;flow_prediction;staffing;bed_management,,False,
full_dynamic,0,mixed_066_moderate_stable_strained_tight,patient_risk;flow_prediction;staffing;bed_management,,False,
full_dynamic,0,mixed_067_high_stable_critical_tight,patient_risk;flow_prediction;staffing;bed_management,,False,
full_dynamic,0,mixed_068_critical_stable_strained_tight,patient_risk;flow_prediction;staffing;bed_management,,False,
full_dynamic,0,mixed_069_low_isolated_high_strained_tight,patient_risk;flow_prediction;staffing;bed_management,,False,
full_dynamic,0,mixed_070_moderate_isolated_high_strained_tight,patient_risk;flow_prediction;staffing;bed_management,,False,
full_dynamic,0,mixed_071_high_isolated_high_strained_tight,patient_risk;flow_prediction;staffing;bed_management,,False,
full_dynamic,0,mixed_072_critical_isolated_high_strained_tight,patient_risk;flow_prediction;staffing;bed_management,,False,
full_dynamic,0,mixed_073_critical_isolated_critical_strained_open,patient_risk;flow_prediction;staffing;bed_management,,False,
full_dynamic,0,mixed_074_moderate_isolated_critical_strained_critical,patient_risk;flow_prediction;staffing;bed_management,,False,
full_dynamic,0,mixed_075_high_isolated_critical_strained_open,patient_risk;flow_prediction;staffing;bed_management,,False,
full_dynamic,0,mixed_076_critical_isolated_critical_strained_tight,patient_risk;flow_prediction;staffing;bed_management,,False,
full_dynamic,0,mixed_077_low_multi_risk_strained_tight,patient_risk;flow_prediction;staffing;bed_management,,False,
full_dynamic,0,mixed_078_moderate_multi_risk_strained_tight,patient_risk;flow_prediction;staffing;bed_management,,False,
full_dynamic,0,mixed_079_high_multi_risk_adequate_tight,patient_risk;flow_prediction;staffing;bed_management,,False,
full_dynamic,0,mixed_080_critical_multi_risk_strained_tight,patient_risk;flow_prediction;staffing;bed_management,,False,
full_dynamic,0,mixed_081_moderate_stable_strained_critical,patient_risk;flow_prediction;bed_management;staffing,,False,
full_dynamic,0,mixed_082_moderate_stable_critical_tight,patient_risk;flow_prediction;staffing;bed_management,,False,
full_dynamic,0,mixed_083_high_stable_adequate_tight,patient_risk;flow_prediction;staffing;bed_management,,False,
full_dynamic,0,mixed_084_high_stable_critical_tight,patient_risk;flow_prediction;staffing;bed_management,,False,
full_dynamic,0,mixed_085_low_isolated_high_critical_tight,patient_risk;flow_prediction;staffing;bed_management,,False,
full_dynamic,0,mixed_086_moderate_isolated_high_critical_critical,patient_risk;flow_prediction;staffing;bed_management,,False,
full_dynamic,0,mixed_087_high_isolated_high_strained_tight,patient_risk;flow_prediction;staffing;bed_management,,False,
full_dynamic,0,mixed_088_low_isolated_high_critical_tight,patient_risk;flow_prediction;staffing;bed_management,,False,
full_dynamic,0,mixed_089_low_isolated_critical_critical_tight,patient_risk;flow_prediction;staffing;bed_management,,False,
full_dynamic,0,mixed_090_moderate_isolated_critical_adequate_tight,patient_risk;flow_prediction;staffing;bed_management,,False,
full_dynamic,0,mixed_091_high_isolated_critical_critical_tight,patient_risk;flow_prediction;staffing;bed_management,,False,
full_dynamic,0,mixed_092_critical_isolated_critical_adequate_open,patient_risk;flow_prediction;staffing;bed_management,,False,
full_dynamic,0,mixed_093_low_multi_risk_critical_tight,patient_risk;flow_prediction;staffing;bed_management,,False,
full_dynamic,0,mixed_094_moderate_multi_risk_critical_tight,patient_risk;flow_prediction;staffing;bed_management,,False,
full_dynamic,0,mixed_095_high_multi_risk_critical_tight,patient_risk;flow_prediction;staffing;bed_management,,False,
full_dynamic,0,mixed_096_critical_multi_risk_critical_open,patient_risk;flow_prediction;staffing;bed_management,,False,
full_dynamic,0,mixed_097_low_stable_adequate_critical,patient_risk;flow_prediction;staffing;bed_management,,False,
full_dynamic,0,mixed_098_moderate_stable_strained_tight,patient_risk;flow_prediction;staffing;bed_management,,False,
full_dynamic,0,mixed_099_critical_stable_adequate_critical,patient_risk;flow_prediction;staffing;bed_management,,False,
full_dynamic,0,mixed_100_critical_stable_adequate_critical,patient_risk;flow_prediction;staffing;bed_management,,False,
full_dynamic,0,mixed_101_low_isolated_high_adequate_tight,patient_risk;flow_prediction;staffing;bed_management,,False,
full_dynamic,0,mixed_102_moderate_isolated_high_adequate_critical,patient_risk;flow_prediction;staffing;bed_management,,False,
full_dynamic,0,mixed_103_high_isolated_high_adequate_critical,patient_risk;flow_prediction;staffing;bed_management,,False,
full_dynamic,0,mixed_104_critical_isolated_high_adequate_critical,patient_risk;flow_prediction;staffing;bed_management,,False,
full_dynamic,0,mixed_105_low_isolated_critical_adequate_critical,patient_risk;flow_prediction;staffing;bed_management,,False,
full_dynamic,0,mixed_106_moderate_isolated_critical_adequate_critical,patient_risk;flow_prediction;staffing;bed_management,,False,
full_dynamic,0,mixed_107_moderate_isolated_critical_adequate_critical,patient_risk;flow_prediction;staffing;bed_management,,False,
full_dynamic,0,mixed_108_critical_isolated_critical_adequate_critical,patient_risk;flow_prediction;staffing;bed_management,,False,
full_dynamic,0,mixed_109_moderate_multi_risk_adequate_critical,patient_risk;flow_prediction;staffing;bed_management,,False,
full_dynamic,0,mixed_110_moderate_multi_risk_adequate_critical,patient_risk;flow_prediction;staffing;bed_management,,False,
full_dynamic,0,mixed_111_low_multi_risk_adequate_critical,patient_risk;flow_prediction;staffing;bed_management,,False,
full_dynamic,0,mixed_112_critical_multi_risk_critical_tight,patient_risk;flow_prediction;staffing;bed_management,,False,
full_dynamic,0,mixed_113_low_stable_strained_critical,patient_risk;flow_prediction;staffing;bed_management,,False,
full_dynamic,0,mixed_114_moderate_stable_strained_critical,patient_risk;flow_prediction;staffing;bed_management,,False,
full_dynamic,0,mixed_115_high_stable_strained_critical,patient_risk;flow_prediction;staffing;bed_management,,False,
full_dynamic,0,mixed_116_critical_stable_strained_critical,patient_risk;flow_prediction;staffing;bed_management,,False,
full_dynamic,0,mixed_117_high_isolated_high_strained_critical,patient_risk;flow_prediction;staffing;bed_management,,False,
full_dynamic,0,mixed_118_moderate_isolated_high_adequate_critical,patient_risk;flow_prediction;staffing;bed_management,,False,
full_dynamic,0,mixed_119_high_isolated_high_adequate_critical,patient_risk;flow_prediction;staffing;bed_management,,False,
full_dynamic,0,mixed_120_low_isolated_high_strained_critical,patient_risk;flow_prediction;staffing;bed_management,,False,
full_dynamic,0,mixed_121_low_isolated_critical_strained_critical,patient_risk;flow_prediction;staffing;bed_management,,False,
full_dynamic,0,mixed_122_moderate_isolated_critical_strained_critical,patient_risk;flow_prediction;staffing;bed_management,,False,
full_dynamic,0,mixed_123_high_isolated_critical_strained_critical,patient_risk;flow_prediction;staffing;bed_management,,False,
full_dynamic,0,mixed_124_moderate_isolated_critical_strained_tight,patient_risk;flow_prediction;staffing;bed_management,,False,
full_dynamic,0,mixed_125_low_multi_risk_strained_critical,patient_risk;flow_prediction;staffing;bed_management,,False,
full_dynamic,0,mixed_126_low_multi_risk_strained_critical,patient_risk;flow_prediction;staffing;bed_management,,False,
full_dynamic,0,mixed_127_high_multi_risk_strained_critical,patient_risk;flow_prediction;staffing;bed_management,,False,
full_dynamic,0,mixed_128_moderate_multi_risk_strained_critical,patient_risk;flow_prediction;staffing;bed_management,,False,
full_dynamic,0,mixed_129_low_stable_critical_tight,patient_risk;flow_prediction;staffing;bed_management,,False,
full_dynamic,0,mixed_130_moderate_stable_critical_critical,patient_risk;flow_prediction;staffing;bed_management,,False,
full_dynamic,0,mixed_131_moderate_stable_critical_critical,patient_risk;flow_prediction;staffing;bed_management,,False,
full_dynamic,0,mixed_132_low_stable_critical_critical,patient_risk;flow_prediction;staffing;bed_management,,False,
full_dynamic,0,mixed_133_low_isolated_high_critical_critical,patient_risk;flow_prediction;staffing;bed_management,,False,
full_dynamic,0,mixed_134_moderate_isolated_high_critical_critical,patient_risk;flow_prediction;staffing;bed_management,,False,
full_dynamic,0,mixed_135_high_isolated_high_critical_critical,patient_risk;flow_prediction;staffing;bed_management,,False,
full_dynamic,0,mixed_136_critical_isolated_high_critical_critical,patient_risk;flow_prediction;staffing;bed_management,,False,
full_dynamic,0,mixed_137_high_isolated_critical_critical_critical,patient_risk;flow_prediction;staffing;bed_management,,False,
full_dynamic,0,mixed_138_low_isolated_critical_critical_critical,patient_risk;flow_prediction;staffing;bed_management,,False,
full_dynamic,0,mixed_139_low_isolated_critical_critical_critical,patient_risk;flow_prediction;staffing;bed_management,,False,
full_dynamic,0,mixed_140_critical_isolated_critical_critical_critical,patient_risk;flow_prediction;staffing;bed_management,,False,
full_dynamic,0,mixed_141_critical_multi_risk_strained_critical,patient_risk;flow_prediction;staffing;bed_management,,False,
full_dynamic,0,mixed_142_moderate_multi_risk_adequate_critical,patient_risk;flow_prediction;staffing;bed_management,,False,
full_dynamic,0,mixed_143_high_multi_risk_adequate_open,patient_risk;flow_prediction;staffing;bed_management,,False,
full_dynamic,0,mixed_144_critical_multi_risk_critical_critical,patient_risk;flow_prediction;staffing;bed_management,,False,
full_dynamic,0,mixed_145_low_stable_adequate_open,patient_risk;flow_prediction;staffing;bed_management,,False,
full_dynamic,0,mixed_146_moderate_stable_adequate_open,patient_risk;flow_prediction;bed_management,staffing,False,
full_dynamic,0,mixed_147_high_stable_adequate_open,patient_risk;flow_prediction;staffing;bed_management,,False,
full_dynamic,0,mixed_148_critical_stable_adequate_open,patient_risk;flow_prediction;staffing;bed_management,,False,
full_dynamic,0,mixed_149_low_isolated_high_adequate_open,patient_risk;flow_prediction;staffing;bed_management,,False,
full_dynamic,0,mixed_150_moderate_isolated_high_adequate_open,patient_risk;flow_prediction;staffing;bed_management,,False,
full_dynamic,0,mixed_151_high_isolated_high_adequate_open,patient_risk;flow_prediction;bed_management;staffing,,False,
full_dynamic,0,mixed_152_critical_isolated_high_adequate_open,patient_risk;flow_prediction;staffing;bed_management,,False,
full_dynamic,0,mixed_153_low_isolated_critical_adequate_open,patient_risk;flow_prediction;staffing;bed_management,,False,
full_dynamic,0,mixed_154_moderate_isolated_critical_adequate_open,patient_risk;flow_prediction;bed_management;staffing,,False,
full_dynamic,0,mixed_155_high_isolated_critical_adequate_open,patient_risk;flow_prediction;staffing;bed_management,,False,
full_dynamic,0,mixed_156_critical_isolated_critical_adequate_open,patient_risk;flow_prediction;staffing;bed_management,,False,
full_dynamic,0,mixed_157_low_multi_risk_adequate_open,patient_risk;flow_prediction;staffing;bed_management,,False,
full_dynamic,0,mixed_158_high_multi_risk_critical_open,patient_risk;flow_prediction;staffing;bed_management,,False,
full_dynamic,0,mixed_159_high_multi_risk_adequate_open,patient_risk;flow_prediction;staffing;bed_management,,False,
full_dynamic,0,mixed_160_critical_multi_risk_adequate_open,patient_risk;flow_prediction;staffing;bed_management,,False,
full_dynamic,0,mixed_161_moderate_stable_strained_open,patient_risk;flow_prediction;staffing;bed_management,,False,
full_dynamic,0,mixed_162_moderate_stable_adequate_open,patient_risk;flow_prediction;staffing;bed_management,,False,
full_dynamic,0,mixed_163_high_stable_strained_open,patient_risk;flow_prediction;bed_management,staffing,False,
full_dynamic,0,mixed_164_critical_stable_strained_open,patient_risk;flow_prediction;staffing;bed_management,,False,
full_dynamic,0,mixed_165_low_isolated_high_strained_open,patient_risk;flow_prediction;staffing;bed_management,,False,
full_dynamic,0,mixed_166_moderate_isolated_high_strained_open,patient_risk;flow_prediction;staffing;bed_management,,False,
full_dynamic,0,mixed_167_high_isolated_high_strained_open,patient_risk;flow_prediction;staffing;bed_management,,False,
full_dynamic,0,mixed_168_high_isolated_high_critical_open,patient_risk;flow_prediction;staffing;bed_management,,False,
full_dynamic,0,mixed_169_low_isolated_critical_strained_open,patient_risk;flow_prediction;staffing;bed_management,,False,
full_dynamic,0,mixed_170_moderate_isolated_critical_critical_open,patient_risk;flow_prediction;staffing;bed_management,,False,
full_dynamic,0,mixed_171_critical_isolated_critical_strained_open,patient_risk;flow_prediction;staffing;bed_management,,False,
full_dynamic,0,mixed_172_critical_isolated_critical_strained_open,patient_risk;flow_prediction;staffing;bed_management,,False,
full_dynamic,0,mixed_173_low_multi_risk_strained_open,patient_risk;flow_prediction;staffing;bed_management,,False,
full_dynamic,0,mixed_174_moderate_multi_risk_strained_open,patient_risk;flow_prediction;staffing;bed_management,,False,
full_dynamic,1,critical_congestion_with_sepsis,patient_risk;flow_prediction;staffing;bed_management,,False,
full_dynamic,1,stable_day_shift,patient_risk;flow_prediction;bed_management,staffing,False,
full_dynamic,1,isolated_high_risk_patient,patient_risk;flow_prediction;staffing;bed_management,,False,
full_dynamic,1,staffing_crunch,patient_risk;flow_prediction;staffing;bed_management,,False,
full_dynamic,1,bed_block,patient_risk;flow_prediction;staffing;bed_management,,False,
full_dynamic,1,queue_overload,patient_risk;flow_prediction;staffing;bed_management,,False,
full_dynamic,1,mixed_001_low_stable_adequate_open,patient_risk;flow_prediction;bed_management;staffing,,False,
full_dynamic,1,mixed_002_moderate_stable_adequate_open,patient_risk;flow_prediction;staffing;bed_management,,False,
full_dynamic,1,mixed_003_high_stable_adequate_open,patient_risk;flow_prediction;staffing;bed_management,,False,
full_dynamic,1,mixed_004_critical_stable_adequate_open,patient_risk;flow_prediction;staffing;bed_management,,False,
full_dynamic,1,mixed_005_low_isolated_high_adequate_open,patient_risk;flow_prediction;staffing;bed_management,,False,
full_dynamic,1,mixed_006_moderate_isolated_high_critical_open,patient_risk;flow_prediction;staffing,bed_management,False,
full_dynamic,1,mixed_007_low_isolated_high_adequate_open,patient_risk;flow_prediction;staffing;bed_management,,False,
full_dynamic,1,mixed_008_critical_isolated_high_adequate_open,patient_risk;flow_prediction;staffing;bed_management,,False,
full_dynamic,1,mixed_009_low_isolated_critical_adequate_open,patient_risk;flow_prediction;bed_management,staffing,False,
full_dynamic,1,mixed_010_moderate_isolated_critical_adequate_open,patient_risk;flow_prediction;staffing;bed_management,,False,
full_dynamic,1,mixed_011_high_isolated_critical_adequate_critical,patient_risk;flow_prediction;staffing;bed_management,,False,
full_dynamic,1,mixed_012_critical_isolated_critical_adequate_open,patient_risk;flow_prediction;staffing;bed_management,,False,
full_dynamic,1,mixed_013_low_multi_risk_adequate_open,patient_risk;flow_prediction;staffing;bed_management,,False,
full_dynamic,1,mixed_014_moderate_multi_risk_adequate_open,patient_risk;flow_prediction;staffing;bed_management,,False,
full_dynamic,1,mixed_015_high_multi_risk_adequate_open,patient_risk;flow_prediction;staffing;bed_management,,False,
full_dynamic,1,mixed_016_critical_multi_risk_adequate_open,patient_risk;flow_prediction;staffing;bed_management,,False,
full_dynamic,1,mixed_017_low_stable_strained_open,patient_risk;flow_prediction;staffing;bed_management,,False,
full_dynamic,1,mixed_018_moderate_stable_strained_open,patient_risk;flow_prediction;staffing;bed_management,,False,
full_dynamic,1,mixed_019_high_stable_strained_open,patient_risk;flow_prediction;staffing;bed_management,,False,
full_dynamic,1,mixed_020_critical_stable_strained_open,patient_risk;flow_prediction;staffing;bed_management,,False,
full_dynamic,1,mixed_021_low_isolated_high_strained_open,patient_risk;flow_prediction;staffing;bed_management,,False,
full_dynamic,1,mixed_022_moderate_isolated_high_strained_open,patient_risk;flow_prediction;staffing;bed_management,,False,
full_dynamic,1,mixed_023_high_isolated_high_strained_open,patient_risk;flow_prediction;staffing;bed_management,,False,
full_dynamic,1,mixed_024_critical_isolated_high_strained_open,patient_risk;flow_prediction;staffing;bed_management,,False,
full_dynamic,1,mixed_025_low_isolated_critical_strained_open,patient_risk;flow_prediction;staffing;bed_management,,False,
full_dynamic,1,mixed_026_moderate_isolated_critical_strained_open,patient_risk;flow_prediction;staffing;bed_management,,False,
full_dynamic,1,mixed_027_moderate_isolated_critical_strained_open,patient_risk;flow_prediction;staffing;bed_management,,False,
full_dynamic,1,mixed_028_moderate_isolated_critical_strained_open,patient_risk;flow_prediction;staffing;bed_management,,False,
full_dynamic,1,mixed_029_low_multi_risk_strained_open,patient_risk;flow_prediction;staffing;bed_management,,False,
full_dynamic,1,mixed_030_moderate_multi_risk_strained_open,patient_risk;flow_prediction;staffing;bed_management,,False,
full_dynamic,1,mixed_031_critical_multi_risk_strained_open,patient_risk;flow_prediction;staffing;bed_management,,False,
full_dynamic,1,mixed_032_critical_multi_risk_strained_open,patient_risk;flow_prediction;staffing;bed_management,,False,
full_dynamic,1,mixed_033_low_stable_critical_open,patient_risk;flow_prediction;staffing;bed_management,,False,
full_dynamic,1,mixed_034_moderate_stable_critical_open,patient_risk;flow_prediction;staffing;bed_management,,False,
full_dynamic,1,mixed_035_high_stable_critical_open,patient_risk;flow_prediction;staffing;bed_management,,False,
full_dynamic,1,mixed_036_critical_stable_critical_open,patient_risk;flow_prediction;staffing;bed_management,,False,
full_dynamic,1,mixed_037_low_isolated_high_critical_open,patient_risk;flow_prediction;staffing;bed_management,,False,
full_dynamic,1,mixed_038_moderate_isolated_high_strained_open,patient_risk;flow_prediction;staffing;bed_management,,False,
full_dynamic,1,mixed_039_high_isolated_high_critical_open,patient_risk;flow_prediction;staffing;bed_management,,False,
full_dynamic,1,mixed_040_critical_isolated_high_critical_critical,patient_risk;flow_prediction;staffing;bed_management,,False,
full_dynamic,1,mixed_041_low_isolated_critical_critical_open,patient_risk;flow_prediction;staffing;bed_management,,False,
full_dynamic,1,mixed_042_low_isolated_critical_critical_open,patient_risk;flow_prediction;staffing;bed_management,,False,
full_dynamic,1,mixed_043_high_isolated_critical_critical_open,patient_risk;flow_prediction;staffing;bed_management,,False,
full_dynamic,1,mixed_044_critical_isolated_critical_critical_open,patient_risk;flow_prediction;staffing;bed_management,,False,
full_dynamic,1,mixed_045_low_multi_risk_critical_tight,patient_risk;flow_prediction;staffing;bed_management,,False,
full_dynamic,1,mixed_046_low_multi_risk_critical_open,patient_risk;flow_prediction;staffing;bed_management,,False,
full_dynamic,1,mixed_047_high_multi_risk_adequate_open,patient_risk;flow_prediction;staffing;bed_management,,False,
full_dynamic,1,mixed_048_moderate_multi_risk_critical_open,patient_risk;flow_prediction;staffing;bed_management,,False,
full_dynamic,1,mixed_049_critical_stable_adequate_critical,patient_risk;flow_prediction;staffing;bed_management,,False,
full_dynamic,1,mixed_050_moderate_stable_adequate_critical,patient_risk;flow_prediction;staffing;bed_management,,False,
full_dynamic,1,mixed_051_high_stable_adequate_tight,patient_risk;flow_prediction;staffing;bed_management,,False,
full_dynamic,1,mixed_052_critical_stable_adequate_tight,patient_risk;flow_prediction;staffing;bed_management,,False,
full_dynamic,1,mixed_053_low_isolated_high_adequate_tight,patient_risk;flow_prediction;bed_management,staffing,False,
full_dynamic,1,mixed_054_moderate_isolated_high_adequate_tight,patient_risk;flow_prediction;staffing;bed_management,,False,
full_dynamic,1,mixed_055_high_isolated_high_strained_tight,patient_risk;flow_prediction;staffing;bed_management,,False,
full_dynamic,1,mixed_056_critical_isolated_high_adequate_tight,patient_risk;flow_prediction;staffing;bed_management,,False,
full_dynamic,1,mixed_057_low_isolated_critical_adequate_tight,patient_risk;flow_prediction;staffing;bed_management,,False,
full_dynamic,1,mixed_058_moderate_isolated_critical_adequate_tight,patient_risk;flow_prediction;staffing;bed_management,,False,
full_dynamic,1,mixed_059_high_isolated_critical_adequate_open,patient_risk;flow_prediction;staffing;bed_management,,False,
full_dynamic,1,mixed_060_critical_isolated_critical_adequate_tight,patient_risk;flow_prediction;staffing;bed_management,,False,
full_dynamic,1,mixed_061_low_multi_risk_adequate_tight,patient_risk;flow_prediction;staffing;bed_management,,False,
full_dynamic,1,mixed_062_moderate_multi_risk_adequate_tight,patient_risk;flow_prediction;staffing;bed_management,,False,
full_dynamic,1,mixed_063_high_multi_risk_adequate_open,patient_risk;flow_prediction;staffing;bed_management,,False,
full_dynamic,1,mixed_064_critical_multi_risk_adequate_tight,patient_risk;flow_prediction;staffing;bed_management,,False,
full_dynamic,1,mixed_065_low_stable_critical_tight,patient_risk;flow_prediction;staffing;bed_management,,False,
full_dynamic,1,mixed_066_moderate_stable_strained_tight,patient_risk;flow_prediction;staffing;bed_management,,False,
full_dynamic,1,mixed_067_high_stable_critical_tight,patient_risk;flow_prediction;staffing;bed_management,,False,
full_dynamic,1,mixed_068_critical_stable_strained_tight,patient_risk;flow_prediction;staffing;bed_management,,False,
full_dynamic,1,mixed_069_low_isolated_high_strained_tight,patient_risk;flow_prediction;staffing;bed_management,,False,
full_dynamic,1,mixed_070_moderate_isolated_high_strained_tight,patient_risk;flow_prediction;staffing;bed_management,,False,
full_dynamic,1,mixed_071_high_isolated_high_strained_tight,patient_risk;flow_prediction;staffing;bed_management,,False,
full_dynamic,1,mixed_072_critical_isolated_high_strained_tight,patient_risk;flow_prediction;staffing;bed_management,,False,
full_dynamic,1,mixed_073_critical_isolated_critical_strained_open,patient_risk;flow_prediction;staffing;bed_management,,False,
full_dynamic,1,mixed_074_moderate_isolated_critical_strained_critical,patient_risk;flow_prediction;staffing;bed_management,,False,
full_dynamic,1,mixed_075_high_isolated_critical_strained_open,patient_risk;flow_prediction;staffing;bed_management,,False,
full_dynamic,1,mixed_076_critical_isolated_critical_strained_tight,patient_risk,flow_prediction;staffing;bed_management,False,
full_dynamic,1,mixed_077_low_multi_risk_strained_tight,patient_risk;flow_prediction;staffing;bed_management,,False,
full_dynamic,1,mixed_078_moderate_multi_risk_strained_tight,patient_risk;flow_prediction;staffing;bed_management,,False,
full_dynamic,1,mixed_079_high_multi_risk_adequate_tight,patient_risk;flow_prediction;staffing;bed_management,,False,
full_dynamic,1,mixed_080_critical_multi_risk_strained_tight,patient_risk;flow_prediction;staffing;bed_management,,False,
full_dynamic,1,mixed_081_moderate_stable_strained_critical,patient_risk;flow_prediction;staffing;bed_management,,False,
full_dynamic,1,mixed_082_moderate_stable_critical_tight,patient_risk;flow_prediction;staffing;bed_management,,False,
full_dynamic,1,mixed_083_high_stable_adequate_tight,patient_risk;flow_prediction;staffing;bed_management,,False,
full_dynamic,1,mixed_084_high_stable_critical_tight,patient_risk;flow_prediction;staffing;bed_management,,False,
full_dynamic,1,mixed_085_low_isolated_high_critical_tight,patient_risk;flow_prediction;staffing;bed_management,,False,
full_dynamic,1,mixed_086_moderate_isolated_high_critical_critical,patient_risk;flow_prediction;staffing;bed_management,,False,
full_dynamic,1,mixed_087_high_isolated_high_strained_tight,patient_risk;flow_prediction;staffing;bed_management,,False,
full_dynamic,1,mixed_088_low_isolated_high_critical_tight,patient_risk;flow_prediction;staffing;bed_management,,False,
full_dynamic,1,mixed_089_low_isolated_critical_critical_tight,patient_risk;flow_prediction;staffing;bed_management,,False,
full_dynamic,1,mixed_090_moderate_isolated_critical_adequate_tight,patient_risk;flow_prediction;staffing;bed_management,,False,
full_dynamic,1,mixed_091_high_isolated_critical_critical_tight,patient_risk;flow_prediction;staffing;bed_management,,False,
full_dynamic,1,mixed_092_critical_isolated_critical_adequate_open,patient_risk;flow_prediction;staffing;bed_management,,False,
full_dynamic,1,mixed_093_low_multi_risk_critical_tight,patient_risk;flow_prediction;staffing;bed_management,,False,
full_dynamic,1,mixed_094_moderate_multi_risk_critical_tight,patient_risk;flow_prediction;staffing;bed_management,,False,
full_dynamic,1,mixed_095_high_multi_risk_critical_tight,patient_risk;flow_prediction;staffing;bed_management,,False,
full_dynamic,1,mixed_096_critical_multi_risk_critical_open,patient_risk;flow_prediction;staffing;bed_management,,False,
full_dynamic,1,mixed_097_low_stable_adequate_critical,patient_risk;flow_prediction;staffing;bed_management,,False,
full_dynamic,1,mixed_098_moderate_stable_strained_tight,patient_risk;flow_prediction;bed_management,staffing,False,
full_dynamic,1,mixed_099_critical_stable_adequate_critical,patient_risk;flow_prediction;staffing;bed_management,,False,
full_dynamic,1,mixed_100_critical_stable_adequate_critical,patient_risk;flow_prediction;staffing;bed_management,,False,
full_dynamic,1,mixed_101_low_isolated_high_adequate_tight,patient_risk;flow_prediction;staffing;bed_management,,False,
full_dynamic,1,mixed_102_moderate_isolated_high_adequate_critical,patient_risk;flow_prediction;staffing;bed_management,,False,
full_dynamic,1,mixed_103_high_isolated_high_adequate_critical,patient_risk;flow_prediction;staffing;bed_management,,False,
full_dynamic,1,mixed_104_critical_isolated_high_adequate_critical,patient_risk;flow_prediction;staffing;bed_management,,False,
full_dynamic,1,mixed_105_low_isolated_critical_adequate_critical,patient_risk;flow_prediction;staffing;bed_management,,False,
full_dynamic,1,mixed_106_moderate_isolated_critical_adequate_critical,patient_risk;flow_prediction;staffing;bed_management,,False,
full_dynamic,1,mixed_107_moderate_isolated_critical_adequate_critical,patient_risk;flow_prediction;staffing;bed_management,,False,
full_dynamic,1,mixed_108_critical_isolated_critical_adequate_critical,patient_risk;flow_prediction;staffing;bed_management,,False,
full_dynamic,1,mixed_109_moderate_multi_risk_adequate_critical,patient_risk;flow_prediction;staffing;bed_management,,False,
full_dynamic,1,mixed_110_moderate_multi_risk_adequate_critical,patient_risk;flow_prediction;staffing;bed_management,,False,
full_dynamic,1,mixed_111_low_multi_risk_adequate_critical,patient_risk;flow_prediction;staffing;bed_management,,False,
full_dynamic,1,mixed_112_critical_multi_risk_critical_tight,patient_risk;flow_prediction;staffing;bed_management,,False,
full_dynamic,1,mixed_113_low_stable_strained_critical,patient_risk;flow_prediction;staffing;bed_management,,False,
full_dynamic,1,mixed_114_moderate_stable_strained_critical,patient_risk;flow_prediction;staffing;bed_management,,False,
full_dynamic,1,mixed_115_high_stable_strained_critical,patient_risk;flow_prediction;staffing;bed_management,,False,
full_dynamic,1,mixed_116_critical_stable_strained_critical,patient_risk;flow_prediction;staffing;bed_management,,False,
full_dynamic,1,mixed_117_high_isolated_high_strained_critical,patient_risk;flow_prediction;staffing;bed_management,,False,
full_dynamic,1,mixed_118_moderate_isolated_high_adequate_critical,patient_risk;flow_prediction;staffing;bed_management,,False,
full_dynamic,1,mixed_119_high_isolated_high_adequate_critical,patient_risk;flow_prediction;staffing;bed_management,,False,
full_dynamic,1,mixed_120_low_isolated_high_strained_critical,patient_risk;flow_prediction;staffing;bed_management,,False,
full_dynamic,1,mixed_121_low_isolated_critical_strained_critical,patient_risk;flow_prediction;staffing;bed_management,,False,
full_dynamic,1,mixed_122_moderate_isolated_critical_strained_critical,patient_risk;flow_prediction;staffing;bed_management,,False,
full_dynamic,1,mixed_123_high_isolated_critical_strained_critical,patient_risk;flow_prediction;staffing;bed_management,,False,
full_dynamic,1,mixed_124_moderate_isolated_critical_strained_tight,patient_risk;flow_prediction;staffing;bed_management,,False,
full_dynamic,1,mixed_125_low_multi_risk_strained_critical,patient_risk;flow_prediction;staffing;bed_management,,False,
full_dynamic,1,mixed_126_low_multi_risk_strained_critical,patient_risk;flow_prediction;staffing;bed_management,,False,
full_dynamic,1,mixed_127_high_multi_risk_strained_critical,patient_risk;flow_prediction;staffing;bed_management,,False,
full_dynamic,1,mixed_128_moderate_multi_risk_strained_critical,patient_risk;flow_prediction;staffing;bed_management,,False,
full_dynamic,1,mixed_129_low_stable_critical_tight,patient_risk;flow_prediction;staffing;bed_management,,False,
full_dynamic,1,mixed_130_moderate_stable_critical_critical,patient_risk;flow_prediction;staffing;bed_management,,False,
full_dynamic,1,mixed_131_moderate_stable_critical_critical,patient_risk;flow_prediction;staffing;bed_management,,False,
full_dynamic,1,mixed_132_low_stable_critical_critical,patient_risk;flow_prediction;staffing;bed_management,,False,
full_dynamic,1,mixed_133_low_isolated_high_critical_critical,patient_risk;flow_prediction;staffing;bed_management,,False,
full_dynamic,1,mixed_134_moderate_isolated_high_critical_critical,patient_risk;flow_prediction;staffing;bed_management,,False,
full_dynamic,1,mixed_135_high_isolated_high_critical_critical,patient_risk;flow_prediction;staffing;bed_management,,False,
full_dynamic,1,mixed_136_critical_isolated_high_critical_critical,patient_risk;flow_prediction;staffing;bed_management,,False,
full_dynamic,1,mixed_137_high_isolated_critical_critical_critical,patient_risk;flow_prediction;staffing;bed_management,,False,
full_dynamic,1,mixed_138_low_isolated_critical_critical_critical,patient_risk;flow_prediction;staffing;bed_management,,False,
full_dynamic,1,mixed_139_low_isolated_critical_critical_critical,patient_risk;flow_prediction;staffing;bed_management,,False,
full_dynamic,1,mixed_140_critical_isolated_critical_critical_critical,patient_risk;flow_prediction;staffing;bed_management,,False,
full_dynamic,1,mixed_141_critical_multi_risk_strained_critical,patient_risk;flow_prediction;staffing;bed_management,,False,
full_dynamic,1,mixed_142_moderate_multi_risk_adequate_critical,patient_risk;flow_prediction;staffing;bed_management,,False,
full_dynamic,1,mixed_143_high_multi_risk_adequate_open,patient_risk;flow_prediction;staffing;bed_management,,False,
full_dynamic,1,mixed_144_critical_multi_risk_critical_critical,patient_risk;flow_prediction;staffing;bed_management,,False,
full_dynamic,1,mixed_145_low_stable_adequate_open,patient_risk;flow_prediction;staffing;bed_management,,False,
full_dynamic,1,mixed_146_moderate_stable_adequate_open,patient_risk;flow_prediction;staffing;bed_management,,False,
full_dynamic,1,mixed_147_high_stable_adequate_open,patient_risk;flow_prediction;staffing;bed_management,,False,
full_dynamic,1,mixed_148_critical_stable_adequate_open,patient_risk;flow_prediction;staffing;bed_management,,False,
full_dynamic,1,mixed_149_low_isolated_high_adequate_open,patient_risk;flow_prediction;staffing;bed_management,,False,
full_dynamic,1,mixed_150_moderate_isolated_high_adequate_open,patient_risk;flow_prediction;staffing;bed_management,,False,
full_dynamic,1,mixed_151_high_isolated_high_adequate_open,patient_risk;flow_prediction;staffing;bed_management,,False,
full_dynamic,1,mixed_152_critical_isolated_high_adequate_open,patient_risk;flow_prediction;staffing;bed_management,,False,
full_dynamic,1,mixed_153_low_isolated_critical_adequate_open,patient_risk;flow_prediction;staffing;bed_management,,False,
full_dynamic,1,mixed_154_moderate_isolated_critical_adequate_open,patient_risk;flow_prediction;staffing;bed_management,,False,
full_dynamic,1,mixed_155_high_isolated_critical_adequate_open,patient_risk;flow_prediction;staffing,bed_management,False,
full_dynamic,1,mixed_156_critical_isolated_critical_adequate_open,patient_risk;flow_prediction;staffing;bed_management,,False,
full_dynamic,1,mixed_157_low_multi_risk_adequate_open,patient_risk;flow_prediction;staffing;bed_management,,False,
full_dynamic,1,mixed_158_high_multi_risk_critical_open,patient_risk;flow_prediction;staffing;bed_management,,False,
full_dynamic,1,mixed_159_high_multi_risk_adequate_open,patient_risk;flow_prediction;staffing;bed_management,,False,
full_dynamic,1,mixed_160_critical_multi_risk_adequate_open,patient_risk;flow_prediction;staffing;bed_management,,False,
full_dynamic,1,mixed_161_moderate_stable_strained_open,patient_risk;flow_prediction;bed_management,staffing,False,
full_dynamic,1,mixed_162_moderate_stable_adequate_open,patient_risk;flow_prediction;staffing;bed_management,,False,
full_dynamic,1,mixed_163_high_stable_strained_open,patient_risk;flow_prediction;staffing;bed_management,,False,
full_dynamic,1,mixed_164_critical_stable_strained_open,patient_risk;flow_prediction;staffing;bed_management,,False,
full_dynamic,1,mixed_165_low_isolated_high_strained_open,patient_risk;flow_prediction;staffing;bed_management,,False,
full_dynamic,1,mixed_166_moderate_isolated_high_strained_open,patient_risk;flow_prediction;staffing;bed_management,,False,
full_dynamic,1,mixed_167_high_isolated_high_strained_open,patient_risk;flow_prediction;staffing;bed_management,,False,
full_dynamic,1,mixed_168_high_isolated_high_critical_open,patient_risk;flow_prediction;staffing;bed_management,,False,
full_dynamic,1,mixed_169_low_isolated_critical_strained_open,patient_risk;flow_prediction;staffing;bed_management,,False,
full_dynamic,1,mixed_170_moderate_isolated_critical_critical_open,patient_risk;flow_prediction;staffing;bed_management,,False,
full_dynamic,1,mixed_171_critical_isolated_critical_strained_open,patient_risk;flow_prediction;staffing;bed_management,,False,
full_dynamic,1,mixed_172_critical_isolated_critical_strained_open,patient_risk;flow_prediction;staffing;bed_management,,False,
full_dynamic,1,mixed_173_low_multi_risk_strained_open,patient_risk;flow_prediction;staffing;bed_management,,False,
full_dynamic,1,mixed_174_moderate_multi_risk_strained_open,patient_risk;flow_prediction;staffing;bed_management,,False,
full_dynamic,2,critical_congestion_with_sepsis,patient_risk;flow_prediction;staffing;bed_management,,False,
full_dynamic,2,stable_day_shift,patient_risk;flow_prediction;staffing;bed_management,,False,
full_dynamic,2,isolated_high_risk_patient,patient_risk;flow_prediction;staffing;bed_management,,False,
full_dynamic,2,staffing_crunch,patient_risk;flow_prediction;staffing;bed_management,,False,
full_dynamic,2,bed_block,patient_risk;flow_prediction;staffing;bed_management,,False,
full_dynamic,2,queue_overload,patient_risk;flow_prediction;staffing;bed_management,,False,
full_dynamic,2,mixed_001_low_stable_adequate_open,patient_risk;flow_prediction;bed_management,staffing,False,
full_dynamic,2,mixed_002_moderate_stable_adequate_open,patient_risk;flow_prediction;staffing;bed_management,,False,
full_dynamic,2,mixed_003_high_stable_adequate_open,patient_risk;flow_prediction;staffing;bed_management,,False,
full_dynamic,2,mixed_004_critical_stable_adequate_open,patient_risk;flow_prediction;staffing;bed_management,,False,
full_dynamic,2,mixed_005_low_isolated_high_adequate_open,patient_risk;flow_prediction;staffing;bed_management,,False,
full_dynamic,2,mixed_006_moderate_isolated_high_critical_open,patient_risk;flow_prediction;staffing;bed_management,,False,
full_dynamic,2,mixed_007_low_isolated_high_adequate_open,patient_risk;flow_prediction;staffing;bed_management,,False,
full_dynamic,2,mixed_008_critical_isolated_high_adequate_open,patient_risk;flow_prediction;staffing;bed_management,,False,
full_dynamic,2,mixed_009_low_isolated_critical_adequate_open,patient_risk;flow_prediction;bed_management,staffing,False,
full_dynamic,2,mixed_010_moderate_isolated_critical_adequate_open,patient_risk;flow_prediction;staffing;bed_management,,False,
full_dynamic,2,mixed_011_high_isolated_critical_adequate_critical,patient_risk;flow_prediction;staffing;bed_management,,False,
full_dynamic,2,mixed_012_critical_isolated_critical_adequate_open,patient_risk;flow_prediction;bed_management,staffing,False,
full_dynamic,2,mixed_013_low_multi_risk_adequate_open,patient_risk;flow_prediction;staffing;bed_management,,False,
full_dynamic,2,mixed_014_moderate_multi_risk_adequate_open,patient_risk;flow_prediction;staffing;bed_management,,False,
full_dynamic,2,mixed_015_high_multi_risk_adequate_open,patient_risk;flow_prediction;staffing;bed_management,,False,
full_dynamic,2,mixed_016_critical_multi_risk_adequate_open,patient_risk;flow_prediction;bed_management,staffing,False,
full_dynamic,2,mixed_017_low_stable_strained_open,patient_risk;flow_prediction;staffing;bed_management,,False,
full_dynamic,2,mixed_018_moderate_stable_strained_open,patient_risk;flow_prediction;staffing;bed_management,,False,
full_dynamic,2,mixed_019_high_stable_strained_open,patient_risk;flow_prediction;staffing;bed_management,,False,
full_dynamic,2,mixed_020_critical_stable_strained_open,patient_risk;flow_prediction;staffing;bed_management,,False,
full_dynamic,2,mixed_021_low_isolated_high_strained_open,patient_risk;flow_prediction;staffing;bed_management,,False,
full_dynamic,2,mixed_022_moderate_isolated_high_strained_open,patient_risk;flow_prediction;staffing;bed_management,,False,
full_dynamic,2,mixed_023_high_isolated_high_strained_open,patient_risk;flow_prediction;staffing;bed_management,,False,
full_dynamic,2,mixed_024_critical_isolated_high_strained_open,patient_risk;flow_prediction;staffing;bed_management,,False,
full_dynamic,2,mixed_025_low_isolated_critical_strained_open,patient_risk;flow_prediction;staffing;bed_management,,False,
full_dynamic,2,mixed_026_moderate_isolated_critical_strained_open,patient_risk;flow_prediction;staffing;bed_management,,False,
full_dynamic,2,mixed_027_moderate_isolated_critical_strained_open,patient_risk;flow_prediction;staffing;bed_management,,False,
full_dynamic,2,mixed_028_moderate_isolated_critical_strained_open,patient_risk;flow_prediction;staffing;bed_management,,False,
full_dynamic,2,mixed_029_low_multi_risk_strained_open,patient_risk;flow_prediction;bed_management,staffing,False,
full_dynamic,2,mixed_030_moderate_multi_risk_strained_open,patient_risk;flow_prediction;staffing;bed_management,,False,
full_dynamic,2,mixed_031_critical_multi_risk_strained_open,patient_risk;flow_prediction;staffing;bed_management,,False,
full_dynamic,2,mixed_032_critical_multi_risk_strained_open,patient_risk;flow_prediction;staffing;bed_management,,False,
full_dynamic,2,mixed_033_low_stable_critical_open,patient_risk;flow_prediction;staffing;bed_management,,False,
full_dynamic,2,mixed_034_moderate_stable_critical_open,patient_risk;flow_prediction;staffing;bed_management,,False,
full_dynamic,2,mixed_035_high_stable_critical_open,patient_risk;flow_prediction;staffing;bed_management,,False,
full_dynamic,2,mixed_036_critical_stable_critical_open,patient_risk;flow_prediction;staffing;bed_management,,False,
full_dynamic,2,mixed_037_low_isolated_high_critical_open,patient_risk;flow_prediction;staffing;bed_management,,False,
full_dynamic,2,mixed_038_moderate_isolated_high_strained_open,patient_risk;flow_prediction;staffing;bed_management,,False,
full_dynamic,2,mixed_039_high_isolated_high_critical_open,patient_risk;flow_prediction;staffing;bed_management,,False,
full_dynamic,2,mixed_040_critical_isolated_high_critical_critical,patient_risk;flow_prediction;staffing;bed_management,,False,
full_dynamic,2,mixed_041_low_isolated_critical_critical_open,patient_risk;flow_prediction;staffing;bed_management,,False,
full_dynamic,2,mixed_042_low_isolated_critical_critical_open,patient_risk;flow_prediction;staffing;bed_management,,False,
full_dynamic,2,mixed_043_high_isolated_critical_critical_open,patient_risk;flow_prediction;staffing;bed_management,,False,
full_dynamic,2,mixed_044_critical_isolated_critical_critical_open,patient_risk;flow_prediction;staffing;bed_management,,False,
full_dynamic,2,mixed_045_low_multi_risk_critical_tight,patient_risk;flow_prediction;staffing;bed_management,,False,
full_dynamic,2,mixed_046_low_multi_risk_critical_open,patient_risk;flow_prediction;staffing;bed_management,,False,
full_dynamic,2,mixed_047_high_multi_risk_adequate_open,patient_risk;flow_prediction;staffing;bed_management,,False,
full_dynamic,2,mixed_048_moderate_multi_risk_critical_open,patient_risk;flow_prediction;staffing;bed_management,,False,
full_dynamic,2,mixed_049_critical_stable_adequate_critical,patient_risk;flow_prediction;staffing;bed_management,,False,
full_dynamic,2,mixed_050_moderate_stable_adequate_critical,patient_risk;flow_prediction;staffing;bed_management,,False,
full_dynamic,2,mixed_051_high_stable_adequate_tight,patient_risk;flow_prediction;staffing;bed_management,,False,
full_dynamic,2,mixed_052_critical_stable_adequate_tight,patient_risk;flow_prediction;staffing;bed_management,,False,
full_dynamic,2,mixed_053_low_isolated_high_adequate_tight,patient_risk;flow_prediction;staffing;bed_management,,False,
full_dynamic,2,mixed_054_moderate_isolated_high_adequate_tight,patient_risk;flow_prediction;staffing;bed_management,,False,
full_dynamic,2,mixed_055_high_isolated_high_strained_tight,patient_risk;flow_prediction;staffing;bed_management,,False,
full_dynamic,2,mixed_056_critical_isolated_high_adequate_tight,patient_risk;flow_prediction;staffing;bed_management,,False,
full_dynamic,2,mixed_057_low_isolated_critical_adequate_tight,patient_risk;flow_prediction;staffing;bed_management,,False,
full_dynamic,2,mixed_058_moderate_isolated_critical_adequate_tight,patient_risk;flow_prediction;staffing;bed_management,,False,
full_dynamic,2,mixed_059_high_isolated_critical_adequate_open,patient_risk;flow_prediction;staffing;bed_management,,False,
full_dynamic,2,mixed_060_critical_isolated_critical_adequate_tight,patient_risk;flow_prediction;staffing;bed_management,,False,
full_dynamic,2,mixed_061_low_multi_risk_adequate_tight,patient_risk;flow_prediction;staffing;bed_management,,False,
full_dynamic,2,mixed_062_moderate_multi_risk_adequate_tight,patient_risk;flow_prediction;staffing;bed_management,,False,
full_dynamic,2,mixed_063_high_multi_risk_adequate_open,patient_risk;flow_prediction;staffing;bed_management,,False,
full_dynamic,2,mixed_064_critical_multi_risk_adequate_tight,patient_risk;flow_prediction;staffing;bed_management,,False,
full_dynamic,2,mixed_065_low_stable_critical_tight,patient_risk;flow_prediction;staffing;bed_management,,False,
full_dynamic,2,mixed_066_moderate_stable_strained_tight,patient_risk;flow_prediction;staffing;bed_management,,False,
full_dynamic,2,mixed_067_high_stable_critical_tight,patient_risk;flow_prediction;staffing;bed_management,,False,
full_dynamic,2,mixed_068_critical_stable_strained_tight,patient_risk;flow_prediction;staffing;bed_management,,False,
full_dynamic,2,mixed_069_low_isolated_high_strained_tight,patient_risk;flow_prediction;staffing;bed_management,,False,
full_dynamic,2,mixed_070_moderate_isolated_high_strained_tight,patient_risk;flow_prediction;staffing;bed_management,,False,
full_dynamic,2,mixed_071_high_isolated_high_strained_tight,patient_risk;flow_prediction;bed_management,staffing,False,
full_dynamic,2,mixed_072_critical_isolated_high_strained_tight,patient_risk;flow_prediction;staffing;bed_management,,False,
full_dynamic,2,mixed_073_critical_isolated_critical_strained_open,patient_risk;flow_prediction;staffing;bed_management,,False,
full_dynamic,2,mixed_074_moderate_isolated_critical_strained_critical,patient_risk;flow_prediction;staffing;bed_management,,False,
full_dynamic,2,mixed_075_high_isolated_critical_strained_open,patient_risk;flow_prediction;staffing;bed_management,,False,
full_dynamic,2,mixed_076_critical_isolated_critical_strained_tight,patient_risk;flow_prediction;staffing;bed_management,,False,
full_dynamic,2,mixed_077_low_multi_risk_strained_tight,patient_risk;flow_prediction;staffing;bed_management,,False,
full_dynamic,2,mixed_078_moderate_multi_risk_strained_tight,patient_risk;flow_prediction;staffing;bed_management,,False,
full_dynamic,2,mixed_079_high_multi_risk_adequate_tight,patient_risk;flow_prediction;staffing;bed_management,,False,
full_dynamic,2,mixed_080_critical_multi_risk_strained_tight,patient_risk;flow_prediction;staffing;bed_management,,False,
full_dynamic,2,mixed_081_moderate_stable_strained_critical,patient_risk;flow_prediction;bed_management;staffing,,False,
full_dynamic,2,mixed_082_moderate_stable_critical_tight,patient_risk;flow_prediction;staffing;bed_management,,False,
full_dynamic,2,mixed_083_high_stable_adequate_tight,patient_risk;flow_prediction;staffing;bed_management,,False,
full_dynamic,2,mixed_084_high_stable_critical_tight,patient_risk;flow_prediction;staffing;bed_management,,False,
full_dynamic,2,mixed_085_low_isolated_high_critical_tight,patient_risk;flow_prediction;staffing;bed_management,,False,
full_dynamic,2,mixed_086_moderate_isolated_high_critical_critical,patient_risk;flow_prediction;staffing;bed_management,,False,
full_dynamic,2,mixed_087_high_isolated_high_strained_tight,patient_risk;flow_prediction;staffing;bed_management,,False,
full_dynamic,2,mixed_088_low_isolated_high_critical_tight,patient_risk;flow_prediction;staffing;bed_management,,False,
full_dynamic,2,mixed_089_low_isolated_critical_critical_tight,patient_risk;flow_prediction;staffing;bed_management,,False,
full_dynamic,2,mixed_090_moderate_isolated_critical_adequate_tight,patient_risk;flow_prediction;staffing;bed_management,,False,
full_dynamic,2,mixed_091_high_isolated_critical_critical_tight,patient_risk;flow_prediction;staffing;bed_management,,False,
full_dynamic,2,mixed_092_critical_isolated_critical_adequate_open,patient_risk;flow_prediction;staffing;bed_management,,False,
full_dynamic,2,mixed_093_low_multi_risk_critical_tight,patient_risk;flow_prediction;staffing;bed_management,,False,
full_dynamic,2,mixed_094_moderate_multi_risk_critical_tight,patient_risk;flow_prediction;staffing;bed_management,,False,
full_dynamic,2,mixed_095_high_multi_risk_critical_tight,patient_risk;flow_prediction;staffing;bed_management,,False,
full_dynamic,2,mixed_096_critical_multi_risk_critical_open,patient_risk;flow_prediction;staffing;bed_management,,False,
full_dynamic,2,mixed_097_low_stable_adequate_critical,patient_risk;flow_prediction;staffing;bed_management,,False,
full_dynamic,2,mixed_098_moderate_stable_strained_tight,patient_risk;flow_prediction;staffing;bed_management,,False,
full_dynamic,2,mixed_099_critical_stable_adequate_critical,patient_risk;flow_prediction;staffing;bed_management,,False,
full_dynamic,2,mixed_100_critical_stable_adequate_critical,patient_risk;flow_prediction;staffing;bed_management,,False,
full_dynamic,2,mixed_101_low_isolated_high_adequate_tight,patient_risk;flow_prediction;staffing;bed_management,,False,
full_dynamic,2,mixed_102_moderate_isolated_high_adequate_critical,patient_risk;flow_prediction;staffing;bed_management,,False,
full_dynamic,2,mixed_103_high_isolated_high_adequate_critical,patient_risk;flow_prediction;staffing;bed_management,,False,
full_dynamic,2,mixed_104_critical_isolated_high_adequate_critical,patient_risk;flow_prediction;staffing;bed_management,,False,
full_dynamic,2,mixed_105_low_isolated_critical_adequate_critical,patient_risk;flow_prediction;bed_management;staffing,,False,
full_dynamic,2,mixed_106_moderate_isolated_critical_adequate_critical,patient_risk;flow_prediction;staffing;bed_management,,False,
full_dynamic,2,mixed_107_moderate_isolated_critical_adequate_critical,patient_risk;flow_prediction;staffing;bed_management,,False,
full_dynamic,2,mixed_108_critical_isolated_critical_adequate_critical,patient_risk;flow_prediction;staffing;bed_management,,False,
full_dynamic,2,mixed_109_moderate_multi_risk_adequate_critical,patient_risk;flow_prediction;staffing;bed_management,,False,
full_dynamic,2,mixed_110_moderate_multi_risk_adequate_critical,patient_risk;flow_prediction;staffing;bed_management,,False,
full_dynamic,2,mixed_111_low_multi_risk_adequate_critical,patient_risk;flow_prediction;staffing;bed_management,,False,
full_dynamic,2,mixed_112_critical_multi_risk_critical_tight,patient_risk;flow_prediction;staffing;bed_management,,False,
full_dynamic,2,mixed_113_low_stable_strained_critical,patient_risk;flow_prediction;bed_management,staffing,False,
full_dynamic,2,mixed_114_moderate_stable_strained_critical,patient_risk;flow_prediction;staffing;bed_management,,False,
full_dynamic,2,mixed_115_high_stable_strained_critical,patient_risk;flow_prediction;staffing;bed_management,,False,
full_dynamic,2,mixed_116_critical_stable_strained_critical,patient_risk;flow_prediction;staffing;bed_management,,False,
full_dynamic,2,mixed_117_high_isolated_high_strained_critical,patient_risk;flow_prediction;staffing;bed_management,,False,
full_dynamic,2,mixed_118_moderate_isolated_high_adequate_critical,patient_risk;flow_prediction;bed_management;staffing,,False,
full_dynamic,2,mixed_119_high_isolated_high_adequate_critical,patient_risk;flow_prediction;staffing;bed_management,,False,
full_dynamic,2,mixed_120_low_isolated_high_strained_critical,patient_risk;flow_prediction;staffing;bed_management,,False,
full_dynamic,2,mixed_121_low_isolated_critical_strained_critical,patient_risk;flow_prediction;staffing;bed_management,,False,
full_dynamic,2,mixed_122_moderate_isolated_critical_strained_critical,patient_risk;flow_prediction;staffing;bed_management,,False,
full_dynamic,2,mixed_123_high_isolated_critical_strained_critical,patient_risk;flow_prediction;staffing;bed_management,,False,
full_dynamic,2,mixed_124_moderate_isolated_critical_strained_tight,patient_risk;flow_prediction;staffing;bed_management,,False,
full_dynamic,2,mixed_125_low_multi_risk_strained_critical,patient_risk;flow_prediction;staffing;bed_management,,False,
full_dynamic,2,mixed_126_low_multi_risk_strained_critical,patient_risk;flow_prediction;staffing;bed_management,,False,
full_dynamic,2,mixed_127_high_multi_risk_strained_critical,patient_risk;flow_prediction;staffing;bed_management,,False,
full_dynamic,2,mixed_128_moderate_multi_risk_strained_critical,patient_risk;flow_prediction;staffing;bed_management,,False,
full_dynamic,2,mixed_129_low_stable_critical_tight,patient_risk;flow_prediction;staffing;bed_management,,False,
full_dynamic,2,mixed_130_moderate_stable_critical_critical,patient_risk;flow_prediction;staffing;bed_management,,False,
full_dynamic,2,mixed_131_moderate_stable_critical_critical,patient_risk;flow_prediction;staffing;bed_management,,False,
full_dynamic,2,mixed_132_low_stable_critical_critical,patient_risk;flow_prediction;staffing;bed_management,,False,
full_dynamic,2,mixed_133_low_isolated_high_critical_critical,patient_risk;flow_prediction;staffing;bed_management,,False,
full_dynamic,2,mixed_134_moderate_isolated_high_critical_critical,patient_risk;flow_prediction;staffing;bed_management,,False,
full_dynamic,2,mixed_135_high_isolated_high_critical_critical,patient_risk;flow_prediction;staffing;bed_management,,False,
full_dynamic,2,mixed_136_critical_isolated_high_critical_critical,patient_risk;flow_prediction;staffing;bed_management,,False,
full_dynamic,2,mixed_137_high_isolated_critical_critical_critical,patient_risk;flow_prediction;staffing;bed_management,,False,
full_dynamic,2,mixed_138_low_isolated_critical_critical_critical,patient_risk;flow_prediction;staffing;bed_management,,False,
full_dynamic,2,mixed_139_low_isolated_critical_critical_critical,patient_risk;flow_prediction;staffing;bed_management,,False,
full_dynamic,2,mixed_140_critical_isolated_critical_critical_critical,patient_risk;flow_prediction;staffing;bed_management,,False,
full_dynamic,2,mixed_141_critical_multi_risk_strained_critical,patient_risk;flow_prediction;staffing;bed_management,,False,
full_dynamic,2,mixed_142_moderate_multi_risk_adequate_critical,patient_risk;flow_prediction;staffing;bed_management,,False,
full_dynamic,2,mixed_143_high_multi_risk_adequate_open,patient_risk;flow_prediction,staffing;bed_management,False,
full_dynamic,2,mixed_144_critical_multi_risk_critical_critical,patient_risk;flow_prediction;staffing;bed_management,,False,
full_dynamic,2,mixed_145_low_stable_adequate_open,patient_risk;flow_prediction;staffing;bed_management,,False,
full_dynamic,2,mixed_146_moderate_stable_adequate_open,patient_risk;flow_prediction;staffing;bed_management,,False,
full_dynamic,2,mixed_147_high_stable_adequate_open,patient_risk;flow_prediction;staffing;bed_management,,False,
full_dynamic,2,mixed_148_critical_stable_adequate_open,patient_risk;flow_prediction;staffing;bed_management,,False,
full_dynamic,2,mixed_149_low_isolated_high_adequate_open,patient_risk;flow_prediction;staffing;bed_management,,False,
full_dynamic,2,mixed_150_moderate_isolated_high_adequate_open,patient_risk;flow_prediction;staffing;bed_management,,False,
full_dynamic,2,mixed_151_high_isolated_high_adequate_open,patient_risk;flow_prediction;staffing;bed_management,,False,
full_dynamic,2,mixed_152_critical_isolated_high_adequate_open,patient_risk;flow_prediction;staffing;bed_management,,False,
full_dynamic,2,mixed_153_low_isolated_critical_adequate_open,patient_risk;flow_prediction;bed_management,staffing,False,
full_dynamic,2,mixed_154_moderate_isolated_critical_adequate_open,patient_risk;flow_prediction;bed_management,staffing,False,
full_dynamic,2,mixed_155_high_isolated_critical_adequate_open,patient_risk;flow_prediction;staffing;bed_management,,False,
full_dynamic,2,mixed_156_critical_isolated_critical_adequate_open,patient_risk;flow_prediction;staffing;bed_management,,False,
full_dynamic,2,mixed_157_low_multi_risk_adequate_open,patient_risk;flow_prediction;staffing;bed_management,,False,
full_dynamic,2,mixed_158_high_multi_risk_critical_open,patient_risk;flow_prediction;staffing;bed_management,,False,
full_dynamic,2,mixed_159_high_multi_risk_adequate_open,patient_risk;flow_prediction;staffing;bed_management,,False,
full_dynamic,2,mixed_160_critical_multi_risk_adequate_open,patient_risk;flow_prediction;staffing;bed_management,,False,
full_dynamic,2,mixed_161_moderate_stable_strained_open,patient_risk;flow_prediction;staffing,bed_management,False,
full_dynamic,2,mixed_162_moderate_stable_adequate_open,patient_risk;flow_prediction;staffing;bed_management,,False,
full_dynamic,2,mixed_163_high_stable_strained_open,patient_risk;flow_prediction;staffing;bed_management,,False,
full_dynamic,2,mixed_164_critical_stable_strained_open,patient_risk;flow_prediction;staffing;bed_management,,False,
full_dynamic,2,mixed_165_low_isolated_high_strained_open,patient_risk;flow_prediction;staffing;bed_management,,False,
full_dynamic,2,mixed_166_moderate_isolated_high_strained_open,patient_risk;flow_prediction;staffing;bed_management,,False,
full_dynamic,2,mixed_167_high_isolated_high_strained_open,patient_risk;flow_prediction;staffing,bed_management,False,
full_dynamic,2,mixed_168_high_isolated_high_critical_open,patient_risk;flow_prediction;staffing;bed_management,,False,
full_dynamic,2,mixed_169_low_isolated_critical_strained_open,patient_risk;flow_prediction;staffing;bed_management,,False,
full_dynamic,2,mixed_170_moderate_isolated_critical_critical_open,patient_risk;flow_prediction;staffing;bed_management,,False,
full_dynamic,2,mixed_171_critical_isolated_critical_strained_open,patient_risk;flow_prediction;staffing;bed_management,,False,
full_dynamic,2,mixed_172_critical_isolated_critical_strained_open,patient_risk;flow_prediction;staffing;bed_management,,False,
full_dynamic,2,mixed_173_low_multi_risk_strained_open,patient_risk;flow_prediction;staffing;bed_management,,False,
full_dynamic,2,mixed_174_moderate_multi_risk_strained_open,patient_risk;flow_prediction;staffing;bed_management,,False,
full_dynamic,3,critical_congestion_with_sepsis,patient_risk;flow_prediction;staffing;bed_management,,False,
full_dynamic,3,stable_day_shift,patient_risk;flow_prediction;staffing;bed_management,,False,
full_dynamic,3,isolated_high_risk_patient,patient_risk;flow_prediction;staffing;bed_management,,False,
full_dynamic,3,staffing_crunch,patient_risk;flow_prediction;staffing;bed_management,,False,
full_dynamic,3,bed_block,patient_risk;flow_prediction;staffing;bed_management,,False,
full_dynamic,3,queue_overload,patient_risk;flow_prediction;staffing;bed_management,,False,
full_dynamic,3,mixed_001_low_stable_adequate_open,patient_risk;flow_prediction;staffing,bed_management,False,
full_dynamic,3,mixed_002_moderate_stable_adequate_open,patient_risk;flow_prediction;staffing;bed_management,,False,
full_dynamic,3,mixed_003_high_stable_adequate_open,patient_risk;flow_prediction;bed_management,staffing,False,
full_dynamic,3,mixed_004_critical_stable_adequate_open,patient_risk;flow_prediction;staffing;bed_management,,False,
full_dynamic,3,mixed_005_low_isolated_high_adequate_open,patient_risk;flow_prediction;staffing;bed_management,,False,
full_dynamic,3,mixed_006_moderate_isolated_high_critical_open,patient_risk;flow_prediction;staffing;bed_management,,False,
full_dynamic,3,mixed_007_low_isolated_high_adequate_open,patient_risk;flow_prediction;bed_management,staffing,False,
full_dynamic,3,mixed_008_critical_isolated_high_adequate_open,patient_risk;flow_prediction;staffing;bed_management,,False,
full_dynamic,3,mixed_009_low_isolated_critical_adequate_open,patient_risk;flow_prediction;staffing;bed_management,,False,
full_dynamic,3,mixed_010_moderate_isolated_critical_adequate_open,patient_risk;flow_prediction;staffing;bed_management,,False,
full_dynamic,3,mixed_011_high_isolated_critical_adequate_critical,patient_risk;flow_prediction;staffing;bed_management,,False,
full_dynamic,3,mixed_012_critical_isolated_critical_adequate_open,patient_risk;flow_prediction;staffing;bed_management,,False,
full_dynamic,3,mixed_013_low_multi_risk_adequate_open,patient_risk;flow_prediction;staffing;bed_management,,False,
full_dynamic,3,mixed_014_moderate_multi_risk_adequate_open,patient_risk;flow_prediction;staffing;bed_management,,False,
full_dynamic,3,mixed_015_high_multi_risk_adequate_open,patient_risk;flow_prediction;staffing;bed_management,,False,
full_dynamic,3,mixed_016_critical_multi_risk_adequate_open,patient_risk;flow_prediction;staffing;bed_management,,False,
full_dynamic,3,mixed_017_low_stable_strained_open,patient_risk;flow_prediction;staffing;bed_management,,False,
full_dynamic,3,mixed_018_moderate_stable_strained_open,patient_risk;flow_prediction;staffing;bed_management,,False,
full_dynamic,3,mixed_019_high_stable_strained_open,patient_risk;flow_prediction;staffing;bed_management,,False,
full_dynamic,3,mixed_020_critical_stable_strained_open,patient_risk;flow_prediction;staffing;bed_management,,False,
full_dynamic,3,mixed_021_low_isolated_high_strained_open,patient_risk;flow_prediction;staffing;bed_management,,False,
full_dynamic,3,mixed_022_moderate_isolated_high_strained_open,patient_risk;flow_prediction;staffing;bed_management,,False,
full_dynamic,3,mixed_023_high_isolated_high_strained_open,patient_risk;flow_prediction;staffing;bed_management,,False,
full_dynamic,3,mixed_024_critical_isolated_high_strained_open,patient_risk;flow_prediction;staffing;bed_management,,False,
full_dynamic,3,mixed_025_low_isolated_critical_strained_open,patient_risk;flow_prediction;staffing;bed_management,,False,
full_dynamic,3,mixed_026_moderate_isolated_critical_strained_open,patient_risk;flow_prediction;staffing;bed_management,,False,
full_dynamic,3,mixed_027_moderate_isolated_critical_strained_open,patient_risk;flow_prediction;staffing;bed_management,,False,
full_dynamic,3,mixed_028_moderate_isolated_critical_strained_open,patient_risk;flow_prediction;staffing;bed_management,,False,
full_dynamic,3,mixed_029_low_multi_risk_strained_open,patient_risk;flow_prediction;staffing;bed_management,,False,
full_dynamic,3,mixed_030_moderate_multi_risk_strained_open,patient_risk;flow_prediction;staffing;bed_management,,False,
full_dynamic,3,mixed_031_critical_multi_risk_strained_open,patient_risk;flow_prediction;staffing;bed_management,,False,
full_dynamic,3,mixed_032_critical_multi_risk_strained_open,patient_risk;flow_prediction;staffing;bed_management,,False,
full_dynamic,3,mixed_033_low_stable_critical_open,patient_risk;flow_prediction;staffing;bed_management,,False,
full_dynamic,3,mixed_034_moderate_stable_critical_open,patient_risk;flow_prediction;staffing;bed_management,,False,
full_dynamic,3,mixed_035_high_stable_critical_open,patient_risk;flow_prediction;staffing;bed_management,,False,
full_dynamic,3,mixed_036_critical_stable_critical_open,patient_risk;flow_prediction;staffing;bed_management,,False,
full_dynamic,3,mixed_037_low_isolated_high_critical_open,patient_risk;flow_prediction;staffing;bed_management,,False,
full_dynamic,3,mixed_038_moderate_isolated_high_strained_open,patient_risk;flow_prediction;staffing;bed_management,,False,
full_dynamic,3,mixed_039_high_isolated_high_critical_open,patient_risk;flow_prediction;staffing;bed_management,,False,
full_dynamic,3,mixed_040_critical_isolated_high_critical_critical,patient_risk;flow_prediction;staffing;bed_management,,False,
full_dynamic,3,mixed_041_low_isolated_critical_critical_open,patient_risk;flow_prediction;staffing;bed_management,,False,
full_dynamic,3,mixed_042_low_isolated_critical_critical_open,patient_risk;flow_prediction;staffing;bed_management,,False,
full_dynamic,3,mixed_043_high_isolated_critical_critical_open,patient_risk;flow_prediction;staffing;bed_management,,False,
full_dynamic,3,mixed_044_critical_isolated_critical_critical_open,patient_risk;flow_prediction;staffing;bed_management,,False,
full_dynamic,3,mixed_045_low_multi_risk_critical_tight,patient_risk;flow_prediction;staffing;bed_management,,False,
full_dynamic,3,mixed_046_low_multi_risk_critical_open,patient_risk;flow_prediction;staffing;bed_management,,False,
full_dynamic,3,mixed_047_high_multi_risk_adequate_open,patient_risk;flow_prediction;staffing;bed_management,,False,
full_dynamic,3,mixed_048_moderate_multi_risk_critical_open,patient_risk;flow_prediction;staffing;bed_management,,False,
full_dynamic,3,mixed_049_critical_stable_adequate_critical,patient_risk;flow_prediction;staffing;bed_management,,False,
full_dynamic,3,mixed_050_moderate_stable_adequate_critical,patient_risk;flow_prediction;staffing;bed_management,,False,
full_dynamic,3,mixed_051_high_stable_adequate_tight,patient_risk;flow_prediction;bed_management,staffing,False,
full_dynamic,3,mixed_052_critical_stable_adequate_tight,patient_risk;flow_prediction;staffing;bed_management,,False,
full_dynamic,3,mixed_053_low_isolated_high_adequate_tight,patient_risk;flow_prediction;staffing;bed_management,,False,
full_dynamic,3,mixed_054_moderate_isolated_high_adequate_tight,patient_risk;flow_prediction;staffing;bed_management,,False,
full_dynamic,3,mixed_055_high_isolated_high_strained_tight,patient_risk;flow_prediction;staffing;bed_management,,False,
full_dynamic,3,mixed_056_critical_isolated_high_adequate_tight,patient_risk;flow_prediction;staffing;bed_management,,False,
full_dynamic,3,mixed_057_low_isolated_critical_adequate_tight,patient_risk;flow_prediction;staffing;bed_management,,False,
full_dynamic,3,mixed_058_moderate_isolated_critical_adequate_tight,patient_risk;flow_prediction;staffing;bed_management,,False,
full_dynamic,3,mixed_059_high_isolated_critical_adequate_open,patient_risk;flow_prediction;staffing;bed_management,,False,
full_dynamic,3,mixed_060_critical_isolated_critical_adequate_tight,patient_risk;flow_prediction;staffing;bed_management,,False,
full_dynamic,3,mixed_061_low_multi_risk_adequate_tight,patient_risk;flow_prediction;staffing;bed_management,,False,
full_dynamic,3,mixed_062_moderate_multi_risk_adequate_tight,patient_risk;flow_prediction;staffing;bed_management,,False,
full_dynamic,3,mixed_063_high_multi_risk_adequate_open,patient_risk;flow_prediction;staffing;bed_management,,False,
full_dynamic,3,mixed_064_critical_multi_risk_adequate_tight,patient_risk;flow_prediction;staffing;bed_management,,False,
full_dynamic,3,mixed_065_low_stable_critical_tight,patient_risk;flow_prediction;staffing;bed_management,,False,
full_dynamic,3,mixed_066_moderate_stable_strained_tight,patient_risk;flow_prediction;staffing;bed_management,,False,
full_dynamic,3,mixed_067_high_stable_critical_tight,patient_risk;flow_prediction;staffing;bed_management,,False,
full_dynamic,3,mixed_068_critical_stable_strained_tight,patient_risk;flow_prediction;staffing;bed_management,,False,
full_dynamic,3,mixed_069_low_isolated_high_strained_tight,patient_risk;flow_prediction;staffing;bed_management,,False,
full_dynamic,3,mixed_070_moderate_isolated_high_strained_tight,patient_risk;flow_prediction;staffing;bed_management,,False,
full_dynamic,3,mixed_071_high_isolated_high_strained_tight,patient_risk;flow_prediction;bed_management;staffing,,False,
full_dynamic,3,mixed_072_critical_isolated_high_strained_tight,patient_risk;flow_prediction;staffing;bed_management,,False,
full_dynamic,3,mixed_073_critical_isolated_critical_strained_open,patient_risk;flow_prediction;staffing;bed_management,,False,
full_dynamic,3,mixed_074_moderate_isolated_critical_strained_critical,patient_risk;flow_prediction;staffing;bed_management,,False,
full_dynamic,3,mixed_075_high_isolated_critical_strained_open,patient_risk;flow_prediction;staffing;bed_management,,False,
full_dynamic,3,mixed_076_critical_isolated_critical_strained_tight,patient_risk;flow_prediction;staffing;bed_management,,False,
full_dynamic,3,mixed_077_low_multi_risk_strained_tight,patient_risk;flow_prediction;staffing;bed_management,,False,
full_dynamic,3,mixed_078_moderate_multi_risk_strained_tight,patient_risk;flow_prediction;staffing;bed_management,,False,
full_dynamic,3,mixed_079_high_multi_risk_adequate_tight,patient_risk;flow_prediction;bed_management,staffing,False,
full_dynamic,3,mixed_080_critical_multi_risk_strained_tight,patient_risk;flow_prediction;staffing;bed_management,,False,
full_dynamic,3,mixed_081_moderate_stable_strained_critical,patient_risk;flow_prediction;staffing;bed_management,,False,
full_dynamic,3,mixed_082_moderate_stable_critical_tight,patient_risk;flow_prediction;staffing;bed_management,,False,
full_dynamic,3,mixed_083_high_stable_adequate_tight,patient_risk;flow_prediction;staffing;bed_management,,False,
full_dynamic,3,mixed_084_high_stable_critical_tight,patient_risk;flow_prediction;staffing;bed_management,,False,
full_dynamic,3,mixed_085_low_isolated_high_critical_tight,patient_risk;flow_prediction;staffing;bed_management,,False,
full_dynamic,3,mixed_086_moderate_isolated_high_critical_critical,patient_risk;flow_prediction;staffing;bed_management,,False,
full_dynamic,3,mixed_087_high_isolated_high_strained_tight,patient_risk;flow_prediction;staffing;bed_management,,False,
full_dynamic,3,mixed_088_low_isolated_high_critical_tight,patient_risk;flow_prediction;staffing;bed_management,,False,
full_dynamic,3,mixed_089_low_isolated_critical_critical_tight,patient_risk;flow_prediction;staffing;bed_management,,False,
full_dynamic,3,mixed_090_moderate_isolated_critical_adequate_tight,patient_risk;flow_prediction;staffing;bed_management,,False,
full_dynamic,3,mixed_091_high_isolated_critical_critical_tight,patient_risk;flow_prediction;staffing;bed_management,,False,
full_dynamic,3,mixed_092_critical_isolated_critical_adequate_open,patient_risk;flow_prediction;staffing;bed_management,,False,
full_dynamic,3,mixed_093_low_multi_risk_critical_tight,patient_risk;flow_prediction;staffing;bed_management,,False,
full_dynamic,3,mixed_094_moderate_multi_risk_critical_tight,patient_risk;flow_prediction;staffing;bed_management,,False,
full_dynamic,3,mixed_095_high_multi_risk_critical_tight,patient_risk;flow_prediction;staffing;bed_management,,False,
full_dynamic,3,mixed_096_critical_multi_risk_critical_open,patient_risk;flow_prediction;staffing;bed_management,,False,
full_dynamic,3,mixed_097_low_stable_adequate_critical,patient_risk;flow_prediction;staffing;bed_management,,False,
full_dynamic,3,mixed_098_moderate_stable_strained_tight,patient_risk;flow_prediction;staffing;bed_management,,False,
full_dynamic,3,mixed_099_critical_stable_adequate_critical,patient_risk;flow_prediction;staffing;bed_management,,False,
full_dynamic,3,mixed_100_critical_stable_adequate_critical,patient_risk;flow_prediction;staffing;bed_management,,False,
full_dynamic,3,mixed_101_low_isolated_high_adequate_tight,patient_risk;flow_prediction;staffing;bed_management,,False,
full_dynamic,3,mixed_102_moderate_isolated_high_adequate_critical,patient_risk;flow_prediction;staffing;bed_management,,False,
full_dynamic,3,mixed_103_high_isolated_high_adequate_critical,patient_risk;flow_prediction;staffing;bed_management,,False,
full_dynamic,3,mixed_104_critical_isolated_high_adequate_critical,patient_risk;flow_prediction;staffing;bed_management,,False,
full_dynamic,3,mixed_105_low_isolated_critical_adequate_critical,patient_risk;flow_prediction;staffing;bed_management,,False,
full_dynamic,3,mixed_106_moderate_isolated_critical_adequate_critical,patient_risk;flow_prediction;staffing;bed_management,,False,
full_dynamic,3,mixed_107_moderate_isolated_critical_adequate_critical,patient_risk;flow_prediction;staffing;bed_management,,False,
full_dynamic,3,mixed_108_critical_isolated_critical_adequate_critical,patient_risk;flow_prediction;staffing;bed_management,,False,
full_dynamic,3,mixed_109_moderate_multi_risk_adequate_critical,patient_risk;flow_prediction;bed_management,staffing,False,
full_dynamic,3,mixed_110_moderate_multi_risk_adequate_critical,patient_risk;flow_prediction;staffing;bed_management,,False,
full_dynamic,3,mixed_111_low_multi_risk_adequate_critical,patient_risk;flow_prediction;staffing;bed_management,,False,
full_dynamic,3,mixed_112_critical_multi_risk_critical_tight,patient_risk;flow_prediction;staffing;bed_management,,False,
full_dynamic,3,mixed_113_low_stable_strained_critical,patient_risk;flow_prediction;staffing;bed_management,,False,
full_dynamic,3,mixed_114_moderate_stable_strained_critical,patient_risk;flow_prediction;staffing;bed_management,,False,
full_dynamic,3,mixed_115_high_stable_strained_critical,patient_risk;flow_prediction;staffing;bed_management,,False,
full_dynamic,3,mixed_116_critical_stable_strained_critical,patient_risk;flow_prediction;staffing;bed_management,,False,
full_dynamic,3,mixed_117_high_isolated_high_strained_critical,patient_risk;flow_prediction;staffing;bed_management,,False,
full_dynamic,3,mixed_118_moderate_isolated_high_adequate_critical,patient_risk;flow_prediction;staffing;bed_management,,False,
full_dynamic,3,mixed_119_high_isolated_high_adequate_critical,patient_risk;flow_prediction;staffing;bed_management,,False,
full_dynamic,3,mixed_120_low_isolated_high_strained_critical,patient_risk;flow_prediction;staffing;bed_management,,False,
full_dynamic,3,mixed_121_low_isolated_critical_strained_critical,patient_risk;flow_prediction;staffing;bed_management,,False,
full_dynamic,3,mixed_122_moderate_isolated_critical_strained_critical,patient_risk;flow_prediction;staffing;bed_management,,False,
full_dynamic,3,mixed_123_high_isolated_critical_strained_critical,patient_risk;flow_prediction;staffing;bed_management,,False,
full_dynamic,3,mixed_124_moderate_isolated_critical_strained_tight,patient_risk;flow_prediction;staffing;bed_management,,False,
full_dynamic,3,mixed_125_low_multi_risk_strained_critical,patient_risk;flow_prediction;staffing;bed_management,,False,
full_dynamic,3,mixed_126_low_multi_risk_strained_critical,patient_risk;flow_prediction;staffing;bed_management,,False,
full_dynamic,3,mixed_127_high_multi_risk_strained_critical,patient_risk;flow_prediction;staffing;bed_management,,False,
full_dynamic,3,mixed_128_moderate_multi_risk_strained_critical,patient_risk;flow_prediction;staffing;bed_management,,False,
full_dynamic,3,mixed_129_low_stable_critical_tight,patient_risk;flow_prediction;staffing;bed_management,,False,
full_dynamic,3,mixed_130_moderate_stable_critical_critical,patient_risk;flow_prediction;staffing;bed_management,,False,
full_dynamic,3,mixed_131_moderate_stable_critical_critical,patient_risk;flow_prediction;staffing;bed_management,,False,
full_dynamic,3,mixed_132_low_stable_critical_critical,patient_risk;flow_prediction;staffing;bed_management,,False,
full_dynamic,3,mixed_133_low_isolated_high_critical_critical,patient_risk;flow_prediction;staffing;bed_management,,False,
full_dynamic,3,mixed_134_moderate_isolated_high_critical_critical,patient_risk;flow_prediction;staffing;bed_management,,False,
full_dynamic,3,mixed_135_high_isolated_high_critical_critical,patient_risk;flow_prediction;staffing;bed_management,,False,
full_dynamic,3,mixed_136_critical_isolated_high_critical_critical,patient_risk;flow_prediction;staffing;bed_management,,False,
full_dynamic,3,mixed_137_high_isolated_critical_critical_critical,patient_risk;flow_prediction;staffing;bed_management,,False,
full_dynamic,3,mixed_138_low_isolated_critical_critical_critical,patient_risk;flow_prediction;staffing;bed_management,,False,
full_dynamic,3,mixed_139_low_isolated_critical_critical_critical,patient_risk;flow_prediction;staffing;bed_management,,False,
full_dynamic,3,mixed_140_critical_isolated_critical_critical_critical,patient_risk;flow_prediction;staffing;bed_management,,False,
full_dynamic,3,mixed_141_critical_multi_risk_strained_critical,patient_risk;flow_prediction;staffing;bed_management,,False,
full_dynamic,3,mixed_142_moderate_multi_risk_adequate_critical,patient_risk;flow_prediction;bed_management,staffing,False,
full_dynamic,3,mixed_143_high_multi_risk_adequate_open,patient_risk;flow_prediction;staffing;bed_management,,False,
full_dynamic,3,mixed_144_critical_multi_risk_critical_critical,patient_risk;flow_prediction;staffing;bed_management,,False,
full_dynamic,3,mixed_145_low_stable_adequate_open,patient_risk;flow_prediction;staffing;bed_management,,False,
full_dynamic,3,mixed_146_moderate_stable_adequate_open,patient_risk;flow_prediction;staffing;bed_management,,False,
full_dynamic,3,mixed_147_high_stable_adequate_open,patient_risk;flow_prediction;staffing;bed_management,,False,
full_dynamic,3,mixed_148_critical_stable_adequate_open,patient_risk;flow_prediction;staffing;bed_management,,False,
full_dynamic,3,mixed_149_low_isolated_high_adequate_open,patient_risk;flow_prediction;staffing;bed_management,,False,
full_dynamic,3,mixed_150_moderate_isolated_high_adequate_open,patient_risk;flow_prediction;staffing;bed_management,,False,
full_dynamic,3,mixed_151_high_isolated_high_adequate_open,patient_risk;flow_prediction;staffing;bed_management,,False,
full_dynamic,3,mixed_152_critical_isolated_high_adequate_open,patient_risk;flow_prediction;staffing;bed_management,,False,
full_dynamic,3,mixed_153_low_isolated_critical_adequate_open,patient_risk;flow_prediction;staffing;bed_management,,False,
full_dynamic,3,mixed_154_moderate_isolated_critical_adequate_open,patient_risk;flow_prediction;staffing;bed_management,,False,
full_dynamic,3,mixed_155_high_isolated_critical_adequate_open,patient_risk;flow_prediction;bed_management,staffing,False,
full_dynamic,3,mixed_156_critical_isolated_critical_adequate_open,patient_risk;flow_prediction;staffing;bed_management,,False,
full_dynamic,3,mixed_157_low_multi_risk_adequate_open,patient_risk;flow_prediction;staffing;bed_management,,False,
full_dynamic,3,mixed_158_high_multi_risk_critical_open,patient_risk;flow_prediction;staffing;bed_management,,False,
full_dynamic,3,mixed_159_high_multi_risk_adequate_open,patient_risk;flow_prediction;staffing;bed_management,,False,
full_dynamic,3,mixed_160_critical_multi_risk_adequate_open,patient_risk;flow_prediction;staffing;bed_management,,False,
full_dynamic,3,mixed_161_moderate_stable_strained_open,patient_risk;flow_prediction;staffing;bed_management,,False,
full_dynamic,3,mixed_162_moderate_stable_adequate_open,patient_risk;flow_prediction;staffing;bed_management,,False,
full_dynamic,3,mixed_163_high_stable_strained_open,patient_risk;flow_prediction;staffing;bed_management,,False,
full_dynamic,3,mixed_164_critical_stable_strained_open,patient_risk;flow_prediction;staffing;bed_management,,False,
full_dynamic,3,mixed_165_low_isolated_high_strained_open,patient_risk;flow_prediction;staffing;bed_management,,False,
full_dynamic,3,mixed_166_moderate_isolated_high_strained_open,patient_risk;flow_prediction;staffing;bed_management,,False,
full_dynamic,3,mixed_167_high_isolated_high_strained_open,patient_risk;flow_prediction;staffing;bed_management,,False,
full_dynamic,3,mixed_168_high_isolated_high_critical_open,patient_risk;flow_prediction;staffing;bed_management,,False,
full_dynamic,3,mixed_169_low_isolated_critical_strained_open,patient_risk;flow_prediction;staffing;bed_management,,False,
full_dynamic,3,mixed_170_moderate_isolated_critical_critical_open,patient_risk;flow_prediction;staffing;bed_management,,False,
full_dynamic,3,mixed_171_critical_isolated_critical_strained_open,patient_risk;flow_prediction;staffing;bed_management,,False,
full_dynamic,3,mixed_172_critical_isolated_critical_strained_open,patient_risk;flow_prediction;staffing;bed_management,,False,
full_dynamic,3,mixed_173_low_multi_risk_strained_open,patient_risk;flow_prediction;staffing;bed_management,,False,
full_dynamic,3,mixed_174_moderate_multi_risk_strained_open,patient_risk;flow_prediction;staffing;bed_management,,False,
full_dynamic,4,critical_congestion_with_sepsis,patient_risk;flow_prediction;staffing;bed_management,,False,
full_dynamic,4,stable_day_shift,patient_risk;flow_prediction;bed_management,staffing,False,
full_dynamic,4,isolated_high_risk_patient,patient_risk;flow_prediction;staffing;bed_management,,False,
full_dynamic,4,staffing_crunch,patient_risk;flow_prediction;staffing;bed_management,,False,
full_dynamic,4,bed_block,patient_risk;flow_prediction;staffing;bed_management,,False,
full_dynamic,4,queue_overload,patient_risk;flow_prediction;staffing;bed_management,,False,
full_dynamic,4,mixed_001_low_stable_adequate_open,patient_risk;flow_prediction;staffing;bed_management,,False,
full_dynamic,4,mixed_002_moderate_stable_adequate_open,patient_risk;flow_prediction;staffing;bed_management,,False,
full_dynamic,4,mixed_003_high_stable_adequate_open,patient_risk;flow_prediction;staffing;bed_management,,False,
full_dynamic,4,mixed_004_critical_stable_adequate_open,patient_risk;flow_prediction;staffing;bed_management,,False,
full_dynamic,4,mixed_005_low_isolated_high_adequate_open,patient_risk;flow_prediction;staffing;bed_management,,False,
full_dynamic,4,mixed_006_moderate_isolated_high_critical_open,patient_risk;flow_prediction;staffing;bed_management,,False,
full_dynamic,4,mixed_007_low_isolated_high_adequate_open,patient_risk;flow_prediction,staffing;bed_management,False,
full_dynamic,4,mixed_008_critical_isolated_high_adequate_open,patient_risk;flow_prediction;staffing;bed_management,,False,
full_dynamic,4,mixed_009_low_isolated_critical_adequate_open,patient_risk;flow_prediction;staffing;bed_management,,False,
full_dynamic,4,mixed_010_moderate_isolated_critical_adequate_open,patient_risk;flow_prediction;staffing;bed_management,,False,
full_dynamic,4,mixed_011_high_isolated_critical_adequate_critical,patient_risk;flow_prediction;bed_management;staffing,,False,
full_dynamic,4,mixed_012_critical_isolated_critical_adequate_open,patient_risk;flow_prediction;staffing;bed_management,,False,
full_dynamic,4,mixed_013_low_multi_risk_adequate_open,patient_risk;flow_prediction;staffing;bed_management,,False,
full_dynamic,4,mixed_014_moderate_multi_risk_adequate_open,patient_risk;flow_prediction;staffing;bed_management,,False,
full_dynamic,4,mixed_015_high_multi_risk_adequate_open,patient_risk;flow_prediction;staffing;bed_management,,False,
full_dynamic,4,mixed_016_critical_multi_risk_adequate_open,patient_risk;flow_prediction;staffing;bed_management,,False,
full_dynamic,4,mixed_017_low_stable_strained_open,patient_risk;flow_prediction;staffing;bed_management,,False,
full_dynamic,4,mixed_018_moderate_stable_strained_open,patient_risk;flow_prediction;staffing;bed_management,,False,
full_dynamic,4,mixed_019_high_stable_strained_open,patient_risk;flow_prediction;staffing;bed_management,,False,
full_dynamic,4,mixed_020_critical_stable_strained_open,patient_risk;flow_prediction;staffing;bed_management,,False,
full_dynamic,4,mixed_021_low_isolated_high_strained_open,patient_risk;flow_prediction;staffing;bed_management,,False,
full_dynamic,4,mixed_022_moderate_isolated_high_strained_open,patient_risk;flow_prediction;staffing;bed_management,,False,
full_dynamic,4,mixed_023_high_isolated_high_strained_open,patient_risk;flow_prediction;staffing;bed_management,,False,
full_dynamic,4,mixed_024_critical_isolated_high_strained_open,patient_risk;flow_prediction;staffing;bed_management,,False,
full_dynamic,4,mixed_025_low_isolated_critical_strained_open,patient_risk;flow_prediction;staffing;bed_management,,False,
full_dynamic,4,mixed_026_moderate_isolated_critical_strained_open,patient_risk;flow_prediction;staffing;bed_management,,False,
full_dynamic,4,mixed_027_moderate_isolated_critical_strained_open,patient_risk;flow_prediction;staffing;bed_management,,False,
full_dynamic,4,mixed_028_moderate_isolated_critical_strained_open,patient_risk;flow_prediction;staffing;bed_management,,False,
full_dynamic,4,mixed_029_low_multi_risk_strained_open,patient_risk;flow_prediction;staffing;bed_management,,False,
full_dynamic,4,mixed_030_moderate_multi_risk_strained_open,patient_risk;flow_prediction;staffing;bed_management,,False,
full_dynamic,4,mixed_031_critical_multi_risk_strained_open,patient_risk;flow_prediction;staffing;bed_management,,False,
full_dynamic,4,mixed_032_critical_multi_risk_strained_open,patient_risk;flow_prediction;staffing;bed_management,,False,
full_dynamic,4,mixed_033_low_stable_critical_open,patient_risk;flow_prediction;staffing;bed_management,,False,
full_dynamic,4,mixed_034_moderate_stable_critical_open,patient_risk;flow_prediction;staffing;bed_management,,False,
full_dynamic,4,mixed_035_high_stable_critical_open,patient_risk;flow_prediction;staffing;bed_management,,False,
full_dynamic,4,mixed_036_critical_stable_critical_open,patient_risk;flow_prediction;staffing;bed_management,,False,
full_dynamic,4,mixed_037_low_isolated_high_critical_open,patient_risk;flow_prediction;staffing;bed_management,,False,
full_dynamic,4,mixed_038_moderate_isolated_high_strained_open,patient_risk;flow_prediction;staffing;bed_management,,False,
full_dynamic,4,mixed_039_high_isolated_high_critical_open,patient_risk;flow_prediction;staffing;bed_management,,False,
full_dynamic,4,mixed_040_critical_isolated_high_critical_critical,patient_risk;flow_prediction;staffing;bed_management,,False,
full_dynamic,4,mixed_041_low_isolated_critical_critical_open,patient_risk;flow_prediction;staffing;bed_management,,False,
full_dynamic,4,mixed_042_low_isolated_critical_critical_open,patient_risk;flow_prediction;staffing;bed_management,,False,
full_dynamic,4,mixed_043_high_isolated_critical_critical_open,patient_risk;flow_prediction;staffing;bed_management,,False,
full_dynamic,4,mixed_044_critical_isolated_critical_critical_open,patient_risk;flow_prediction;staffing;bed_management,,False,
full_dynamic,4,mixed_045_low_multi_risk_critical_tight,patient_risk;flow_prediction;staffing;bed_management,,False,
full_dynamic,4,mixed_046_low_multi_risk_critical_open,patient_risk;flow_prediction;staffing;bed_management,,False,
full_dynamic,4,mixed_047_high_multi_risk_adequate_open,patient_risk;flow_prediction;staffing;bed_management,,False,
full_dynamic,4,mixed_048_moderate_multi_risk_critical_open,patient_risk;flow_prediction;staffing;bed_management,,False,
full_dynamic,4,mixed_049_critical_stable_adequate_critical,patient_risk;flow_prediction;staffing;bed_management,,False,
full_dynamic,4,mixed_050_moderate_stable_adequate_critical,patient_risk;flow_prediction;staffing;bed_management,,False,
full_dynamic,4,mixed_051_high_stable_adequate_tight,patient_risk;flow_prediction;staffing;bed_management,,False,
full_dynamic,4,mixed_052_critical_stable_adequate_tight,patient_risk;flow_prediction;staffing;bed_management,,False,
full_dynamic,4,mixed_053_low_isolated_high_adequate_tight,patient_risk;flow_prediction;staffing;bed_management,,False,
full_dynamic,4,mixed_054_moderate_isolated_high_adequate_tight,patient_risk;flow_prediction;staffing;bed_management,,False,
full_dynamic,4,mixed_055_high_isolated_high_strained_tight,patient_risk;flow_prediction;staffing;bed_management,,False,
full_dynamic,4,mixed_056_critical_isolated_high_adequate_tight,patient_risk;flow_prediction;staffing;bed_management,,False,
full_dynamic,4,mixed_057_low_isolated_critical_adequate_tight,patient_risk;flow_prediction;staffing;bed_management,,False,
full_dynamic,4,mixed_058_moderate_isolated_critical_adequate_tight,patient_risk;flow_prediction;staffing;bed_management,,False,
full_dynamic,4,mixed_059_high_isolated_critical_adequate_open,patient_risk;flow_prediction;staffing;bed_management,,False,
full_dynamic,4,mixed_060_critical_isolated_critical_adequate_tight,patient_risk;flow_prediction;staffing;bed_management,,False,
full_dynamic,4,mixed_061_low_multi_risk_adequate_tight,patient_risk;flow_prediction;staffing;bed_management,,False,
full_dynamic,4,mixed_062_moderate_multi_risk_adequate_tight,patient_risk;flow_prediction;staffing;bed_management,,False,
full_dynamic,4,mixed_063_high_multi_risk_adequate_open,patient_risk;flow_prediction;staffing,bed_management,False,
full_dynamic,4,mixed_064_critical_multi_risk_adequate_tight,patient_risk;flow_prediction;staffing;bed_management,,False,
full_dynamic,4,mixed_065_low_stable_critical_tight,patient_risk;flow_prediction;staffing;bed_management,,False,
full_dynamic,4,mixed_066_moderate_stable_strained_tight,patient_risk;flow_prediction;staffing;bed_management,,False,
full_dynamic,4,mixed_067_high_stable_critical_tight,patient_risk;flow_prediction;staffing;bed_management,,False,
full_dynamic,4,mixed_068_critical_stable_strained_tight,patient_risk;flow_prediction;staffing;bed_management,,False,
full_dynamic,4,mixed_069_low_isolated_high_strained_tight,patient_risk;flow_prediction;staffing;bed_management,,False,
full_dynamic,4,mixed_070_moderate_isolated_high_strained_tight,patient_risk;flow_prediction;staffing;bed_management,,False,
full_dynamic,4,mixed_071_high_isolated_high_strained_tight,patient_risk;flow_prediction;staffing;bed_management,,False,
full_dynamic,4,mixed_072_critical_isolated_high_strained_tight,patient_risk;flow_prediction;staffing;bed_management,,False,
full_dynamic,4,mixed_073_critical_isolated_critical_strained_open,patient_risk;flow_prediction;staffing;bed_management,,False,
full_dynamic,4,mixed_074_moderate_isolated_critical_strained_critical,patient_risk;flow_prediction;staffing;bed_management,,False,
full_dynamic,4,mixed_075_high_isolated_critical_strained_open,patient_risk;flow_prediction;staffing;bed_management,,False,
full_dynamic,4,mixed_076_critical_isolated_critical_strained_tight,patient_risk;flow_prediction;staffing;bed_management,,False,
full_dynamic,4,mixed_077_low_multi_risk_strained_tight,patient_risk;flow_prediction;staffing;bed_management,,False,
full_dynamic,4,mixed_078_moderate_multi_risk_strained_tight,patient_risk;flow_prediction;staffing;bed_management,,False,
full_dynamic,4,mixed_079_high_multi_risk_adequate_tight,patient_risk;flow_prediction;staffing;bed_management,,False,
full_dynamic,4,mixed_080_critical_multi_risk_strained_tight,patient_risk;flow_prediction;staffing;bed_management,,False,
full_dynamic,4,mixed_081_moderate_stable_strained_critical,patient_risk;flow_prediction;staffing;bed_management,,False,
full_dynamic,4,mixed_082_moderate_stable_critical_tight,patient_risk;flow_prediction;staffing;bed_management,,False,
full_dynamic,4,mixed_083_high_stable_adequate_tight,patient_risk;flow_prediction;staffing;bed_management,,False,
full_dynamic,4,mixed_084_high_stable_critical_tight,patient_risk;flow_prediction;staffing;bed_management,,False,
full_dynamic,4,mixed_085_low_isolated_high_critical_tight,patient_risk;flow_prediction;staffing;bed_management,,False,
full_dynamic,4,mixed_086_moderate_isolated_high_critical_critical,patient_risk;flow_prediction;staffing;bed_management,,False,
full_dynamic,4,mixed_087_high_isolated_high_strained_tight,patient_risk;flow_prediction;staffing;bed_management,,False,
full_dynamic,4,mixed_088_low_isolated_high_critical_tight,patient_risk;flow_prediction;staffing;bed_management,,False,
full_dynamic,4,mixed_089_low_isolated_critical_critical_tight,patient_risk;flow_prediction;staffing;bed_management,,False,
full_dynamic,4,mixed_090_moderate_isolated_critical_adequate_tight,patient_risk;flow_prediction;staffing;bed_management,,False,
full_dynamic,4,mixed_091_high_isolated_critical_critical_tight,patient_risk;flow_prediction;staffing;bed_management,,False,
full_dynamic,4,mixed_092_critical_isolated_critical_adequate_open,patient_risk;flow_prediction;staffing;bed_management,,False,
full_dynamic,4,mixed_093_low_multi_risk_critical_tight,patient_risk;flow_prediction;staffing;bed_management,,False,
full_dynamic,4,mixed_094_moderate_multi_risk_critical_tight,patient_risk;flow_prediction;staffing;bed_management,,False,
full_dynamic,4,mixed_095_high_multi_risk_critical_tight,patient_risk;flow_prediction;staffing;bed_management,,False,
full_dynamic,4,mixed_096_critical_multi_risk_critical_open,patient_risk;flow_prediction;staffing;bed_management,,False,
full_dynamic,4,mixed_097_low_stable_adequate_critical,patient_risk;flow_prediction;staffing;bed_management,,False,
full_dynamic,4,mixed_098_moderate_stable_strained_tight,patient_risk;flow_prediction;staffing;bed_management,,False,
full_dynamic,4,mixed_099_critical_stable_adequate_critical,patient_risk;flow_prediction;staffing;bed_management,,False,
full_dynamic,4,mixed_100_critical_stable_adequate_critical,patient_risk;flow_prediction;staffing;bed_management,,False,
full_dynamic,4,mixed_101_low_isolated_high_adequate_tight,patient_risk;flow_prediction;staffing;bed_management,,False,
full_dynamic,4,mixed_102_moderate_isolated_high_adequate_critical,patient_risk;flow_prediction;staffing;bed_management,,False,
full_dynamic,4,mixed_103_high_isolated_high_adequate_critical,patient_risk;flow_prediction;staffing;bed_management,,False,
full_dynamic,4,mixed_104_critical_isolated_high_adequate_critical,patient_risk;flow_prediction;staffing;bed_management,,False,
full_dynamic,4,mixed_105_low_isolated_critical_adequate_critical,patient_risk;flow_prediction;staffing;bed_management,,False,
full_dynamic,4,mixed_106_moderate_isolated_critical_adequate_critical,patient_risk;flow_prediction;staffing;bed_management,,False,
full_dynamic,4,mixed_107_moderate_isolated_critical_adequate_critical,patient_risk;flow_prediction;staffing;bed_management,,False,
full_dynamic,4,mixed_108_critical_isolated_critical_adequate_critical,patient_risk;flow_prediction;staffing;bed_management,,False,
full_dynamic,4,mixed_109_moderate_multi_risk_adequate_critical,patient_risk;flow_prediction;staffing;bed_management,,False,
full_dynamic,4,mixed_110_moderate_multi_risk_adequate_critical,patient_risk;flow_prediction;staffing;bed_management,,False,
full_dynamic,4,mixed_111_low_multi_risk_adequate_critical,patient_risk;flow_prediction;staffing;bed_management,,False,
full_dynamic,4,mixed_112_critical_multi_risk_critical_tight,patient_risk;flow_prediction;staffing;bed_management,,False,
full_dynamic,4,mixed_113_low_stable_strained_critical,patient_risk;flow_prediction;staffing;bed_management,,False,
full_dynamic,4,mixed_114_moderate_stable_strained_critical,patient_risk;flow_prediction;staffing;bed_management,,False,
full_dynamic,4,mixed_115_high_stable_strained_critical,patient_risk;flow_prediction;staffing;bed_management,,False,
full_dynamic,4,mixed_116_critical_stable_strained_critical,patient_risk;flow_prediction;staffing;bed_management,,False,
full_dynamic,4,mixed_117_high_isolated_high_strained_critical,patient_risk;flow_prediction;staffing;bed_management,,False,
full_dynamic,4,mixed_118_moderate_isolated_high_adequate_critical,patient_risk;flow_prediction;staffing;bed_management,,False,
full_dynamic,4,mixed_119_high_isolated_high_adequate_critical,patient_risk;flow_prediction;staffing;bed_management,,False,
full_dynamic,4,mixed_120_low_isolated_high_strained_critical,patient_risk;flow_prediction;staffing;bed_management,,False,
full_dynamic,4,mixed_121_low_isolated_critical_strained_critical,patient_risk;flow_prediction;staffing;bed_management,,False,
full_dynamic,4,mixed_122_moderate_isolated_critical_strained_critical,patient_risk;flow_prediction;staffing;bed_management,,False,
full_dynamic,4,mixed_123_high_isolated_critical_strained_critical,patient_risk;flow_prediction;staffing;bed_management,,False,
full_dynamic,4,mixed_124_moderate_isolated_critical_strained_tight,patient_risk;flow_prediction;staffing;bed_management,,False,
full_dynamic,4,mixed_125_low_multi_risk_strained_critical,patient_risk;flow_prediction;staffing;bed_management,,False,
full_dynamic,4,mixed_126_low_multi_risk_strained_critical,patient_risk;flow_prediction;bed_management;staffing,,False,
full_dynamic,4,mixed_127_high_multi_risk_strained_critical,patient_risk;flow_prediction;staffing;bed_management,,False,
full_dynamic,4,mixed_128_moderate_multi_risk_strained_critical,patient_risk;flow_prediction;staffing;bed_management,,False,
full_dynamic,4,mixed_129_low_stable_critical_tight,patient_risk;flow_prediction;staffing;bed_management,,False,
full_dynamic,4,mixed_130_moderate_stable_critical_critical,patient_risk;flow_prediction;staffing;bed_management,,False,
full_dynamic,4,mixed_131_moderate_stable_critical_critical,patient_risk;flow_prediction;staffing;bed_management,,False,
full_dynamic,4,mixed_132_low_stable_critical_critical,patient_risk;flow_prediction;staffing;bed_management,,False,
full_dynamic,4,mixed_133_low_isolated_high_critical_critical,patient_risk;flow_prediction;staffing;bed_management,,False,
full_dynamic,4,mixed_134_moderate_isolated_high_critical_critical,patient_risk;flow_prediction;staffing;bed_management,,False,
full_dynamic,4,mixed_135_high_isolated_high_critical_critical,patient_risk;flow_prediction;staffing;bed_management,,False,
full_dynamic,4,mixed_136_critical_isolated_high_critical_critical,patient_risk;flow_prediction;staffing;bed_management,,False,
full_dynamic,4,mixed_137_high_isolated_critical_critical_critical,patient_risk;flow_prediction;staffing;bed_management,,False,
full_dynamic,4,mixed_138_low_isolated_critical_critical_critical,patient_risk;flow_prediction;staffing;bed_management,,False,
full_dynamic,4,mixed_139_low_isolated_critical_critical_critical,patient_risk;flow_prediction;staffing;bed_management,,False,
full_dynamic,4,mixed_140_critical_isolated_critical_critical_critical,patient_risk;flow_prediction;staffing;bed_management,,False,
full_dynamic,4,mixed_141_critical_multi_risk_strained_critical,patient_risk;flow_prediction;staffing;bed_management,,False,
full_dynamic,4,mixed_142_moderate_multi_risk_adequate_critical,patient_risk;flow_prediction;staffing;bed_management,,False,
full_dynamic,4,mixed_143_high_multi_risk_adequate_open,patient_risk;flow_prediction;staffing;bed_management,,False,
full_dynamic,4,mixed_144_critical_multi_risk_critical_critical,patient_risk;flow_prediction;staffing;bed_management,,False,
full_dynamic,4,mixed_145_low_stable_adequate_open,patient_risk;flow_prediction;staffing;bed_management,,False,
full_dynamic,4,mixed_146_moderate_stable_adequate_open,patient_risk;flow_prediction;staffing;bed_management,,False,
full_dynamic,4,mixed_147_high_stable_adequate_open,patient_risk;flow_prediction;staffing;bed_management,,False,
full_dynamic,4,mixed_148_critical_stable_adequate_open,patient_risk;flow_prediction;staffing;bed_management,,False,
full_dynamic,4,mixed_149_low_isolated_high_adequate_open,patient_risk;flow_prediction;staffing;bed_management,,False,
full_dynamic,4,mixed_150_moderate_isolated_high_adequate_open,patient_risk;flow_prediction;staffing;bed_management,,False,
full_dynamic,4,mixed_151_high_isolated_high_adequate_open,patient_risk;flow_prediction;staffing;bed_management,,False,
full_dynamic,4,mixed_152_critical_isolated_high_adequate_open,patient_risk;flow_prediction;staffing;bed_management,,False,
full_dynamic,4,mixed_153_low_isolated_critical_adequate_open,patient_risk;flow_prediction;staffing;bed_management,,False,
full_dynamic,4,mixed_154_moderate_isolated_critical_adequate_open,patient_risk;flow_prediction;staffing;bed_management,,False,
full_dynamic,4,mixed_155_high_isolated_critical_adequate_open,patient_risk;flow_prediction;staffing;bed_management,,False,
full_dynamic,4,mixed_156_critical_isolated_critical_adequate_open,patient_risk;flow_prediction;staffing,bed_management,False,
full_dynamic,4,mixed_157_low_multi_risk_adequate_open,patient_risk;flow_prediction;staffing;bed_management,,False,
full_dynamic,4,mixed_158_high_multi_risk_critical_open,patient_risk;flow_prediction;staffing;bed_management,,False,
full_dynamic,4,mixed_159_high_multi_risk_adequate_open,patient_risk;flow_prediction;staffing;bed_management,,False,
full_dynamic,4,mixed_160_critical_multi_risk_adequate_open,patient_risk;flow_prediction;staffing;bed_management,,False,
full_dynamic,4,mixed_161_moderate_stable_strained_open,patient_risk;flow_prediction;staffing;bed_management,,False,
full_dynamic,4,mixed_162_moderate_stable_adequate_open,patient_risk;flow_prediction;staffing;bed_management,,False,
full_dynamic,4,mixed_163_high_stable_strained_open,patient_risk;flow_prediction;staffing,bed_management,False,
full_dynamic,4,mixed_164_critical_stable_strained_open,patient_risk;flow_prediction;staffing;bed_management,,False,
full_dynamic,4,mixed_165_low_isolated_high_strained_open,patient_risk;flow_prediction;staffing;bed_management,,False,
full_dynamic,4,mixed_166_moderate_isolated_high_strained_open,patient_risk;flow_prediction;staffing;bed_management,,False,
full_dynamic,4,mixed_167_high_isolated_high_strained_open,patient_risk;flow_prediction;staffing;bed_management,,False,
full_dynamic,4,mixed_168_high_isolated_high_critical_open,patient_risk;flow_prediction;staffing;bed_management,,False,
full_dynamic,4,mixed_169_low_isolated_critical_strained_open,patient_risk;flow_prediction;staffing;bed_management,,False,
full_dynamic,4,mixed_170_moderate_isolated_critical_critical_open,patient_risk;flow_prediction;staffing;bed_management,,False,
full_dynamic,4,mixed_171_critical_isolated_critical_strained_open,patient_risk;flow_prediction;staffing;bed_management,,False,
full_dynamic,4,mixed_172_critical_isolated_critical_strained_open,patient_risk;flow_prediction;staffing;bed_management,,False,
full_dynamic,4,mixed_173_low_multi_risk_strained_open,patient_risk;flow_prediction;staffing;bed_management,,False,
full_dynamic,4,mixed_174_moderate_multi_risk_strained_open,patient_risk;flow_prediction;staffing;bed_management,,False,
all_tools,0,critical_congestion_with_sepsis,patient_risk;flow_prediction;staffing;bed_management,,False,
all_tools,0,stable_day_shift,patient_risk;flow_prediction;staffing;bed_management,,False,
all_tools,0,isolated_high_risk_patient,patient_risk;flow_prediction;staffing;bed_management,,False,
all_tools,0,staffing_crunch,patient_risk;flow_prediction;staffing;bed_management,,False,
all_tools,0,bed_block,patient_risk;flow_prediction;staffing;bed_management,,False,
all_tools,0,queue_overload,patient_risk;flow_prediction;staffing;bed_management,,False,
all_tools,0,mixed_001_low_stable_adequate_open,patient_risk;flow_prediction;staffing;bed_management,,False,
all_tools,0,mixed_002_moderate_stable_adequate_open,patient_risk;flow_prediction;staffing;bed_management,,False,
all_tools,0,mixed_003_high_stable_adequate_open,patient_risk;flow_prediction;staffing;bed_management,,False,
all_tools,0,mixed_004_critical_stable_adequate_open,patient_risk;flow_prediction;staffing;bed_management,,False,
all_tools,0,mixed_005_low_isolated_high_adequate_open,patient_risk;flow_prediction;staffing;bed_management,,False,
all_tools,0,mixed_006_moderate_isolated_high_critical_open,patient_risk;flow_prediction;staffing;bed_management,,False,
all_tools,0,mixed_007_low_isolated_high_adequate_open,patient_risk;flow_prediction;staffing;bed_management,,False,
all_tools,0,mixed_008_critical_isolated_high_adequate_open,patient_risk;flow_prediction;staffing;bed_management,,False,
all_tools,0,mixed_009_low_isolated_critical_adequate_open,patient_risk;flow_prediction;staffing;bed_management,,False,
all_tools,0,mixed_010_moderate_isolated_critical_adequate_open,patient_risk;flow_prediction;staffing;bed_management,,False,
all_tools,0,mixed_011_high_isolated_critical_adequate_critical,patient_risk;flow_prediction;staffing;bed_management,,False,
all_tools,0,mixed_012_critical_isolated_critical_adequate_open,patient_risk;flow_prediction;staffing;bed_management,,False,
all_tools,0,mixed_013_low_multi_risk_adequate_open,patient_risk;flow_prediction;staffing;bed_management,,False,
all_tools,0,mixed_014_moderate_multi_risk_adequate_open,patient_risk;flow_prediction;staffing;bed_management,,False,
all_tools,0,mixed_015_high_multi_risk_adequate_open,patient_risk;flow_prediction;staffing;bed_management,,False,
all_tools,0,mixed_016_critical_multi_risk_adequate_open,patient_risk;flow_prediction;staffing;bed_management,,False,
all_tools,0,mixed_017_low_stable_strained_open,patient_risk;flow_prediction;staffing;bed_management,,False,
all_tools,0,mixed_018_moderate_stable_strained_open,patient_risk;flow_prediction;staffing;bed_management,,False,
all_tools,0,mixed_019_high_stable_strained_open,patient_risk;flow_prediction;staffing;bed_management,,False,
all_tools,0,mixed_020_critical_stable_strained_open,patient_risk;flow_prediction;staffing;bed_management,,False,
all_tools,0,mixed_021_low_isolated_high_strained_open,patient_risk;flow_prediction;staffing;bed_management,,False,
all_tools,0,mixed_022_moderate_isolated_high_strained_open,patient_risk;flow_prediction;staffing;bed_management,,False,
all_tools,0,mixed_023_high_isolated_high_strained_open,patient_risk;flow_prediction;staffing;bed_management,,False,
all_tools,0,mixed_024_critical_isolated_high_strained_open,patient_risk;flow_prediction;staffing;bed_management,,False,
all_tools,0,mixed_025_low_isolated_critical_strained_open,patient_risk;flow_prediction;staffing;bed_management,,False,
all_tools,0,mixed_026_moderate_isolated_critical_strained_open,patient_risk;flow_prediction;staffing;bed_management,,False,
all_tools,0,mixed_027_moderate_isolated_critical_strained_open,patient_risk;flow_prediction;staffing;bed_management,,False,
all_tools,0,mixed_028_moderate_isolated_critical_strained_open,patient_risk;flow_prediction;staffing;bed_management,,False,
all_tools,0,mixed_029_low_multi_risk_strained_open,patient_risk;flow_prediction;staffing;bed_management,,False,
all_tools,0,mixed_030_moderate_multi_risk_strained_open,patient_risk;flow_prediction;staffing;bed_management,,False,
all_tools,0,mixed_031_critical_multi_risk_strained_open,patient_risk;flow_prediction;staffing;bed_management,,False,
all_tools,0,mixed_032_critical_multi_risk_strained_open,patient_risk;flow_prediction;staffing;bed_management,,False,
all_tools,0,mixed_033_low_stable_critical_open,patient_risk;flow_prediction;staffing;bed_management,,False,
all_tools,0,mixed_034_moderate_stable_critical_open,patient_risk;flow_prediction;staffing;bed_management,,False,
all_tools,0,mixed_035_high_stable_critical_open,patient_risk;flow_prediction;staffing;bed_management,,False,
all_tools,0,mixed_036_critical_stable_critical_open,patient_risk;flow_prediction;staffing;bed_management,,False,
all_tools,0,mixed_037_low_isolated_high_critical_open,patient_risk;flow_prediction;staffing;bed_management,,False,
all_tools,0,mixed_038_moderate_isolated_high_strained_open,patient_risk;flow_prediction;staffing;bed_management,,False,
all_tools,0,mixed_039_high_isolated_high_critical_open,patient_risk;flow_prediction;staffing;bed_management,,False,
all_tools,0,mixed_040_critical_isolated_high_critical_critical,patient_risk;flow_prediction;staffing;bed_management,,False,
all_tools,0,mixed_041_low_isolated_critical_critical_open,patient_risk;flow_prediction;staffing;bed_management,,False,
all_tools,0,mixed_042_low_isolated_critical_critical_open,patient_risk;flow_prediction;staffing;bed_management,,False,
all_tools,0,mixed_043_high_isolated_critical_critical_open,patient_risk;flow_prediction;staffing;bed_management,,False,
all_tools,0,mixed_044_critical_isolated_critical_critical_open,patient_risk;flow_prediction;staffing;bed_management,,False,
all_tools,0,mixed_045_low_multi_risk_critical_tight,patient_risk;flow_prediction;staffing;bed_management,,False,
all_tools,0,mixed_046_low_multi_risk_critical_open,patient_risk;flow_prediction;staffing;bed_management,,False,
all_tools,0,mixed_047_high_multi_risk_adequate_open,patient_risk;flow_prediction;staffing;bed_management,,False,
all_tools,0,mixed_048_moderate_multi_risk_critical_open,patient_risk;flow_prediction;staffing;bed_management,,False,
all_tools,0,mixed_049_critical_stable_adequate_critical,patient_risk;flow_prediction;staffing;bed_management,,False,
all_tools,0,mixed_050_moderate_stable_adequate_critical,patient_risk;flow_prediction;staffing;bed_management,,False,
all_tools,0,mixed_051_high_stable_adequate_tight,patient_risk;flow_prediction;staffing;bed_management,,False,
all_tools,0,mixed_052_critical_stable_adequate_tight,patient_risk;flow_prediction;staffing;bed_management,,False,
all_tools,0,mixed_053_low_isolated_high_adequate_tight,patient_risk;flow_prediction;staffing;bed_management,,False,
all_tools,0,mixed_054_moderate_isolated_high_adequate_tight,patient_risk;flow_prediction;staffing;bed_management,,False,
all_tools,0,mixed_055_high_isolated_high_strained_tight,patient_risk;flow_prediction;staffing;bed_management,,False,
all_tools,0,mixed_056_critical_isolated_high_adequate_tight,patient_risk;flow_prediction;staffing;bed_management,,False,
all_tools,0,mixed_057_low_isolated_critical_adequate_tight,patient_risk;flow_prediction;staffing;bed_management,,False,
all_tools,0,mixed_058_moderate_isolated_critical_adequate_tight,patient_risk;flow_prediction;staffing;bed_management,,False,
all_tools,0,mixed_059_high_isolated_critical_adequate_open,patient_risk;flow_prediction;staffing;bed_management,,False,
all_tools,0,mixed_060_critical_isolated_critical_adequate_tight,patient_risk;flow_prediction;staffing;bed_management,,False,
all_tools,0,mixed_061_low_multi_risk_adequate_tight,patient_risk;flow_prediction;staffing;bed_management,,False,
all_tools,0,mixed_062_moderate_multi_risk_adequate_tight,patient_risk;flow_prediction;staffing;bed_management,,False,
all_tools,0,mixed_063_high_multi_risk_adequate_open,patient_risk;flow_prediction;staffing;bed_management,,False,
all_tools,0,mixed_064_critical_multi_risk_adequate_tight,patient_risk;flow_prediction;staffing;bed_management,,False,
all_tools,0,mixed_065_low_stable_critical_tight,patient_risk;flow_prediction;staffing;bed_management,,False,
all_tools,0,mixed_066_moderate_stable_strained_tight,patient_risk;flow_prediction;staffing;bed_management,,False,
all_tools,0,mixed_067_high_stable_critical_tight,patient_risk;flow_prediction;staffing;bed_management,,False,
all_tools,0,mixed_068_critical_stable_strained_tight,patient_risk;flow_prediction;staffing;bed_management,,False,
all_tools,0,mixed_069_low_isolated_high_strained_tight,patient_risk;flow_prediction;staffing;bed_management,,False,
all_tools,0,mixed_070_moderate_isolated_high_strained_tight,patient_risk;flow_prediction;staffing;bed_management,,False,
all_tools,0,mixed_071_high_isolated_high_strained_tight,patient_risk;flow_prediction;staffing;bed_management,,False,
all_tools,0,mixed_072_critical_isolated_high_strained_tight,patient_risk;flow_prediction;staffing;bed_management,,False,
all_tools,0,mixed_073_critical_isolated_critical_strained_open,patient_risk;flow_prediction;staffing;bed_management,,False,
all_tools,0,mixed_074_moderate_isolated_critical_strained_critical,patient_risk;flow_prediction;staffing;bed_management,,False,
all_tools,0,mixed_075_high_isolated_critical_strained_open,patient_risk;flow_prediction;staffing;bed_management,,False,
all_tools,0,mixed_076_critical_isolated_critical_strained_tight,patient_risk;flow_prediction;staffing;bed_management,,False,
all_tools,0,mixed_077_low_multi_risk_strained_tight,patient_risk;flow_prediction;staffing;bed_management,,False,
all_tools,0,mixed_078_moderate_multi_risk_strained_tight,patient_risk;flow_prediction;staffing;bed_management,,False,
all_tools,0,mixed_079_high_multi_risk_adequate_tight,patient_risk;flow_prediction;staffing;bed_management,,False,
all_tools,0,mixed_080_critical_multi_risk_strained_tight,patient_risk;flow_prediction;staffing;bed_management,,False,
all_tools,0,mixed_081_moderate_stable_strained_critical,patient_risk;flow_prediction;staffing;bed_management,,False,
all_tools,0,mixed_082_moderate_stable_critical_tight,patient_risk;flow_prediction;staffing;bed_management,,False,
all_tools,0,mixed_083_high_stable_adequate_tight,patient_risk;flow_prediction;staffing;bed_management,,False,
all_tools,0,mixed_084_high_stable_critical_tight,patient_risk;flow_prediction;staffing;bed_management,,False,
all_tools,0,mixed_085_low_isolated_high_critical_tight,patient_risk;flow_prediction;staffing;bed_management,,False,
all_tools,0,mixed_086_moderate_isolated_high_critical_critical,patient_risk;flow_prediction;staffing;bed_management,,False,
all_tools,0,mixed_087_high_isolated_high_strained_tight,patient_risk;flow_prediction;staffing;bed_management,,False,
all_tools,0,mixed_088_low_isolated_high_critical_tight,patient_risk;flow_prediction;staffing;bed_management,,False,
all_tools,0,mixed_089_low_isolated_critical_critical_tight,patient_risk;flow_prediction;staffing;bed_management,,False,
all_tools,0,mixed_090_moderate_isolated_critical_adequate_tight,patient_risk;flow_prediction;staffing;bed_management,,False,
all_tools,0,mixed_091_high_isolated_critical_critical_tight,patient_risk;flow_prediction;staffing;bed_management,,False,
all_tools,0,mixed_092_critical_isolated_critical_adequate_open,patient_risk;flow_prediction;staffing;bed_management,,False,
all_tools,0,mixed_093_low_multi_risk_critical_tight,patient_risk;flow_prediction;staffing;bed_management,,False,
all_tools,0,mixed_094_moderate_multi_risk_critical_tight,patient_risk;flow_prediction;staffing;bed_management,,False,
all_tools,0,mixed_095_high_multi_risk_critical_tight,patient_risk;flow_prediction;staffing;bed_management,,False,
all_tools,0,mixed_096_critical_multi_risk_critical_open,patient_risk;flow_prediction;staffing;bed_management,,False,
all_tools,0,mixed_097_low_stable_adequate_critical,patient_risk;flow_prediction;staffing;bed_management,,False,
all_tools,0,mixed_098_moderate_stable_strained_tight,patient_risk;flow_prediction;staffing;bed_management,,False,
all_tools,0,mixed_099_critical_stable_adequate_critical,patient_risk;flow_prediction;staffing;bed_management,,False,
all_tools,0,mixed_100_critical_stable_adequate_critical,patient_risk;flow_prediction;staffing;bed_management,,False,
all_tools,0,mixed_101_low_isolated_high_adequate_tight,patient_risk;flow_prediction;staffing;bed_management,,False,
all_tools,0,mixed_102_moderate_isolated_high_adequate_critical,patient_risk;flow_prediction;staffing;bed_management,,False,
all_tools,0,mixed_103_high_isolated_high_adequate_critical,patient_risk;flow_prediction;staffing;bed_management,,False,
all_tools,0,mixed_104_critical_isolated_high_adequate_critical,patient_risk;flow_prediction;staffing;bed_management,,False,
all_tools,0,mixed_105_low_isolated_critical_adequate_critical,patient_risk;flow_prediction;staffing;bed_management,,False,
all_tools,0,mixed_106_moderate_isolated_critical_adequate_critical,patient_risk;flow_prediction;staffing;bed_management,,False,
all_tools,0,mixed_107_moderate_isolated_critical_adequate_critical,patient_risk;flow_prediction;staffing;bed_management,,False,
all_tools,0,mixed_108_critical_isolated_critical_adequate_critical,patient_risk;flow_prediction;staffing;bed_management,,False,
all_tools,0,mixed_109_moderate_multi_risk_adequate_critical,patient_risk;flow_prediction;staffing;bed_management,,False,
all_tools,0,mixed_110_moderate_multi_risk_adequate_critical,patient_risk;flow_prediction;staffing;bed_management,,False,
all_tools,0,mixed_111_low_multi_risk_adequate_critical,patient_risk;flow_prediction;staffing;bed_management,,False,
all_tools,0,mixed_112_critical_multi_risk_critical_tight,patient_risk;flow_prediction;staffing;bed_management,,False,
all_tools,0,mixed_113_low_stable_strained_critical,patient_risk;flow_prediction;staffing;bed_management,,False,
all_tools,0,mixed_114_moderate_stable_strained_critical,patient_risk;flow_prediction;staffing;bed_management,,False,
all_tools,0,mixed_115_high_stable_strained_critical,patient_risk;flow_prediction;staffing;bed_management,,False,
all_tools,0,mixed_116_critical_stable_strained_critical,patient_risk;flow_prediction;staffing;bed_management,,False,
all_tools,0,mixed_117_high_isolated_high_strained_critical,patient_risk;flow_prediction;staffing;bed_management,,False,
all_tools,0,mixed_118_moderate_isolated_high_adequate_critical,patient_risk;flow_prediction;staffing;bed_management,,False,
all_tools,0,mixed_119_high_isolated_high_adequate_critical,patient_risk;flow_prediction;staffing;bed_management,,False,
all_tools,0,mixed_120_low_isolated_high_strained_critical,patient_risk;flow_prediction;staffing;bed_management,,False,
all_tools,0,mixed_121_low_isolated_critical_strained_critical,patient_risk;flow_prediction;staffing;bed_management,,False,
all_tools,0,mixed_122_moderate_isolated_critical_strained_critical,patient_risk;flow_prediction;staffing;bed_management,,False,
all_tools,0,mixed_123_high_isolated_critical_strained_critical,patient_risk;flow_prediction;staffing;bed_management,,False,
all_tools,0,mixed_124_moderate_isolated_critical_strained_tight,patient_risk;flow_prediction;staffing;bed_management,,False,
all_tools,0,mixed_125_low_multi_risk_strained_critical,patient_risk;flow_prediction;staffing;bed_management,,False,
all_tools,0,mixed_126_low_multi_risk_strained_critical,patient_risk;flow_prediction;staffing;bed_management,,False,
all_tools,0,mixed_127_high_multi_risk_strained_critical,patient_risk;flow_prediction;staffing;bed_management,,False,
all_tools,0,mixed_128_moderate_multi_risk_strained_critical,patient_risk;flow_prediction;staffing;bed_management,,False,
all_tools,0,mixed_129_low_stable_critical_tight,patient_risk;flow_prediction;staffing;bed_management,,False,
all_tools,0,mixed_130_moderate_stable_critical_critical,patient_risk;flow_prediction;staffing;bed_management,,False,
all_tools,0,mixed_131_moderate_stable_critical_critical,patient_risk;flow_prediction;staffing;bed_management,,False,
all_tools,0,mixed_132_low_stable_critical_critical,patient_risk;flow_prediction;staffing;bed_management,,False,
all_tools,0,mixed_133_low_isolated_high_critical_critical,patient_risk;flow_prediction;staffing;bed_management,,False,
all_tools,0,mixed_134_moderate_isolated_high_critical_critical,patient_risk;flow_prediction;staffing;bed_management,,False,
all_tools,0,mixed_135_high_isolated_high_critical_critical,patient_risk;flow_prediction;staffing;bed_management,,False,
all_tools,0,mixed_136_critical_isolated_high_critical_critical,patient_risk;flow_prediction;staffing;bed_management,,False,
all_tools,0,mixed_137_high_isolated_critical_critical_critical,patient_risk;flow_prediction;staffing;bed_management,,False,
all_tools,0,mixed_138_low_isolated_critical_critical_critical,patient_risk;flow_prediction;staffing;bed_management,,False,
all_tools,0,mixed_139_low_isolated_critical_critical_critical,patient_risk;flow_prediction;staffing;bed_management,,False,
all_tools,0,mixed_140_critical_isolated_critical_critical_critical,patient_risk;flow_prediction;staffing;bed_management,,False,
all_tools,0,mixed_141_critical_multi_risk_strained_critical,patient_risk;flow_prediction;staffing;bed_management,,False,
all_tools,0,mixed_142_moderate_multi_risk_adequate_critical,patient_risk;flow_prediction;staffing;bed_management,,False,
all_tools,0,mixed_143_high_multi_risk_adequate_open,patient_risk;flow_prediction;staffing;bed_management,,False,
all_tools,0,mixed_144_critical_multi_risk_critical_critical,patient_risk;flow_prediction;staffing;bed_management,,False,
all_tools,0,mixed_145_low_stable_adequate_open,patient_risk;flow_prediction;staffing;bed_management,,False,
all_tools,0,mixed_146_moderate_stable_adequate_open,patient_risk;flow_prediction;staffing;bed_management,,False,
all_tools,0,mixed_147_high_stable_adequate_open,patient_risk;flow_prediction;staffing;bed_management,,False,
all_tools,0,mixed_148_critical_stable_adequate_open,patient_risk;flow_prediction;staffing;bed_management,,False,
all_tools,0,mixed_149_low_isolated_high_adequate_open,patient_risk;flow_prediction;staffing;bed_management,,False,
all_tools,0,mixed_150_moderate_isolated_high_adequate_open,patient_risk;flow_prediction;staffing;bed_management,,False,
all_tools,0,mixed_151_high_isolated_high_adequate_open,patient_risk;flow_prediction;staffing;bed_management,,False,
all_tools,0,mixed_152_critical_isolated_high_adequate_open,patient_risk;flow_prediction;staffing;bed_management,,False,
all_tools,0,mixed_153_low_isolated_critical_adequate_open,patient_risk;flow_prediction;staffing;bed_management,,False,
all_tools,0,mixed_154_moderate_isolated_critical_adequate_open,patient_risk;flow_prediction;staffing;bed_management,,False,
all_tools,0,mixed_155_high_isolated_critical_adequate_open,patient_risk;flow_prediction;staffing;bed_management,,False,
all_tools,0,mixed_156_critical_isolated_critical_adequate_open,patient_risk;flow_prediction;staffing;bed_management,,False,
all_tools,0,mixed_157_low_multi_risk_adequate_open,patient_risk;flow_prediction;staffing;bed_management,,False,
all_tools,0,mixed_158_high_multi_risk_critical_open,patient_risk;flow_prediction;staffing;bed_management,,False,
all_tools,0,mixed_159_high_multi_risk_adequate_open,patient_risk;flow_prediction;staffing;bed_management,,False,
all_tools,0,mixed_160_critical_multi_risk_adequate_open,patient_risk;flow_prediction;staffing;bed_management,,False,
all_tools,0,mixed_161_moderate_stable_strained_open,patient_risk;flow_prediction;staffing;bed_management,,False,
all_tools,0,mixed_162_moderate_stable_adequate_open,patient_risk;flow_prediction;staffing;bed_management,,False,
all_tools,0,mixed_163_high_stable_strained_open,patient_risk;flow_prediction;staffing;bed_management,,False,
all_tools,0,mixed_164_critical_stable_strained_open,patient_risk;flow_prediction;staffing;bed_management,,False,
all_tools,0,mixed_165_low_isolated_high_strained_open,patient_risk;flow_prediction;staffing;bed_management,,False,
all_tools,0,mixed_166_moderate_isolated_high_strained_open,patient_risk;flow_prediction;staffing;bed_management,,False,
all_tools,0,mixed_167_high_isolated_high_strained_open,patient_risk;flow_prediction;staffing;bed_management,,False,
all_tools,0,mixed_168_high_isolated_high_critical_open,patient_risk;flow_prediction;staffing;bed_management,,False,
all_tools,0,mixed_169_low_isolated_critical_strained_open,patient_risk;flow_prediction;staffing;bed_management,,False,
all_tools,0,mixed_170_moderate_isolated_critical_critical_open,patient_risk;flow_prediction;staffing;bed_management,,False,
all_tools,0,mixed_171_critical_isolated_critical_strained_open,patient_risk;flow_prediction;staffing;bed_management,,False,
all_tools,0,mixed_172_critical_isolated_critical_strained_open,patient_risk;flow_prediction;staffing;bed_management,,False,
all_tools,0,mixed_173_low_multi_risk_strained_open,patient_risk;flow_prediction;staffing;bed_management,,False,
all_tools,0,mixed_174_moderate_multi_risk_strained_open,patient_risk;flow_prediction;staffing;bed_management,,False,
all_tools,1,critical_congestion_with_sepsis,patient_risk;flow_prediction;staffing;bed_management,,False,
all_tools,1,stable_day_shift,patient_risk;flow_prediction;staffing;bed_management,,False,
all_tools,1,isolated_high_risk_patient,patient_risk;flow_prediction;staffing;bed_management,,False,
all_tools,1,staffing_crunch,patient_risk;flow_prediction;staffing;bed_management,,False,
all_tools,1,bed_block,patient_risk;flow_prediction;staffing;bed_management,,False,
all_tools,1,queue_overload,patient_risk;flow_prediction;staffing;bed_management,,False,
all_tools,1,mixed_001_low_stable_adequate_open,patient_risk;flow_prediction;staffing;bed_management,,False,
all_tools,1,mixed_002_moderate_stable_adequate_open,patient_risk;flow_prediction;staffing;bed_management,,False,
all_tools,1,mixed_003_high_stable_adequate_open,patient_risk;flow_prediction;staffing;bed_management,,False,
all_tools,1,mixed_004_critical_stable_adequate_open,patient_risk;flow_prediction;staffing;bed_management,,False,
all_tools,1,mixed_005_low_isolated_high_adequate_open,patient_risk;flow_prediction;staffing;bed_management,,False,
all_tools,1,mixed_006_moderate_isolated_high_critical_open,patient_risk;flow_prediction;staffing;bed_management,,False,
all_tools,1,mixed_007_low_isolated_high_adequate_open,patient_risk;flow_prediction;staffing;bed_management,,False,
all_tools,1,mixed_008_critical_isolated_high_adequate_open,patient_risk;flow_prediction;staffing;bed_management,,False,
all_tools,1,mixed_009_low_isolated_critical_adequate_open,patient_risk;flow_prediction;staffing;bed_management,,False,
all_tools,1,mixed_010_moderate_isolated_critical_adequate_open,patient_risk;flow_prediction;staffing;bed_management,,False,
all_tools,1,mixed_011_high_isolated_critical_adequate_critical,patient_risk;flow_prediction;staffing;bed_management,,False,
all_tools,1,mixed_012_critical_isolated_critical_adequate_open,patient_risk;flow_prediction;staffing;bed_management,,False,
all_tools,1,mixed_013_low_multi_risk_adequate_open,patient_risk;flow_prediction;staffing;bed_management,,False,
all_tools,1,mixed_014_moderate_multi_risk_adequate_open,patient_risk;flow_prediction;staffing;bed_management,,False,
all_tools,1,mixed_015_high_multi_risk_adequate_open,patient_risk;flow_prediction;staffing;bed_management,,False,
all_tools,1,mixed_016_critical_multi_risk_adequate_open,patient_risk;flow_prediction;staffing;bed_management,,False,
all_tools,1,mixed_017_low_stable_strained_open,patient_risk;flow_prediction;staffing;bed_management,,False,
all_tools,1,mixed_018_moderate_stable_strained_open,patient_risk;flow_prediction;staffing;bed_management,,False,
all_tools,1,mixed_019_high_stable_strained_open,patient_risk;flow_prediction;staffing;bed_management,,False,
all_tools,1,mixed_020_critical_stable_strained_open,patient_risk;flow_prediction;staffing;bed_management,,False,
all_tools,1,mixed_021_low_isolated_high_strained_open,patient_risk;flow_prediction;staffing;bed_management,,False,
all_tools,1,mixed_022_moderate_isolated_high_strained_open,patient_risk;flow_prediction;staffing;bed_management,,False,
all_tools,1,mixed_023_high_isolated_high_strained_open,patient_risk;flow_prediction;staffing;bed_management,,False,
all_tools,1,mixed_024_critical_isolated_high_strained_open,patient_risk;flow_prediction;staffing;bed_management,,False,
all_tools,1,mixed_025_low_isolated_critical_strained_open,patient_risk;flow_prediction;staffing;bed_management,,False,
all_tools,1,mixed_026_moderate_isolated_critical_strained_open,patient_risk;flow_prediction;staffing;bed_management,,False,
all_tools,1,mixed_027_moderate_isolated_critical_strained_open,patient_risk;flow_prediction;staffing;bed_management,,False,
all_tools,1,mixed_028_moderate_isolated_critical_strained_open,patient_risk;flow_prediction;staffing;bed_management,,False,
all_tools,1,mixed_029_low_multi_risk_strained_open,patient_risk;flow_prediction;staffing;bed_management,,False,
all_tools,1,mixed_030_moderate_multi_risk_strained_open,patient_risk;flow_prediction;staffing;bed_management,,False,
all_tools,1,mixed_031_critical_multi_risk_strained_open,patient_risk;flow_prediction;staffing;bed_management,,False,
all_tools,1,mixed_032_critical_multi_risk_strained_open,patient_risk;flow_prediction;staffing;bed_management,,False,
all_tools,1,mixed_033_low_stable_critical_open,patient_risk;flow_prediction;staffing;bed_management,,False,
all_tools,1,mixed_034_moderate_stable_critical_open,patient_risk;flow_prediction;staffing;bed_management,,False,
all_tools,1,mixed_035_high_stable_critical_open,patient_risk;flow_prediction;staffing;bed_management,,False,
all_tools,1,mixed_036_critical_stable_critical_open,patient_risk;flow_prediction;staffing;bed_management,,False,
all_tools,1,mixed_037_low_isolated_high_critical_open,patient_risk;flow_prediction;staffing;bed_management,,False,
all_tools,1,mixed_038_moderate_isolated_high_strained_open,patient_risk;flow_prediction;staffing;bed_management,,False,
all_tools,1,mixed_039_high_isolated_high_critical_open,patient_risk;flow_prediction;staffing;bed_management,,False,
all_tools,1,mixed_040_critical_isolated_high_critical_critical,patient_risk;flow_prediction;staffing;bed_management,,False,
all_tools,1,mixed_041_low_isolated_critical_critical_open,patient_risk;flow_prediction;staffing;bed_management,,False,
all_tools,1,mixed_042_low_isolated_critical_critical_open,patient_risk;flow_prediction;staffing;bed_management,,False,
all_tools,1,mixed_043_high_isolated_critical_critical_open,patient_risk;flow_prediction;staffing;bed_management,,False,
all_tools,1,mixed_044_critical_isolated_critical_critical_open,patient_risk;flow_prediction;staffing;bed_management,,False,
all_tools,1,mixed_045_low_multi_risk_critical_tight,patient_risk;flow_prediction;staffing;bed_management,,False,
all_tools,1,mixed_046_low_multi_risk_critical_open,patient_risk;flow_prediction;staffing;bed_management,,False,
all_tools,1,mixed_047_high_multi_risk_adequate_open,patient_risk;flow_prediction;staffing;bed_management,,False,
all_tools,1,mixed_048_moderate_multi_risk_critical_open,patient_risk;flow_prediction;staffing;bed_management,,False,
all_tools,1,mixed_049_critical_stable_adequate_critical,patient_risk;flow_prediction;staffing;bed_management,,False,
all_tools,1,mixed_050_moderate_stable_adequate_critical,patient_risk;flow_prediction;staffing;bed_management,,False,
all_tools,1,mixed_051_high_stable_adequate_tight,patient_risk;flow_prediction;staffing;bed_management,,False,
all_tools,1,mixed_052_critical_stable_adequate_tight,patient_risk;flow_prediction;staffing;bed_management,,False,
all_tools,1,mixed_053_low_isolated_high_adequate_tight,patient_risk;flow_prediction;staffing;bed_management,,False,
all_tools,1,mixed_054_moderate_isolated_high_adequate_tight,patient_risk;flow_prediction;staffing;bed_management,,False,
all_tools,1,mixed_055_high_isolated_high_strained_tight,patient_risk;flow_prediction;staffing;bed_management,,False,
all_tools,1,mixed_056_critical_isolated_high_adequate_tight,patient_risk;flow_prediction;staffing;bed_management,,False,
all_tools,1,mixed_057_low_isolated_critical_adequate_tight,patient_risk;flow_prediction;staffing;bed_management,,False,
all_tools,1,mixed_058_moderate_isolated_critical_adequate_tight,patient_risk;flow_prediction;staffing;bed_management,,False,
all_tools,1,mixed_059_high_isolated_critical_adequate_open,patient_risk;flow_prediction;staffing;bed_management,,False,
all_tools,1,mixed_060_critical_isolated_critical_adequate_tight,patient_risk;flow_prediction;staffing;bed_management,,False,
all_tools,1,mixed_061_low_multi_risk_adequate_tight,patient_risk;flow_prediction;staffing;bed_management,,False,
all_tools,1,mixed_062_moderate_multi_risk_adequate_tight,patient_risk;flow_prediction;staffing;bed_management,,False,
all_tools,1,mixed_063_high_multi_risk_adequate_open,patient_risk;flow_prediction;staffing;bed_management,,False,
all_tools,1,mixed_064_critical_multi_risk_adequate_tight,patient_risk;flow_prediction;staffing;bed_management,,False,
all_tools,1,mixed_065_low_stable_critical_tight,patient_risk;flow_prediction;staffing;bed_management,,False,
all_tools,1,mixed_066_moderate_stable_strained_tight,patient_risk;flow_prediction;staffing;bed_management,,False,
all_tools,1,mixed_067_high_stable_critical_tight,patient_risk;flow_prediction;staffing;bed_management,,False,
all_tools,1,mixed_068_critical_stable_strained_tight,patient_risk;flow_prediction;staffing;bed_management,,False,
all_tools,1,mixed_069_low_isolated_high_strained_tight,patient_risk;flow_prediction;staffing;bed_management,,False,
all_tools,1,mixed_070_moderate_isolated_high_strained_tight,patient_risk;flow_prediction;staffing;bed_management,,False,
all_tools,1,mixed_071_high_isolated_high_strained_tight,patient_risk;flow_prediction;staffing;bed_management,,False,
all_tools,1,mixed_072_critical_isolated_high_strained_tight,patient_risk;flow_prediction;staffing;bed_management,,False,
all_tools,1,mixed_073_critical_isolated_critical_strained_open,patient_risk;flow_prediction;staffing;bed_management,,False,
all_tools,1,mixed_074_moderate_isolated_critical_strained_critical,patient_risk;flow_prediction;staffing;bed_management,,False,
all_tools,1,mixed_075_high_isolated_critical_strained_open,patient_risk;flow_prediction;staffing;bed_management,,False,
all_tools,1,mixed_076_critical_isolated_critical_strained_tight,patient_risk;flow_prediction;staffing;bed_management,,False,
all_tools,1,mixed_077_low_multi_risk_strained_tight,patient_risk;flow_prediction;staffing;bed_management,,False,
all_tools,1,mixed_078_moderate_multi_risk_strained_tight,patient_risk;flow_prediction;staffing;bed_management,,False,
all_tools,1,mixed_079_high_multi_risk_adequate_tight,patient_risk;flow_prediction;staffing;bed_management,,False,
all_tools,1,mixed_080_critical_multi_risk_strained_tight,patient_risk;flow_prediction;staffing;bed_management,,False,
all_tools,1,mixed_081_moderate_stable_strained_critical,patient_risk;flow_prediction;staffing;bed_management,,False,
all_tools,1,mixed_082_moderate_stable_critical_tight,patient_risk;flow_prediction;staffing;bed_management,,False,
all_tools,1,mixed_083_high_stable_adequate_tight,patient_risk;flow_prediction;staffing;bed_management,,False,
all_tools,1,mixed_084_high_stable_critical_tight,patient_risk;flow_prediction;staffing;bed_management,,False,
all_tools,1,mixed_085_low_isolated_high_critical_tight,patient_risk;flow_prediction;staffing;bed_management,,False,
all_tools,1,mixed_086_moderate_isolated_high_critical_critical,patient_risk;flow_prediction;staffing;bed_management,,False,
all_tools,1,mixed_087_high_isolated_high_strained_tight,patient_risk;flow_prediction;staffing;bed_management,,False,
all_tools,1,mixed_088_low_isolated_high_critical_tight,patient_risk;flow_prediction;staffing;bed_management,,False,
all_tools,1,mixed_089_low_isolated_critical_critical_tight,patient_risk;flow_prediction;staffing;bed_management,,False,
all_tools,1,mixed_090_moderate_isolated_critical_adequate_tight,patient_risk;flow_prediction;staffing;bed_management,,False,
all_tools,1,mixed_091_high_isolated_critical_critical_tight,patient_risk;flow_prediction;staffing;bed_management,,False,
all_tools,1,mixed_092_critical_isolated_critical_adequate_open,patient_risk;flow_prediction;staffing;bed_management,,False,
all_tools,1,mixed_093_low_multi_risk_critical_tight,patient_risk;flow_prediction;staffing;bed_management,,False,
all_tools,1,mixed_094_moderate_multi_risk_critical_tight,patient_risk;flow_prediction;staffing;bed_management,,False,
all_tools,1,mixed_095_high_multi_risk_critical_tight,patient_risk;flow_prediction;staffing;bed_management,,False,
all_tools,1,mixed_096_critical_multi_risk_critical_open,patient_risk;flow_prediction;staffing;bed_management,,False,
all_tools,1,mixed_097_low_stable_adequate_critical,patient_risk;flow_prediction;staffing;bed_management,,False,
all_tools,1,mixed_098_moderate_stable_strained_tight,patient_risk;flow_prediction;staffing;bed_management,,False,
all_tools,1,mixed_099_critical_stable_adequate_critical,patient_risk;flow_prediction;staffing;bed_management,,False,
all_tools,1,mixed_100_critical_stable_adequate_critical,patient_risk;flow_prediction;staffing;bed_management,,False,
all_tools,1,mixed_101_low_isolated_high_adequate_tight,patient_risk;flow_prediction;staffing;bed_management,,False,
all_tools,1,mixed_102_moderate_isolated_high_adequate_critical,patient_risk;flow_prediction;staffing;bed_management,,False,
all_tools,1,mixed_103_high_isolated_high_adequate_critical,patient_risk;flow_prediction;staffing;bed_management,,False,
all_tools,1,mixed_104_critical_isolated_high_adequate_critical,patient_risk;flow_prediction;staffing;bed_management,,False,
all_tools,1,mixed_105_low_isolated_critical_adequate_critical,patient_risk;flow_prediction;staffing;bed_management,,False,
all_tools,1,mixed_106_moderate_isolated_critical_adequate_critical,patient_risk;flow_prediction;staffing;bed_management,,False,
all_tools,1,mixed_107_moderate_isolated_critical_adequate_critical,patient_risk;flow_prediction;staffing;bed_management,,False,
all_tools,1,mixed_108_critical_isolated_critical_adequate_critical,patient_risk;flow_prediction;staffing;bed_management,,False,
all_tools,1,mixed_109_moderate_multi_risk_adequate_critical,patient_risk;flow_prediction;staffing;bed_management,,False,
all_tools,1,mixed_110_moderate_multi_risk_adequate_critical,patient_risk;flow_prediction;staffing;bed_management,,False,
all_tools,1,mixed_111_low_multi_risk_adequate_critical,patient_risk;flow_prediction;staffing;bed_management,,False,
all_tools,1,mixed_112_critical_multi_risk_critical_tight,patient_risk;flow_prediction;staffing;bed_management,,False,
all_tools,1,mixed_113_low_stable_strained_critical,patient_risk;flow_prediction;staffing;bed_management,,False,
all_tools,1,mixed_114_moderate_stable_strained_critical,patient_risk;flow_prediction;staffing;bed_management,,False,
all_tools,1,mixed_115_high_stable_strained_critical,patient_risk;flow_prediction;staffing;bed_management,,False,
all_tools,1,mixed_116_critical_stable_strained_critical,patient_risk;flow_prediction;staffing;bed_management,,False,
all_tools,1,mixed_117_high_isolated_high_strained_critical,patient_risk;flow_prediction;staffing;bed_management,,False,
all_tools,1,mixed_118_moderate_isolated_high_adequate_critical,patient_risk;flow_prediction;staffing;bed_management,,False,
all_tools,1,mixed_119_high_isolated_high_adequate_critical,patient_risk;flow_prediction;staffing;bed_management,,False,
all_tools,1,mixed_120_low_isolated_high_strained_critical,patient_risk;flow_prediction;staffing;bed_management,,False,
all_tools,1,mixed_121_low_isolated_critical_strained_critical,patient_risk;flow_prediction;staffing;bed_management,,False,
all_tools,1,mixed_122_moderate_isolated_critical_strained_critical,patient_risk;flow_prediction;staffing;bed_management,,False,
all_tools,1,mixed_123_high_isolated_critical_strained_critical,patient_risk;flow_prediction;staffing;bed_management,,False,
all_tools,1,mixed_124_moderate_isolated_critical_strained_tight,patient_risk;flow_prediction;staffing;bed_management,,False,
all_tools,1,mixed_125_low_multi_risk_strained_critical,patient_risk;flow_prediction;staffing;bed_management,,False,
all_tools,1,mixed_126_low_multi_risk_strained_critical,patient_risk;flow_prediction;staffing;bed_management,,False,
all_tools,1,mixed_127_high_multi_risk_strained_critical,patient_risk;flow_prediction;staffing;bed_management,,False,
all_tools,1,mixed_128_moderate_multi_risk_strained_critical,patient_risk;flow_prediction;staffing;bed_management,,False,
all_tools,1,mixed_129_low_stable_critical_tight,patient_risk;flow_prediction;staffing;bed_management,,False,
all_tools,1,mixed_130_moderate_stable_critical_critical,patient_risk;flow_prediction;staffing;bed_management,,False,
all_tools,1,mixed_131_moderate_stable_critical_critical,patient_risk;flow_prediction;staffing;bed_management,,False,
all_tools,1,mixed_132_low_stable_critical_critical,patient_risk;flow_prediction;staffing;bed_management,,False,
all_tools,1,mixed_133_low_isolated_high_critical_critical,patient_risk;flow_prediction;staffing;bed_management,,False,
all_tools,1,mixed_134_moderate_isolated_high_critical_critical,patient_risk;flow_prediction;staffing;bed_management,,False,
all_tools,1,mixed_135_high_isolated_high_critical_critical,patient_risk;flow_prediction;staffing;bed_management,,False,
all_tools,1,mixed_136_critical_isolated_high_critical_critical,patient_risk;flow_prediction;staffing;bed_management,,False,
all_tools,1,mixed_137_high_isolated_critical_critical_critical,patient_risk;flow_prediction;staffing;bed_management,,False,
all_tools,1,mixed_138_low_isolated_critical_critical_critical,patient_risk;flow_prediction;staffing;bed_management,,False,
all_tools,1,mixed_139_low_isolated_critical_critical_critical,patient_risk;flow_prediction;staffing;bed_management,,False,
all_tools,1,mixed_140_critical_isolated_critical_critical_critical,patient_risk;flow_prediction;staffing;bed_management,,False,
all_tools,1,mixed_141_critical_multi_risk_strained_critical,patient_risk;flow_prediction;staffing;bed_management,,False,
all_tools,1,mixed_142_moderate_multi_risk_adequate_critical,patient_risk;flow_prediction;staffing;bed_management,,False,
all_tools,1,mixed_143_high_multi_risk_adequate_open,patient_risk;flow_prediction;staffing;bed_management,,False,
all_tools,1,mixed_144_critical_multi_risk_critical_critical,patient_risk;flow_prediction;staffing;bed_management,,False,
all_tools,1,mixed_145_low_stable_adequate_open,patient_risk;flow_prediction;staffing;bed_management,,False,
all_tools,1,mixed_146_moderate_stable_adequate_open,patient_risk;flow_prediction;staffing;bed_management,,False,
all_tools,1,mixed_147_high_stable_adequate_open,patient_risk;flow_prediction;staffing;bed_management,,False,
all_tools,1,mixed_148_critical_stable_adequate_open,patient_risk;flow_prediction;staffing;bed_management,,False,
all_tools,1,mixed_149_low_isolated_high_adequate_open,patient_risk;flow_prediction;staffing;bed_management,,False,
all_tools,1,mixed_150_moderate_isolated_high_adequate_open,patient_risk;flow_prediction;staffing;bed_management,,False,
all_tools,1,mixed_151_high_isolated_high_adequate_open,patient_risk;flow_prediction;staffing;bed_management,,False,
all_tools,1,mixed_152_critical_isolated_high_adequate_open,patient_risk;flow_prediction;staffing;bed_management,,False,
all_tools,1,mixed_153_low_isolated_critical_adequate_open,patient_risk;flow_prediction;staffing;bed_management,,False,
all_tools,1,mixed_154_moderate_isolated_critical_adequate_open,patient_risk;flow_prediction;staffing;bed_management,,False,
all_tools,1,mixed_155_high_isolated_critical_adequate_open,patient_risk;flow_prediction;staffing;bed_management,,False,
all_tools,1,mixed_156_critical_isolated_critical_adequate_open,patient_risk;flow_prediction;staffing;bed_management,,False,
all_tools,1,mixed_157_low_multi_risk_adequate_open,patient_risk;flow_prediction;staffing;bed_management,,False,
all_tools,1,mixed_158_high_multi_risk_critical_open,patient_risk;flow_prediction;staffing;bed_management,,False,
all_tools,1,mixed_159_high_multi_risk_adequate_open,patient_risk;flow_prediction;staffing;bed_management,,False,
all_tools,1,mixed_160_critical_multi_risk_adequate_open,patient_risk;flow_prediction;staffing;bed_management,,False,
all_tools,1,mixed_161_moderate_stable_strained_open,patient_risk;flow_prediction;staffing;bed_management,,False,
all_tools,1,mixed_162_moderate_stable_adequate_open,patient_risk;flow_prediction;staffing;bed_management,,False,
all_tools,1,mixed_163_high_stable_strained_open,patient_risk;flow_prediction;staffing;bed_management,,False,
all_tools,1,mixed_164_critical_stable_strained_open,patient_risk;flow_prediction;staffing;bed_management,,False,
all_tools,1,mixed_165_low_isolated_high_strained_open,patient_risk;flow_prediction;staffing;bed_management,,False,
all_tools,1,mixed_166_moderate_isolated_high_strained_open,patient_risk;flow_prediction;staffing;bed_management,,False,
all_tools,1,mixed_167_high_isolated_high_strained_open,patient_risk;flow_prediction;staffing;bed_management,,False,
all_tools,1,mixed_168_high_isolated_high_critical_open,patient_risk;flow_prediction;staffing;bed_management,,False,
all_tools,1,mixed_169_low_isolated_critical_strained_open,patient_risk;flow_prediction;staffing;bed_management,,False,
all_tools,1,mixed_170_moderate_isolated_critical_critical_open,patient_risk;flow_prediction;staffing;bed_management,,False,
all_tools,1,mixed_171_critical_isolated_critical_strained_open,patient_risk;flow_prediction;staffing;bed_management,,False,
all_tools,1,mixed_172_critical_isolated_critical_strained_open,patient_risk;flow_prediction;staffing;bed_management,,False,
all_tools,1,mixed_173_low_multi_risk_strained_open,patient_risk;flow_prediction;staffing;bed_management,,False,
all_tools,1,mixed_174_moderate_multi_risk_strained_open,patient_risk;flow_prediction;staffing;bed_management,,False,
all_tools,2,critical_congestion_with_sepsis,patient_risk;flow_prediction;staffing;bed_management,,False,
all_tools,2,stable_day_shift,patient_risk;flow_prediction;staffing;bed_management,,False,
all_tools,2,isolated_high_risk_patient,patient_risk;flow_prediction;staffing;bed_management,,False,
all_tools,2,staffing_crunch,patient_risk;flow_prediction;staffing;bed_management,,False,
all_tools,2,bed_block,patient_risk;flow_prediction;staffing;bed_management,,False,
all_tools,2,queue_overload,patient_risk;flow_prediction;staffing;bed_management,,False,
all_tools,2,mixed_001_low_stable_adequate_open,patient_risk;flow_prediction;staffing;bed_management,,False,
all_tools,2,mixed_002_moderate_stable_adequate_open,patient_risk;flow_prediction;staffing;bed_management,,False,
all_tools,2,mixed_003_high_stable_adequate_open,patient_risk;flow_prediction;staffing;bed_management,,False,
all_tools,2,mixed_004_critical_stable_adequate_open,patient_risk;flow_prediction;staffing;bed_management,,False,
all_tools,2,mixed_005_low_isolated_high_adequate_open,patient_risk;flow_prediction;staffing;bed_management,,False,
all_tools,2,mixed_006_moderate_isolated_high_critical_open,patient_risk;flow_prediction;staffing;bed_management,,False,
all_tools,2,mixed_007_low_isolated_high_adequate_open,patient_risk;flow_prediction;staffing;bed_management,,False,
all_tools,2,mixed_008_critical_isolated_high_adequate_open,patient_risk;flow_prediction;staffing;bed_management,,False,
all_tools,2,mixed_009_low_isolated_critical_adequate_open,patient_risk;flow_prediction;staffing;bed_management,,False,
all_tools,2,mixed_010_moderate_isolated_critical_adequate_open,patient_risk;flow_prediction;staffing;bed_management,,False,
all_tools,2,mixed_011_high_isolated_critical_adequate_critical,patient_risk;flow_prediction;staffing;bed_management,,False,
all_tools,2,mixed_012_critical_isolated_critical_adequate_open,patient_risk;flow_prediction;staffing;bed_management,,False,
all_tools,2,mixed_013_low_multi_risk_adequate_open,patient_risk;flow_prediction;staffing;bed_management,,False,
all_tools,2,mixed_014_moderate_multi_risk_adequate_open,patient_risk;flow_prediction;staffing;bed_management,,False,
all_tools,2,mixed_015_high_multi_risk_adequate_open,patient_risk;flow_prediction;staffing;bed_management,,False,
all_tools,2,mixed_016_critical_multi_risk_adequate_open,patient_risk;flow_prediction;staffing;bed_management,,False,
all_tools,2,mixed_017_low_stable_strained_open,patient_risk;flow_prediction;staffing;bed_management,,False,
all_tools,2,mixed_018_moderate_stable_strained_open,patient_risk;flow_prediction;staffing;bed_management,,False,
all_tools,2,mixed_019_high_stable_strained_open,patient_risk;flow_prediction;staffing;bed_management,,False,
all_tools,2,mixed_020_critical_stable_strained_open,patient_risk;flow_prediction;staffing;bed_management,,False,
all_tools,2,mixed_021_low_isolated_high_strained_open,patient_risk;flow_prediction;staffing;bed_management,,False,
all_tools,2,mixed_022_moderate_isolated_high_strained_open,patient_risk;flow_prediction;staffing;bed_management,,False,
all_tools,2,mixed_023_high_isolated_high_strained_open,patient_risk;flow_prediction;staffing;bed_management,,False,
all_tools,2,mixed_024_critical_isolated_high_strained_open,patient_risk;flow_prediction;staffing;bed_management,,False,
all_tools,2,mixed_025_low_isolated_critical_strained_open,patient_risk;flow_prediction;staffing;bed_management,,False,
all_tools,2,mixed_026_moderate_isolated_critical_strained_open,patient_risk;flow_prediction;staffing;bed_management,,False,
all_tools,2,mixed_027_moderate_isolated_critical_strained_open,patient_risk;flow_prediction;staffing;bed_management,,False,
all_tools,2,mixed_028_moderate_isolated_critical_strained_open,patient_risk;flow_prediction;staffing;bed_management,,False,
all_tools,2,mixed_029_low_multi_risk_strained_open,patient_risk;flow_prediction;staffing;bed_management,,False,
all_tools,2,mixed_030_moderate_multi_risk_strained_open,patient_risk;flow_prediction;staffing;bed_management,,False,
all_tools,2,mixed_031_critical_multi_risk_strained_open,patient_risk;flow_prediction;staffing;bed_management,,False,
all_tools,2,mixed_032_critical_multi_risk_strained_open,patient_risk;flow_prediction;staffing;bed_management,,False,
all_tools,2,mixed_033_low_stable_critical_open,patient_risk;flow_prediction;staffing;bed_management,,False,
all_tools,2,mixed_034_moderate_stable_critical_open,patient_risk;flow_prediction;staffing;bed_management,,False,
all_tools,2,mixed_035_high_stable_critical_open,patient_risk;flow_prediction;staffing;bed_management,,False,
all_tools,2,mixed_036_critical_stable_critical_open,patient_risk;flow_prediction;staffing;bed_management,,False,
all_tools,2,mixed_037_low_isolated_high_critical_open,patient_risk;flow_prediction;staffing;bed_management,,False,
all_tools,2,mixed_038_moderate_isolated_high_strained_open,patient_risk;flow_prediction;staffing;bed_management,,False,
all_tools,2,mixed_039_high_isolated_high_critical_open,patient_risk;flow_prediction;staffing;bed_management,,False,
all_tools,2,mixed_040_critical_isolated_high_critical_critical,patient_risk;flow_prediction;staffing;bed_management,,False,
all_tools,2,mixed_041_low_isolated_critical_critical_open,patient_risk;flow_prediction;staffing;bed_management,,False,
all_tools,2,mixed_042_low_isolated_critical_critical_open,patient_risk;flow_prediction;staffing;bed_management,,False,
all_tools,2,mixed_043_high_isolated_critical_critical_open,patient_risk;flow_prediction;staffing;bed_management,,False,
all_tools,2,mixed_044_critical_isolated_critical_critical_open,patient_risk;flow_prediction;staffing;bed_management,,False,
all_tools,2,mixed_045_low_multi_risk_critical_tight,patient_risk;flow_prediction;staffing;bed_management,,False,
all_tools,2,mixed_046_low_multi_risk_critical_open,patient_risk;flow_prediction;staffing;bed_management,,False,
all_tools,2,mixed_047_high_multi_risk_adequate_open,patient_risk;flow_prediction;staffing;bed_management,,False,
all_tools,2,mixed_048_moderate_multi_risk_critical_open,patient_risk;flow_prediction;staffing;bed_management,,False,
all_tools,2,mixed_049_critical_stable_adequate_critical,patient_risk;flow_prediction;staffing;bed_management,,False,
all_tools,2,mixed_050_moderate_stable_adequate_critical,patient_risk;flow_prediction;staffing;bed_management,,False,
all_tools,2,mixed_051_high_stable_adequate_tight,patient_risk;flow_prediction;staffing;bed_management,,False,
all_tools,2,mixed_052_critical_stable_adequate_tight,patient_risk;flow_prediction;staffing;bed_management,,False,
all_tools,2,mixed_053_low_isolated_high_adequate_tight,patient_risk;flow_prediction;staffing;bed_management,,False,
all_tools,2,mixed_054_moderate_isolated_high_adequate_tight,patient_risk;flow_prediction;staffing;bed_management,,False,
all_tools,2,mixed_055_high_isolated_high_strained_tight,patient_risk;flow_prediction;staffing;bed_management,,False,
all_tools,2,mixed_056_critical_isolated_high_adequate_tight,patient_risk;flow_prediction;staffing;bed_management,,False,
all_tools,2,mixed_057_low_isolated_critical_adequate_tight,patient_risk;flow_prediction;staffing;bed_management,,False,
all_tools,2,mixed_058_moderate_isolated_critical_adequate_tight,patient_risk;flow_prediction;staffing;bed_management,,False,
all_tools,2,mixed_059_high_isolated_critical_adequate_open,patient_risk;flow_prediction;staffing;bed_management,,False,
all_tools,2,mixed_060_critical_isolated_critical_adequate_tight,patient_risk;flow_prediction;staffing;bed_management,,False,
all_tools,2,mixed_061_low_multi_risk_adequate_tight,patient_risk;flow_prediction;staffing;bed_management,,False,
all_tools,2,mixed_062_moderate_multi_risk_adequate_tight,patient_risk;flow_prediction;staffing;bed_management,,False,
all_tools,2,mixed_063_high_multi_risk_adequate_open,patient_risk;flow_prediction;staffing;bed_management,,False,
all_tools,2,mixed_064_critical_multi_risk_adequate_tight,patient_risk;flow_prediction;staffing;bed_management,,False,
all_tools,2,mixed_065_low_stable_critical_tight,patient_risk;flow_prediction;staffing;bed_management,,False,
all_tools,2,mixed_066_moderate_stable_strained_tight,patient_risk;flow_prediction;staffing;bed_management,,False,
all_tools,2,mixed_067_high_stable_critical_tight,patient_risk;flow_prediction;staffing;bed_management,,False,
all_tools,2,mixed_068_critical_stable_strained_tight,patient_risk;flow_prediction;staffing;bed_management,,False,
all_tools,2,mixed_069_low_isolated_high_strained_tight,patient_risk;flow_prediction;staffing;bed_management,,False,
all_tools,2,mixed_070_moderate_isolated_high_strained_tight,patient_risk;flow_prediction;staffing;bed_management,,False,
all_tools,2,mixed_071_high_isolated_high_strained_tight,patient_risk;flow_prediction;staffing;bed_management,,False,
all_tools,2,mixed_072_critical_isolated_high_strained_tight,patient_risk;flow_prediction;staffing;bed_management,,False,
all_tools,2,mixed_073_critical_isolated_critical_strained_open,patient_risk;flow_prediction;staffing;bed_management,,False,
all_tools,2,mixed_074_moderate_isolated_critical_strained_critical,patient_risk;flow_prediction;staffing;bed_management,,False,
all_tools,2,mixed_075_high_isolated_critical_strained_open,patient_risk;flow_prediction;staffing;bed_management,,False,
all_tools,2,mixed_076_critical_isolated_critical_strained_tight,patient_risk;flow_prediction;staffing;bed_management,,False,
all_tools,2,mixed_077_low_multi_risk_strained_tight,patient_risk;flow_prediction;staffing;bed_management,,False,
all_tools,2,mixed_078_moderate_multi_risk_strained_tight,patient_risk;flow_prediction;staffing;bed_management,,False,
all_tools,2,mixed_079_high_multi_risk_adequate_tight,patient_risk;flow_prediction;staffing;bed_management,,False,
all_tools,2,mixed_080_critical_multi_risk_strained_tight,patient_risk;flow_prediction;staffing;bed_management,,False,
all_tools,2,mixed_081_moderate_stable_strained_critical,patient_risk;flow_prediction;staffing;bed_management,,False,
all_tools,2,mixed_082_moderate_stable_critical_tight,patient_risk;flow_prediction;staffing;bed_management,,False,
all_tools,2,mixed_083_high_stable_adequate_tight,patient_risk;flow_prediction;staffing;bed_management,,False,
all_tools,2,mixed_084_high_stable_critical_tight,patient_risk;flow_prediction;staffing;bed_management,,False,
all_tools,2,mixed_085_low_isolated_high_critical_tight,patient_risk;flow_prediction;staffing;bed_management,,False,
all_tools,2,mixed_086_moderate_isolated_high_critical_critical,patient_risk;flow_prediction;staffing;bed_management,,False,
all_tools,2,mixed_087_high_isolated_high_strained_tight,patient_risk;flow_prediction;staffing;bed_management,,False,
all_tools,2,mixed_088_low_isolated_high_critical_tight,patient_risk;flow_prediction;staffing;bed_management,,False,
all_tools,2,mixed_089_low_isolated_critical_critical_tight,patient_risk;flow_prediction;staffing;bed_management,,False,
all_tools,2,mixed_090_moderate_isolated_critical_adequate_tight,patient_risk;flow_prediction;staffing;bed_management,,False,
all_tools,2,mixed_091_high_isolated_critical_critical_tight,patient_risk;flow_prediction;staffing;bed_management,,False,
all_tools,2,mixed_092_critical_isolated_critical_adequate_open,patient_risk;flow_prediction;staffing;bed_management,,False,
all_tools,2,mixed_093_low_multi_risk_critical_tight,patient_risk;flow_prediction;staffing;bed_management,,False,
all_tools,2,mixed_094_moderate_multi_risk_critical_tight,patient_risk;flow_prediction;staffing;bed_management,,False,
all_tools,2,mixed_095_high_multi_risk_critical_tight,patient_risk;flow_prediction;staffing;bed_management,,False,
all_tools,2,mixed_096_critical_multi_risk_critical_open,patient_risk;flow_prediction;staffing;bed_management,,False,
all_tools,2,mixed_097_low_stable_adequate_critical,patient_risk;flow_prediction;staffing;bed_management,,False,
all_tools,2,mixed_098_moderate_stable_strained_tight,patient_risk;flow_prediction;staffing;bed_management,,False,
all_tools,2,mixed_099_critical_stable_adequate_critical,patient_risk;flow_prediction;staffing;bed_management,,False,
all_tools,2,mixed_100_critical_stable_adequate_critical,patient_risk;flow_prediction;staffing;bed_management,,False,
all_tools,2,mixed_101_low_isolated_high_adequate_tight,patient_risk;flow_prediction;staffing;bed_management,,False,
all_tools,2,mixed_102_moderate_isolated_high_adequate_critical,patient_risk;flow_prediction;staffing;bed_management,,False,
all_tools,2,mixed_103_high_isolated_high_adequate_critical,patient_risk;flow_prediction;staffing;bed_management,,False,
all_tools,2,mixed_104_critical_isolated_high_adequate_critical,patient_risk;flow_prediction;staffing;bed_management,,False,
all_tools,2,mixed_105_low_isolated_critical_adequate_critical,patient_risk;flow_prediction;staffing;bed_management,,False,
all_tools,2,mixed_106_moderate_isolated_critical_adequate_critical,patient_risk;flow_prediction;staffing;bed_management,,False,
all_tools,2,mixed_107_moderate_isolated_critical_adequate_critical,patient_risk;flow_prediction;staffing;bed_management,,False,
all_tools,2,mixed_108_critical_isolated_critical_adequate_critical,patient_risk;flow_prediction;staffing;bed_management,,False,
all_tools,2,mixed_109_moderate_multi_risk_adequate_critical,patient_risk;flow_prediction;staffing;bed_management,,False,
all_tools,2,mixed_110_moderate_multi_risk_adequate_critical,patient_risk;flow_prediction;staffing;bed_management,,False,
all_tools,2,mixed_111_low_multi_risk_adequate_critical,patient_risk;flow_prediction;staffing;bed_management,,False,
all_tools,2,mixed_112_critical_multi_risk_critical_tight,patient_risk;flow_prediction;staffing;bed_management,,False,
all_tools,2,mixed_113_low_stable_strained_critical,patient_risk;flow_prediction;staffing;bed_management,,False,
all_tools,2,mixed_114_moderate_stable_strained_critical,patient_risk;flow_prediction;staffing;bed_management,,False,
all_tools,2,mixed_115_high_stable_strained_critical,patient_risk;flow_prediction;staffing;bed_management,,False,
all_tools,2,mixed_116_critical_stable_strained_critical,patient_risk;flow_prediction;staffing;bed_management,,False,
all_tools,2,mixed_117_high_isolated_high_strained_critical,patient_risk;flow_prediction;staffing;bed_management,,False,
all_tools,2,mixed_118_moderate_isolated_high_adequate_critical,patient_risk;flow_prediction;staffing;bed_management,,False,
all_tools,2,mixed_119_high_isolated_high_adequate_critical,patient_risk;flow_prediction;staffing;bed_management,,False,
all_tools,2,mixed_120_low_isolated_high_strained_critical,patient_risk;flow_prediction;staffing;bed_management,,False,
all_tools,2,mixed_121_low_isolated_critical_strained_critical,patient_risk;flow_prediction;staffing;bed_management,,False,
all_tools,2,mixed_122_moderate_isolated_critical_strained_critical,patient_risk;flow_prediction;staffing;bed_management,,False,
all_tools,2,mixed_123_high_isolated_critical_strained_critical,patient_risk;flow_prediction;staffing;bed_management,,False,
all_tools,2,mixed_124_moderate_isolated_critical_strained_tight,patient_risk;flow_prediction;staffing;bed_management,,False,
all_tools,2,mixed_125_low_multi_risk_strained_critical,patient_risk;flow_prediction;staffing;bed_management,,False,
all_tools,2,mixed_126_low_multi_risk_strained_critical,patient_risk;flow_prediction;staffing;bed_management,,False,
all_tools,2,mixed_127_high_multi_risk_strained_critical,patient_risk;flow_prediction;staffing;bed_management,,False,
all_tools,2,mixed_128_moderate_multi_risk_strained_critical,patient_risk;flow_prediction;staffing;bed_management,,False,
all_tools,2,mixed_129_low_stable_critical_tight,patient_risk;flow_prediction;staffing;bed_management,,False,
all_tools,2,mixed_130_moderate_stable_critical_critical,patient_risk;flow_prediction;staffing;bed_management,,False,
all_tools,2,mixed_131_moderate_stable_critical_critical,patient_risk;flow_prediction;staffing;bed_management,,False,
all_tools,2,mixed_132_low_stable_critical_critical,patient_risk;flow_prediction;staffing;bed_management,,False,
all_tools,2,mixed_133_low_isolated_high_critical_critical,patient_risk;flow_prediction;staffing;bed_management,,False,
all_tools,2,mixed_134_moderate_isolated_high_critical_critical,patient_risk;flow_prediction;staffing;bed_management,,False,
all_tools,2,mixed_135_high_isolated_high_critical_critical,patient_risk;flow_prediction;staffing;bed_management,,False,
all_tools,2,mixed_136_critical_isolated_high_critical_critical,patient_risk;flow_prediction;staffing;bed_management,,False,
all_tools,2,mixed_137_high_isolated_critical_critical_critical,patient_risk;flow_prediction;staffing;bed_management,,False,
all_tools,2,mixed_138_low_isolated_critical_critical_critical,patient_risk;flow_prediction;staffing;bed_management,,False,
all_tools,2,mixed_139_low_isolated_critical_critical_critical,patient_risk;flow_prediction;staffing;bed_management,,False,
all_tools,2,mixed_140_critical_isolated_critical_critical_critical,patient_risk;flow_prediction;staffing;bed_management,,False,
all_tools,2,mixed_141_critical_multi_risk_strained_critical,patient_risk;flow_prediction;staffing;bed_management,,False,
all_tools,2,mixed_142_moderate_multi_risk_adequate_critical,patient_risk;flow_prediction;staffing;bed_management,,False,
all_tools,2,mixed_143_high_multi_risk_adequate_open,patient_risk;flow_prediction;staffing;bed_management,,False,
all_tools,2,mixed_144_critical_multi_risk_critical_critical,patient_risk;flow_prediction;staffing;bed_management,,False,
all_tools,2,mixed_145_low_stable_adequate_open,patient_risk;flow_prediction;staffing;bed_management,,False,
all_tools,2,mixed_146_moderate_stable_adequate_open,patient_risk;flow_prediction;staffing;bed_management,,False,
all_tools,2,mixed_147_high_stable_adequate_open,patient_risk;flow_prediction;staffing;bed_management,,False,
all_tools,2,mixed_148_critical_stable_adequate_open,patient_risk;flow_prediction;staffing;bed_management,,False,
all_tools,2,mixed_149_low_isolated_high_adequate_open,patient_risk;flow_prediction;staffing;bed_management,,False,
all_tools,2,mixed_150_moderate_isolated_high_adequate_open,patient_risk;flow_prediction;staffing;bed_management,,False,
all_tools,2,mixed_151_high_isolated_high_adequate_open,patient_risk;flow_prediction;staffing;bed_management,,False,
all_tools,2,mixed_152_critical_isolated_high_adequate_open,patient_risk;flow_prediction;staffing;bed_management,,False,
all_tools,2,mixed_153_low_isolated_critical_adequate_open,patient_risk;flow_prediction;staffing;bed_management,,False,
all_tools,2,mixed_154_moderate_isolated_critical_adequate_open,patient_risk;flow_prediction;staffing;bed_management,,False,
all_tools,2,mixed_155_high_isolated_critical_adequate_open,patient_risk;flow_prediction;staffing;bed_management,,False,
all_tools,2,mixed_156_critical_isolated_critical_adequate_open,patient_risk;flow_prediction;staffing;bed_management,,False,
all_tools,2,mixed_157_low_multi_risk_adequate_open,patient_risk;flow_prediction;staffing;bed_management,,False,
all_tools,2,mixed_158_high_multi_risk_critical_open,patient_risk;flow_prediction;staffing;bed_management,,False,
all_tools,2,mixed_159_high_multi_risk_adequate_open,patient_risk;flow_prediction;staffing;bed_management,,False,
all_tools,2,mixed_160_critical_multi_risk_adequate_open,patient_risk;flow_prediction;staffing;bed_management,,False,
all_tools,2,mixed_161_moderate_stable_strained_open,patient_risk;flow_prediction;staffing;bed_management,,False,
all_tools,2,mixed_162_moderate_stable_adequate_open,patient_risk;flow_prediction;staffing;bed_management,,False,
all_tools,2,mixed_163_high_stable_strained_open,patient_risk;flow_prediction;staffing;bed_management,,False,
all_tools,2,mixed_164_critical_stable_strained_open,patient_risk;flow_prediction;staffing;bed_management,,False,
all_tools,2,mixed_165_low_isolated_high_strained_open,patient_risk;flow_prediction;staffing;bed_management,,False,
all_tools,2,mixed_166_moderate_isolated_high_strained_open,patient_risk;flow_prediction;staffing;bed_management,,False,
all_tools,2,mixed_167_high_isolated_high_strained_open,patient_risk;flow_prediction;staffing;bed_management,,False,
all_tools,2,mixed_168_high_isolated_high_critical_open,patient_risk;flow_prediction;staffing;bed_management,,False,
all_tools,2,mixed_169_low_isolated_critical_strained_open,patient_risk;flow_prediction;staffing;bed_management,,False,
all_tools,2,mixed_170_moderate_isolated_critical_critical_open,patient_risk;flow_prediction;staffing;bed_management,,False,
all_tools,2,mixed_171_critical_isolated_critical_strained_open,patient_risk;flow_prediction;staffing;bed_management,,False,
all_tools,2,mixed_172_critical_isolated_critical_strained_open,patient_risk;flow_prediction;staffing;bed_management,,False,
all_tools,2,mixed_173_low_multi_risk_strained_open,patient_risk;flow_prediction;staffing;bed_management,,False,
all_tools,2,mixed_174_moderate_multi_risk_strained_open,patient_risk;flow_prediction;staffing;bed_management,,False,
all_tools,3,critical_congestion_with_sepsis,patient_risk;flow_prediction;staffing;bed_management,,False,
all_tools,3,stable_day_shift,patient_risk;flow_prediction;staffing;bed_management,,False,
all_tools,3,isolated_high_risk_patient,patient_risk;flow_prediction;staffing;bed_management,,False,
all_tools,3,staffing_crunch,patient_risk;flow_prediction;staffing;bed_management,,False,
all_tools,3,bed_block,patient_risk;flow_prediction;staffing;bed_management,,False,
all_tools,3,queue_overload,patient_risk;flow_prediction;staffing;bed_management,,False,
all_tools,3,mixed_001_low_stable_adequate_open,patient_risk;flow_prediction;staffing;bed_management,,False,
all_tools,3,mixed_002_moderate_stable_adequate_open,patient_risk;flow_prediction;staffing;bed_management,,False,
all_tools,3,mixed_003_high_stable_adequate_open,patient_risk;flow_prediction;staffing;bed_management,,False,
all_tools,3,mixed_004_critical_stable_adequate_open,patient_risk;flow_prediction;staffing;bed_management,,False,
all_tools,3,mixed_005_low_isolated_high_adequate_open,patient_risk;flow_prediction;staffing;bed_management,,False,
all_tools,3,mixed_006_moderate_isolated_high_critical_open,patient_risk;flow_prediction;staffing;bed_management,,False,
all_tools,3,mixed_007_low_isolated_high_adequate_open,patient_risk;flow_prediction;staffing;bed_management,,False,
all_tools,3,mixed_008_critical_isolated_high_adequate_open,patient_risk;flow_prediction;staffing;bed_management,,False,
all_tools,3,mixed_009_low_isolated_critical_adequate_open,patient_risk;flow_prediction;staffing;bed_management,,False,
all_tools,3,mixed_010_moderate_isolated_critical_adequate_open,patient_risk;flow_prediction;staffing;bed_management,,False,
all_tools,3,mixed_011_high_isolated_critical_adequate_critical,patient_risk;flow_prediction;staffing;bed_management,,False,
all_tools,3,mixed_012_critical_isolated_critical_adequate_open,patient_risk;flow_prediction;staffing;bed_management,,False,
all_tools,3,mixed_013_low_multi_risk_adequate_open,patient_risk;flow_prediction;staffing;bed_management,,False,
all_tools,3,mixed_014_moderate_multi_risk_adequate_open,patient_risk;flow_prediction;staffing;bed_management,,False,
all_tools,3,mixed_015_high_multi_risk_adequate_open,patient_risk;flow_prediction;staffing;bed_management,,False,
all_tools,3,mixed_016_critical_multi_risk_adequate_open,patient_risk;flow_prediction;staffing;bed_management,,False,
all_tools,3,mixed_017_low_stable_strained_open,patient_risk;flow_prediction;staffing;bed_management,,False,
all_tools,3,mixed_018_moderate_stable_strained_open,patient_risk;flow_prediction;staffing;bed_management,,False,
all_tools,3,mixed_019_high_stable_strained_open,patient_risk;flow_prediction;staffing;bed_management,,False,
all_tools,3,mixed_020_critical_stable_strained_open,patient_risk;flow_prediction;staffing;bed_management,,False,
all_tools,3,mixed_021_low_isolated_high_strained_open,patient_risk;flow_prediction;staffing;bed_management,,False,
all_tools,3,mixed_022_moderate_isolated_high_strained_open,patient_risk;flow_prediction;staffing;bed_management,,False,
all_tools,3,mixed_023_high_isolated_high_strained_open,patient_risk;flow_prediction;staffing;bed_management,,False,
all_tools,3,mixed_024_critical_isolated_high_strained_open,patient_risk;flow_prediction;staffing;bed_management,,False,
all_tools,3,mixed_025_low_isolated_critical_strained_open,patient_risk;flow_prediction;staffing;bed_management,,False,
all_tools,3,mixed_026_moderate_isolated_critical_strained_open,patient_risk;flow_prediction;staffing;bed_management,,False,
all_tools,3,mixed_027_moderate_isolated_critical_strained_open,patient_risk;flow_prediction;staffing;bed_management,,False,
all_tools,3,mixed_028_moderate_isolated_critical_strained_open,patient_risk;flow_prediction;staffing;bed_management,,False,
all_tools,3,mixed_029_low_multi_risk_strained_open,patient_risk;flow_prediction;staffing;bed_management,,False,
all_tools,3,mixed_030_moderate_multi_risk_strained_open,patient_risk;flow_prediction;staffing;bed_management,,False,
all_tools,3,mixed_031_critical_multi_risk_strained_open,patient_risk;flow_prediction;staffing;bed_management,,False,
all_tools,3,mixed_032_critical_multi_risk_strained_open,patient_risk;flow_prediction;staffing;bed_management,,False,
all_tools,3,mixed_033_low_stable_critical_open,patient_risk;flow_prediction;staffing;bed_management,,False,
all_tools,3,mixed_034_moderate_stable_critical_open,patient_risk;flow_prediction;staffing;bed_management,,False,
all_tools,3,mixed_035_high_stable_critical_open,patient_risk;flow_prediction;staffing;bed_management,,False,
all_tools,3,mixed_036_critical_stable_critical_open,patient_risk;flow_prediction;staffing;bed_management,,False,
all_tools,3,mixed_037_low_isolated_high_critical_open,patient_risk;flow_prediction;staffing;bed_management,,False,
all_tools,3,mixed_038_moderate_isolated_high_strained_open,patient_risk;flow_prediction;staffing;bed_management,,False,
all_tools,3,mixed_039_high_isolated_high_critical_open,patient_risk;flow_prediction;staffing;bed_management,,False,
all_tools,3,mixed_040_critical_isolated_high_critical_critical,patient_risk;flow_prediction;staffing;bed_management,,False,
all_tools,3,mixed_041_low_isolated_critical_critical_open,patient_risk;flow_prediction;staffing;bed_management,,False,
all_tools,3,mixed_042_low_isolated_critical_critical_open,patient_risk;flow_prediction;staffing;bed_management,,False,
all_tools,3,mixed_043_high_isolated_critical_critical_open,patient_risk;flow_prediction;staffing;bed_management,,False,
all_tools,3,mixed_044_critical_isolated_critical_critical_open,patient_risk;flow_prediction;staffing;bed_management,,False,
all_tools,3,mixed_045_low_multi_risk_critical_tight,patient_risk;flow_prediction;staffing;bed_management,,False,
all_tools,3,mixed_046_low_multi_risk_critical_open,patient_risk;flow_prediction;staffing;bed_management,,False,
all_tools,3,mixed_047_high_multi_risk_adequate_open,patient_risk;flow_prediction;staffing;bed_management,,False,
all_tools,3,mixed_048_moderate_multi_risk_critical_open,patient_risk;flow_prediction;staffing;bed_management,,False,
all_tools,3,mixed_049_critical_stable_adequate_critical,patient_risk;flow_prediction;staffing;bed_management,,False,
all_tools,3,mixed_050_moderate_stable_adequate_critical,patient_risk;flow_prediction;staffing;bed_management,,False,
all_tools,3,mixed_051_high_stable_adequate_tight,patient_risk;flow_prediction;staffing;bed_management,,False,
all_tools,3,mixed_052_critical_stable_adequate_tight,patient_risk;flow_prediction;staffing;bed_management,,False,
all_tools,3,mixed_053_low_isolated_high_adequate_tight,patient_risk;flow_prediction;staffing;bed_management,,False,
all_tools,3,mixed_054_moderate_isolated_high_adequate_tight,patient_risk;flow_prediction;staffing;bed_management,,False,
all_tools,3,mixed_055_high_isolated_high_strained_tight,patient_risk;flow_prediction;staffing;bed_management,,False,
all_tools,3,mixed_056_critical_isolated_high_adequate_tight,patient_risk;flow_prediction;staffing;bed_management,,False,
all_tools,3,mixed_057_low_isolated_critical_adequate_tight,patient_risk;flow_prediction;staffing;bed_management,,False,
all_tools,3,mixed_058_moderate_isolated_critical_adequate_tight,patient_risk;flow_prediction;staffing;bed_management,,False,
all_tools,3,mixed_059_high_isolated_critical_adequate_open,patient_risk;flow_prediction;staffing;bed_management,,False,
all_tools,3,mixed_060_critical_isolated_critical_adequate_tight,patient_risk;flow_prediction;staffing;bed_management,,False,
all_tools,3,mixed_061_low_multi_risk_adequate_tight,patient_risk;flow_prediction;staffing;bed_management,,False,
all_tools,3,mixed_062_moderate_multi_risk_adequate_tight,patient_risk;flow_prediction;staffing;bed_management,,False,
all_tools,3,mixed_063_high_multi_risk_adequate_open,patient_risk;flow_prediction;staffing;bed_management,,False,
all_tools,3,mixed_064_critical_multi_risk_adequate_tight,patient_risk;flow_prediction;staffing;bed_management,,False,
all_tools,3,mixed_065_low_stable_critical_tight,patient_risk;flow_prediction;staffing;bed_management,,False,
all_tools,3,mixed_066_moderate_stable_strained_tight,patient_risk;flow_prediction;staffing;bed_management,,False,
all_tools,3,mixed_067_high_stable_critical_tight,patient_risk;flow_prediction;staffing;bed_management,,False,
all_tools,3,mixed_068_critical_stable_strained_tight,patient_risk;flow_prediction;staffing;bed_management,,False,
all_tools,3,mixed_069_low_isolated_high_strained_tight,patient_risk;flow_prediction;staffing;bed_management,,False,
all_tools,3,mixed_070_moderate_isolated_high_strained_tight,patient_risk;flow_prediction;staffing;bed_management,,False,
all_tools,3,mixed_071_high_isolated_high_strained_tight,patient_risk;flow_prediction;staffing;bed_management,,False,
all_tools,3,mixed_072_critical_isolated_high_strained_tight,patient_risk;flow_prediction;staffing;bed_management,,False,
all_tools,3,mixed_073_critical_isolated_critical_strained_open,patient_risk;flow_prediction;staffing;bed_management,,False,
all_tools,3,mixed_074_moderate_isolated_critical_strained_critical,patient_risk;flow_prediction;staffing;bed_management,,False,
all_tools,3,mixed_075_high_isolated_critical_strained_open,patient_risk;flow_prediction;staffing;bed_management,,False,
all_tools,3,mixed_076_critical_isolated_critical_strained_tight,patient_risk;flow_prediction;staffing;bed_management,,False,
all_tools,3,mixed_077_low_multi_risk_strained_tight,patient_risk;flow_prediction;staffing;bed_management,,False,
all_tools,3,mixed_078_moderate_multi_risk_strained_tight,patient_risk;flow_prediction;staffing;bed_management,,False,
all_tools,3,mixed_079_high_multi_risk_adequate_tight,patient_risk;flow_prediction;staffing;bed_management,,False,
all_tools,3,mixed_080_critical_multi_risk_strained_tight,patient_risk;flow_prediction;staffing;bed_management,,False,
all_tools,3,mixed_081_moderate_stable_strained_critical,patient_risk;flow_prediction;staffing;bed_management,,False,
all_tools,3,mixed_082_moderate_stable_critical_tight,patient_risk;flow_prediction;staffing;bed_management,,False,
all_tools,3,mixed_083_high_stable_adequate_tight,patient_risk;flow_prediction;staffing;bed_management,,False,
all_tools,3,mixed_084_high_stable_critical_tight,patient_risk;flow_prediction;staffing;bed_management,,False,
all_tools,3,mixed_085_low_isolated_high_critical_tight,patient_risk;flow_prediction;staffing;bed_management,,False,
all_tools,3,mixed_086_moderate_isolated_high_critical_critical,patient_risk;flow_prediction;staffing;bed_management,,False,
all_tools,3,mixed_087_high_isolated_high_strained_tight,patient_risk;flow_prediction;staffing;bed_management,,False,
all_tools,3,mixed_088_low_isolated_high_critical_tight,patient_risk;flow_prediction;staffing;bed_management,,False,
all_tools,3,mixed_089_low_isolated_critical_critical_tight,patient_risk;flow_prediction;staffing;bed_management,,False,
all_tools,3,mixed_090_moderate_isolated_critical_adequate_tight,patient_risk;flow_prediction;staffing;bed_management,,False,
all_tools,3,mixed_091_high_isolated_critical_critical_tight,patient_risk;flow_prediction;staffing;bed_management,,False,
all_tools,3,mixed_092_critical_isolated_critical_adequate_open,patient_risk;flow_prediction;staffing;bed_management,,False,
all_tools,3,mixed_093_low_multi_risk_critical_tight,patient_risk;flow_prediction;staffing;bed_management,,False,
all_tools,3,mixed_094_moderate_multi_risk_critical_tight,patient_risk;flow_prediction;staffing;bed_management,,False,
all_tools,3,mixed_095_high_multi_risk_critical_tight,patient_risk;flow_prediction;staffing;bed_management,,False,
all_tools,3,mixed_096_critical_multi_risk_critical_open,patient_risk;flow_prediction;staffing;bed_management,,False,
all_tools,3,mixed_097_low_stable_adequate_critical,patient_risk;flow_prediction;staffing;bed_management,,False,
all_tools,3,mixed_098_moderate_stable_strained_tight,patient_risk;flow_prediction;staffing;bed_management,,False,
all_tools,3,mixed_099_critical_stable_adequate_critical,patient_risk;flow_prediction;staffing;bed_management,,False,
all_tools,3,mixed_100_critical_stable_adequate_critical,patient_risk;flow_prediction;staffing;bed_management,,False,
all_tools,3,mixed_101_low_isolated_high_adequate_tight,patient_risk;flow_prediction;staffing;bed_management,,False,
all_tools,3,mixed_102_moderate_isolated_high_adequate_critical,patient_risk;flow_prediction;staffing;bed_management,,False,
all_tools,3,mixed_103_high_isolated_high_adequate_critical,patient_risk;flow_prediction;staffing;bed_management,,False,
all_tools,3,mixed_104_critical_isolated_high_adequate_critical,patient_risk;flow_prediction;staffing;bed_management,,False,
all_tools,3,mixed_105_low_isolated_critical_adequate_critical,patient_risk;flow_prediction;staffing;bed_management,,False,
all_tools,3,mixed_106_moderate_isolated_critical_adequate_critical,patient_risk;flow_prediction;staffing;bed_management,,False,
all_tools,3,mixed_107_moderate_isolated_critical_adequate_critical,patient_risk;flow_prediction;staffing;bed_management,,False,
all_tools,3,mixed_108_critical_isolated_critical_adequate_critical,patient_risk;flow_prediction;staffing;bed_management,,False,
all_tools,3,mixed_109_moderate_multi_risk_adequate_critical,patient_risk;flow_prediction;staffing;bed_management,,False,
all_tools,3,mixed_110_moderate_multi_risk_adequate_critical,patient_risk;flow_prediction;staffing;bed_management,,False,
all_tools,3,mixed_111_low_multi_risk_adequate_critical,patient_risk;flow_prediction;staffing;bed_management,,False,
all_tools,3,mixed_112_critical_multi_risk_critical_tight,patient_risk;flow_prediction;staffing;bed_management,,False,
all_tools,3,mixed_113_low_stable_strained_critical,patient_risk;flow_prediction;staffing;bed_management,,False,
all_tools,3,mixed_114_moderate_stable_strained_critical,patient_risk;flow_prediction;staffing;bed_management,,False,
all_tools,3,mixed_115_high_stable_strained_critical,patient_risk;flow_prediction;staffing;bed_management,,False,
all_tools,3,mixed_116_critical_stable_strained_critical,patient_risk;flow_prediction;staffing;bed_management,,False,
all_tools,3,mixed_117_high_isolated_high_strained_critical,patient_risk;flow_prediction;staffing;bed_management,,False,
all_tools,3,mixed_118_moderate_isolated_high_adequate_critical,patient_risk;flow_prediction;staffing;bed_management,,False,
all_tools,3,mixed_119_high_isolated_high_adequate_critical,patient_risk;flow_prediction;staffing;bed_management,,False,
all_tools,3,mixed_120_low_isolated_high_strained_critical,patient_risk;flow_prediction;staffing;bed_management,,False,
all_tools,3,mixed_121_low_isolated_critical_strained_critical,patient_risk;flow_prediction;staffing;bed_management,,False,
all_tools,3,mixed_122_moderate_isolated_critical_strained_critical,patient_risk;flow_prediction;staffing;bed_management,,False,
all_tools,3,mixed_123_high_isolated_critical_strained_critical,patient_risk;flow_prediction;staffing;bed_management,,False,
all_tools,3,mixed_124_moderate_isolated_critical_strained_tight,patient_risk;flow_prediction;staffing;bed_management,,False,
all_tools,3,mixed_125_low_multi_risk_strained_critical,patient_risk;flow_prediction;staffing;bed_management,,False,
all_tools,3,mixed_126_low_multi_risk_strained_critical,patient_risk;flow_prediction;staffing;bed_management,,False,
all_tools,3,mixed_127_high_multi_risk_strained_critical,patient_risk;flow_prediction;staffing;bed_management,,False,
all_tools,3,mixed_128_moderate_multi_risk_strained_critical,patient_risk;flow_prediction;staffing;bed_management,,False,
all_tools,3,mixed_129_low_stable_critical_tight,patient_risk;flow_prediction;staffing;bed_management,,False,
all_tools,3,mixed_130_moderate_stable_critical_critical,patient_risk;flow_prediction;staffing;bed_management,,False,
all_tools,3,mixed_131_moderate_stable_critical_critical,patient_risk;flow_prediction;staffing;bed_management,,False,
all_tools,3,mixed_132_low_stable_critical_critical,patient_risk;flow_prediction;staffing;bed_management,,False,
all_tools,3,mixed_133_low_isolated_high_critical_critical,patient_risk;flow_prediction;staffing;bed_management,,False,
all_tools,3,mixed_134_moderate_isolated_high_critical_critical,patient_risk;flow_prediction;staffing;bed_management,,False,
all_tools,3,mixed_135_high_isolated_high_critical_critical,patient_risk;flow_prediction;staffing;bed_management,,False,
all_tools,3,mixed_136_critical_isolated_high_critical_critical,patient_risk;flow_prediction;staffing;bed_management,,False,
all_tools,3,mixed_137_high_isolated_critical_critical_critical,patient_risk;flow_prediction;staffing;bed_management,,False,
all_tools,3,mixed_138_low_isolated_critical_critical_critical,patient_risk;flow_prediction;staffing;bed_management,,False,
all_tools,3,mixed_139_low_isolated_critical_critical_critical,patient_risk;flow_prediction;staffing;bed_management,,False,
all_tools,3,mixed_140_critical_isolated_critical_critical_critical,patient_risk;flow_prediction;staffing;bed_management,,False,
all_tools,3,mixed_141_critical_multi_risk_strained_critical,patient_risk;flow_prediction;staffing;bed_management,,False,
all_tools,3,mixed_142_moderate_multi_risk_adequate_critical,patient_risk;flow_prediction;staffing;bed_management,,False,
all_tools,3,mixed_143_high_multi_risk_adequate_open,patient_risk;flow_prediction;staffing;bed_management,,False,
all_tools,3,mixed_144_critical_multi_risk_critical_critical,patient_risk;flow_prediction;staffing;bed_management,,False,
all_tools,3,mixed_145_low_stable_adequate_open,patient_risk;flow_prediction;staffing;bed_management,,False,
all_tools,3,mixed_146_moderate_stable_adequate_open,patient_risk;flow_prediction;staffing;bed_management,,False,
all_tools,3,mixed_147_high_stable_adequate_open,patient_risk;flow_prediction;staffing;bed_management,,False,
all_tools,3,mixed_148_critical_stable_adequate_open,patient_risk;flow_prediction;staffing;bed_management,,False,
all_tools,3,mixed_149_low_isolated_high_adequate_open,patient_risk;flow_prediction;staffing;bed_management,,False,
all_tools,3,mixed_150_moderate_isolated_high_adequate_open,patient_risk;flow_prediction;staffing;bed_management,,False,
all_tools,3,mixed_151_high_isolated_high_adequate_open,patient_risk;flow_prediction;staffing;bed_management,,False,
all_tools,3,mixed_152_critical_isolated_high_adequate_open,patient_risk;flow_prediction;staffing;bed_management,,False,
all_tools,3,mixed_153_low_isolated_critical_adequate_open,patient_risk;flow_prediction;staffing;bed_management,,False,
all_tools,3,mixed_154_moderate_isolated_critical_adequate_open,patient_risk;flow_prediction;staffing;bed_management,,False,
all_tools,3,mixed_155_high_isolated_critical_adequate_open,patient_risk;flow_prediction;staffing;bed_management,,False,
all_tools,3,mixed_156_critical_isolated_critical_adequate_open,patient_risk;flow_prediction;staffing;bed_management,,False,
all_tools,3,mixed_157_low_multi_risk_adequate_open,patient_risk;flow_prediction;staffing;bed_management,,False,
all_tools,3,mixed_158_high_multi_risk_critical_open,patient_risk;flow_prediction;staffing;bed_management,,False,
all_tools,3,mixed_159_high_multi_risk_adequate_open,patient_risk;flow_prediction;staffing;bed_management,,False,
all_tools,3,mixed_160_critical_multi_risk_adequate_open,patient_risk;flow_prediction;staffing;bed_management,,False,
all_tools,3,mixed_161_moderate_stable_strained_open,patient_risk;flow_prediction;staffing;bed_management,,False,
all_tools,3,mixed_162_moderate_stable_adequate_open,patient_risk;flow_prediction;staffing;bed_management,,False,
all_tools,3,mixed_163_high_stable_strained_open,patient_risk;flow_prediction;staffing;bed_management,,False,
all_tools,3,mixed_164_critical_stable_strained_open,patient_risk;flow_prediction;staffing;bed_management,,False,
all_tools,3,mixed_165_low_isolated_high_strained_open,patient_risk;flow_prediction;staffing;bed_management,,False,
all_tools,3,mixed_166_moderate_isolated_high_strained_open,patient_risk;flow_prediction;staffing;bed_management,,False,
all_tools,3,mixed_167_high_isolated_high_strained_open,patient_risk;flow_prediction;staffing;bed_management,,False,
all_tools,3,mixed_168_high_isolated_high_critical_open,patient_risk;flow_prediction;staffing;bed_management,,False,
all_tools,3,mixed_169_low_isolated_critical_strained_open,patient_risk;flow_prediction;staffing;bed_management,,False,
all_tools,3,mixed_170_moderate_isolated_critical_critical_open,patient_risk;flow_prediction;staffing;bed_management,,False,
all_tools,3,mixed_171_critical_isolated_critical_strained_open,patient_risk;flow_prediction;staffing;bed_management,,False,
all_tools,3,mixed_172_critical_isolated_critical_strained_open,patient_risk;flow_prediction;staffing;bed_management,,False,
all_tools,3,mixed_173_low_multi_risk_strained_open,patient_risk;flow_prediction;staffing;bed_management,,False,
all_tools,3,mixed_174_moderate_multi_risk_strained_open,patient_risk;flow_prediction;staffing;bed_management,,False,
all_tools,4,critical_congestion_with_sepsis,patient_risk;flow_prediction;staffing;bed_management,,False,
all_tools,4,stable_day_shift,patient_risk;flow_prediction;staffing;bed_management,,False,
all_tools,4,isolated_high_risk_patient,patient_risk;flow_prediction;staffing;bed_management,,False,
all_tools,4,staffing_crunch,patient_risk;flow_prediction;staffing;bed_management,,False,
all_tools,4,bed_block,patient_risk;flow_prediction;staffing;bed_management,,False,
all_tools,4,queue_overload,patient_risk;flow_prediction;staffing;bed_management,,False,
all_tools,4,mixed_001_low_stable_adequate_open,patient_risk;flow_prediction;staffing;bed_management,,False,
all_tools,4,mixed_002_moderate_stable_adequate_open,patient_risk;flow_prediction;staffing;bed_management,,False,
all_tools,4,mixed_003_high_stable_adequate_open,patient_risk;flow_prediction;staffing;bed_management,,False,
all_tools,4,mixed_004_critical_stable_adequate_open,patient_risk;flow_prediction;staffing;bed_management,,False,
all_tools,4,mixed_005_low_isolated_high_adequate_open,patient_risk;flow_prediction;staffing;bed_management,,False,
all_tools,4,mixed_006_moderate_isolated_high_critical_open,patient_risk;flow_prediction;staffing;bed_management,,False,
all_tools,4,mixed_007_low_isolated_high_adequate_open,patient_risk;flow_prediction;staffing;bed_management,,False,
all_tools,4,mixed_008_critical_isolated_high_adequate_open,patient_risk;flow_prediction;staffing;bed_management,,False,
all_tools,4,mixed_009_low_isolated_critical_adequate_open,patient_risk;flow_prediction;staffing;bed_management,,False,
all_tools,4,mixed_010_moderate_isolated_critical_adequate_open,patient_risk;flow_prediction;staffing;bed_management,,False,
all_tools,4,mixed_011_high_isolated_critical_adequate_critical,patient_risk;flow_prediction;staffing;bed_management,,False,
all_tools,4,mixed_012_critical_isolated_critical_adequate_open,patient_risk;flow_prediction;staffing;bed_management,,False,
all_tools,4,mixed_013_low_multi_risk_adequate_open,patient_risk;flow_prediction;staffing;bed_management,,False,
all_tools,4,mixed_014_moderate_multi_risk_adequate_open,patient_risk;flow_prediction;staffing;bed_management,,False,
all_tools,4,mixed_015_high_multi_risk_adequate_open,patient_risk;flow_prediction;staffing;bed_management,,False,
all_tools,4,mixed_016_critical_multi_risk_adequate_open,patient_risk;flow_prediction;staffing;bed_management,,False,
all_tools,4,mixed_017_low_stable_strained_open,patient_risk;flow_prediction;staffing;bed_management,,False,
all_tools,4,mixed_018_moderate_stable_strained_open,patient_risk;flow_prediction;staffing;bed_management,,False,
all_tools,4,mixed_019_high_stable_strained_open,patient_risk;flow_prediction;staffing;bed_management,,False,
all_tools,4,mixed_020_critical_stable_strained_open,patient_risk;flow_prediction;staffing;bed_management,,False,
all_tools,4,mixed_021_low_isolated_high_strained_open,patient_risk;flow_prediction;staffing;bed_management,,False,
all_tools,4,mixed_022_moderate_isolated_high_strained_open,patient_risk;flow_prediction;staffing;bed_management,,False,
all_tools,4,mixed_023_high_isolated_high_strained_open,patient_risk;flow_prediction;staffing;bed_management,,False,
all_tools,4,mixed_024_critical_isolated_high_strained_open,patient_risk;flow_prediction;staffing;bed_management,,False,
all_tools,4,mixed_025_low_isolated_critical_strained_open,patient_risk;flow_prediction;staffing;bed_management,,False,
all_tools,4,mixed_026_moderate_isolated_critical_strained_open,patient_risk;flow_prediction;staffing;bed_management,,False,
all_tools,4,mixed_027_moderate_isolated_critical_strained_open,patient_risk;flow_prediction;staffing;bed_management,,False,
all_tools,4,mixed_028_moderate_isolated_critical_strained_open,patient_risk;flow_prediction;staffing;bed_management,,False,
all_tools,4,mixed_029_low_multi_risk_strained_open,patient_risk;flow_prediction;staffing;bed_management,,False,
all_tools,4,mixed_030_moderate_multi_risk_strained_open,patient_risk;flow_prediction;staffing;bed_management,,False,
all_tools,4,mixed_031_critical_multi_risk_strained_open,patient_risk;flow_prediction;staffing;bed_management,,False,
all_tools,4,mixed_032_critical_multi_risk_strained_open,patient_risk;flow_prediction;staffing;bed_management,,False,
all_tools,4,mixed_033_low_stable_critical_open,patient_risk;flow_prediction;staffing;bed_management,,False,
all_tools,4,mixed_034_moderate_stable_critical_open,patient_risk;flow_prediction;staffing;bed_management,,False,
all_tools,4,mixed_035_high_stable_critical_open,patient_risk;flow_prediction;staffing;bed_management,,False,
all_tools,4,mixed_036_critical_stable_critical_open,patient_risk;flow_prediction;staffing;bed_management,,False,
all_tools,4,mixed_037_low_isolated_high_critical_open,patient_risk;flow_prediction;staffing;bed_management,,False,
all_tools,4,mixed_038_moderate_isolated_high_strained_open,patient_risk;flow_prediction;staffing;bed_management,,False,
all_tools,4,mixed_039_high_isolated_high_critical_open,patient_risk;flow_prediction;staffing;bed_management,,False,
all_tools,4,mixed_040_critical_isolated_high_critical_critical,patient_risk;flow_prediction;staffing;bed_management,,False,
all_tools,4,mixed_041_low_isolated_critical_critical_open,patient_risk;flow_prediction;staffing;bed_management,,False,
all_tools,4,mixed_042_low_isolated_critical_critical_open,patient_risk;flow_prediction;staffing;bed_management,,False,
all_tools,4,mixed_043_high_isolated_critical_critical_open,patient_risk;flow_prediction;staffing;bed_management,,False,
all_tools,4,mixed_044_critical_isolated_critical_critical_open,patient_risk;flow_prediction;staffing;bed_management,,False,
all_tools,4,mixed_045_low_multi_risk_critical_tight,patient_risk;flow_prediction;staffing;bed_management,,False,
all_tools,4,mixed_046_low_multi_risk_critical_open,patient_risk;flow_prediction;staffing;bed_management,,False,
all_tools,4,mixed_047_high_multi_risk_adequate_open,patient_risk;flow_prediction;staffing;bed_management,,False,
all_tools,4,mixed_048_moderate_multi_risk_critical_open,patient_risk;flow_prediction;staffing;bed_management,,False,
all_tools,4,mixed_049_critical_stable_adequate_critical,patient_risk;flow_prediction;staffing;bed_management,,False,
all_tools,4,mixed_050_moderate_stable_adequate_critical,patient_risk;flow_prediction;staffing;bed_management,,False,
all_tools,4,mixed_051_high_stable_adequate_tight,patient_risk;flow_prediction;staffing;bed_management,,False,
all_tools,4,mixed_052_critical_stable_adequate_tight,patient_risk;flow_prediction;staffing;bed_management,,False,
all_tools,4,mixed_053_low_isolated_high_adequate_tight,patient_risk;flow_prediction;staffing;bed_management,,False,
all_tools,4,mixed_054_moderate_isolated_high_adequate_tight,patient_risk;flow_prediction;staffing;bed_management,,False,
all_tools,4,mixed_055_high_isolated_high_strained_tight,patient_risk;flow_prediction;staffing;bed_management,,False,
all_tools,4,mixed_056_critical_isolated_high_adequate_tight,patient_risk;flow_prediction;staffing;bed_management,,False,
all_tools,4,mixed_057_low_isolated_critical_adequate_tight,patient_risk;flow_prediction;staffing;bed_management,,False,
all_tools,4,mixed_058_moderate_isolated_critical_adequate_tight,patient_risk;flow_prediction;staffing;bed_management,,False,
all_tools,4,mixed_059_high_isolated_critical_adequate_open,patient_risk;flow_prediction;staffing;bed_management,,False,
all_tools,4,mixed_060_critical_isolated_critical_adequate_tight,patient_risk;flow_prediction;staffing;bed_management,,False,
all_tools,4,mixed_061_low_multi_risk_adequate_tight,patient_risk;flow_prediction;staffing;bed_management,,False,
all_tools,4,mixed_062_moderate_multi_risk_adequate_tight,patient_risk;flow_prediction;staffing;bed_management,,False,
all_tools,4,mixed_063_high_multi_risk_adequate_open,patient_risk;flow_prediction;staffing;bed_management,,False,
all_tools,4,mixed_064_critical_multi_risk_adequate_tight,patient_risk;flow_prediction;staffing;bed_management,,False,
all_tools,4,mixed_065_low_stable_critical_tight,patient_risk;flow_prediction;staffing;bed_management,,False,
all_tools,4,mixed_066_moderate_stable_strained_tight,patient_risk;flow_prediction;staffing;bed_management,,False,
all_tools,4,mixed_067_high_stable_critical_tight,patient_risk;flow_prediction;staffing;bed_management,,False,
all_tools,4,mixed_068_critical_stable_strained_tight,patient_risk;flow_prediction;staffing;bed_management,,False,
all_tools,4,mixed_069_low_isolated_high_strained_tight,patient_risk;flow_prediction;staffing;bed_management,,False,
all_tools,4,mixed_070_moderate_isolated_high_strained_tight,patient_risk;flow_prediction;staffing;bed_management,,False,
all_tools,4,mixed_071_high_isolated_high_strained_tight,patient_risk;flow_prediction;staffing;bed_management,,False,
all_tools,4,mixed_072_critical_isolated_high_strained_tight,patient_risk;flow_prediction;staffing;bed_management,,False,
all_tools,4,mixed_073_critical_isolated_critical_strained_open,patient_risk;flow_prediction;staffing;bed_management,,False,
all_tools,4,mixed_074_moderate_isolated_critical_strained_critical,patient_risk;flow_prediction;staffing;bed_management,,False,
all_tools,4,mixed_075_high_isolated_critical_strained_open,patient_risk;flow_prediction;staffing;bed_management,,False,
all_tools,4,mixed_076_critical_isolated_critical_strained_tight,patient_risk;flow_prediction;staffing;bed_management,,False,
all_tools,4,mixed_077_low_multi_risk_strained_tight,patient_risk;flow_prediction;staffing;bed_management,,False,
all_tools,4,mixed_078_moderate_multi_risk_strained_tight,patient_risk;flow_prediction;staffing;bed_management,,False,
all_tools,4,mixed_079_high_multi_risk_adequate_tight,patient_risk;flow_prediction;staffing;bed_management,,False,
all_tools,4,mixed_080_critical_multi_risk_strained_tight,patient_risk;flow_prediction;staffing;bed_management,,False,
all_tools,4,mixed_081_moderate_stable_strained_critical,patient_risk;flow_prediction;staffing;bed_management,,False,
all_tools,4,mixed_082_moderate_stable_critical_tight,patient_risk;flow_prediction;staffing;bed_management,,False,
all_tools,4,mixed_083_high_stable_adequate_tight,patient_risk;flow_prediction;staffing;bed_management,,False,
all_tools,4,mixed_084_high_stable_critical_tight,patient_risk;flow_prediction;staffing;bed_management,,False,
all_tools,4,mixed_085_low_isolated_high_critical_tight,patient_risk;flow_prediction;staffing;bed_management,,False,
all_tools,4,mixed_086_moderate_isolated_high_critical_critical,patient_risk;flow_prediction;staffing;bed_management,,False,
all_tools,4,mixed_087_high_isolated_high_strained_tight,patient_risk;flow_prediction;staffing;bed_management,,False,
all_tools,4,mixed_088_low_isolated_high_critical_tight,patient_risk;flow_prediction;staffing;bed_management,,False,
all_tools,4,mixed_089_low_isolated_critical_critical_tight,patient_risk;flow_prediction;staffing;bed_management,,False,
all_tools,4,mixed_090_moderate_isolated_critical_adequate_tight,patient_risk;flow_prediction;staffing;bed_management,,False,
all_tools,4,mixed_091_high_isolated_critical_critical_tight,patient_risk;flow_prediction;staffing;bed_management,,False,
all_tools,4,mixed_092_critical_isolated_critical_adequate_open,patient_risk;flow_prediction;staffing;bed_management,,False,
all_tools,4,mixed_093_low_multi_risk_critical_tight,patient_risk;flow_prediction;staffing;bed_management,,False,
all_tools,4,mixed_094_moderate_multi_risk_critical_tight,patient_risk;flow_prediction;staffing;bed_management,,False,
all_tools,4,mixed_095_high_multi_risk_critical_tight,patient_risk;flow_prediction;staffing;bed_management,,False,
all_tools,4,mixed_096_critical_multi_risk_critical_open,patient_risk;flow_prediction;staffing;bed_management,,False,
all_tools,4,mixed_097_low_stable_adequate_critical,patient_risk;flow_prediction;staffing;bed_management,,False,
all_tools,4,mixed_098_moderate_stable_strained_tight,patient_risk;flow_prediction;staffing;bed_management,,False,
all_tools,4,mixed_099_critical_stable_adequate_critical,patient_risk;flow_prediction;staffing;bed_management,,False,
all_tools,4,mixed_100_critical_stable_adequate_critical,patient_risk;flow_prediction;staffing;bed_management,,False,
all_tools,4,mixed_101_low_isolated_high_adequate_tight,patient_risk;flow_prediction;staffing;bed_management,,False,
all_tools,4,mixed_102_moderate_isolated_high_adequate_critical,patient_risk;flow_prediction;staffing;bed_management,,False,
all_tools,4,mixed_103_high_isolated_high_adequate_critical,patient_risk;flow_prediction;staffing;bed_management,,False,
all_tools,4,mixed_104_critical_isolated_high_adequate_critical,patient_risk;flow_prediction;staffing;bed_management,,False,
all_tools,4,mixed_105_low_isolated_critical_adequate_critical,patient_risk;flow_prediction;staffing;bed_management,,False,
all_tools,4,mixed_106_moderate_isolated_critical_adequate_critical,patient_risk;flow_prediction;staffing;bed_management,,False,
all_tools,4,mixed_107_moderate_isolated_critical_adequate_critical,patient_risk;flow_prediction;staffing;bed_management,,False,
all_tools,4,mixed_108_critical_isolated_critical_adequate_critical,patient_risk;flow_prediction;staffing;bed_management,,False,
all_tools,4,mixed_109_moderate_multi_risk_adequate_critical,patient_risk;flow_prediction;staffing;bed_management,,False,
all_tools,4,mixed_110_moderate_multi_risk_adequate_critical,patient_risk;flow_prediction;staffing;bed_management,,False,
all_tools,4,mixed_111_low_multi_risk_adequate_critical,patient_risk;flow_prediction;staffing;bed_management,,False,
all_tools,4,mixed_112_critical_multi_risk_critical_tight,patient_risk;flow_prediction;staffing;bed_management,,False,
all_tools,4,mixed_113_low_stable_strained_critical,patient_risk;flow_prediction;staffing;bed_management,,False,
all_tools,4,mixed_114_moderate_stable_strained_critical,patient_risk;flow_prediction;staffing;bed_management,,False,
all_tools,4,mixed_115_high_stable_strained_critical,patient_risk;flow_prediction;staffing;bed_management,,False,
all_tools,4,mixed_116_critical_stable_strained_critical,patient_risk;flow_prediction;staffing;bed_management,,False,
all_tools,4,mixed_117_high_isolated_high_strained_critical,patient_risk;flow_prediction;staffing;bed_management,,False,
all_tools,4,mixed_118_moderate_isolated_high_adequate_critical,patient_risk;flow_prediction;staffing;bed_management,,False,
all_tools,4,mixed_119_high_isolated_high_adequate_critical,patient_risk;flow_prediction;staffing;bed_management,,False,
all_tools,4,mixed_120_low_isolated_high_strained_critical,patient_risk;flow_prediction;staffing;bed_management,,False,
all_tools,4,mixed_121_low_isolated_critical_strained_critical,patient_risk;flow_prediction;staffing;bed_management,,False,
all_tools,4,mixed_122_moderate_isolated_critical_strained_critical,patient_risk;flow_prediction;staffing;bed_management,,False,
all_tools,4,mixed_123_high_isolated_critical_strained_critical,patient_risk;flow_prediction;staffing;bed_management,,False,
all_tools,4,mixed_124_moderate_isolated_critical_strained_tight,patient_risk;flow_prediction;staffing;bed_management,,False,
all_tools,4,mixed_125_low_multi_risk_strained_critical,patient_risk;flow_prediction;staffing;bed_management,,False,
all_tools,4,mixed_126_low_multi_risk_strained_critical,patient_risk;flow_prediction;staffing;bed_management,,False,
all_tools,4,mixed_127_high_multi_risk_strained_critical,patient_risk;flow_prediction;staffing;bed_management,,False,
all_tools,4,mixed_128_moderate_multi_risk_strained_critical,patient_risk;flow_prediction;staffing;bed_management,,False,
all_tools,4,mixed_129_low_stable_critical_tight,patient_risk;flow_prediction;staffing;bed_management,,False,
all_tools,4,mixed_130_moderate_stable_critical_critical,patient_risk;flow_prediction;staffing;bed_management,,False,
all_tools,4,mixed_131_moderate_stable_critical_critical,patient_risk;flow_prediction;staffing;bed_management,,False,
all_tools,4,mixed_132_low_stable_critical_critical,patient_risk;flow_prediction;staffing;bed_management,,False,
all_tools,4,mixed_133_low_isolated_high_critical_critical,patient_risk;flow_prediction;staffing;bed_management,,False,
all_tools,4,mixed_134_moderate_isolated_high_critical_critical,patient_risk;flow_prediction;staffing;bed_management,,False,
all_tools,4,mixed_135_high_isolated_high_critical_critical,patient_risk;flow_prediction;staffing;bed_management,,False,
all_tools,4,mixed_136_critical_isolated_high_critical_critical,patient_risk;flow_prediction;staffing;bed_management,,False,
all_tools,4,mixed_137_high_isolated_critical_critical_critical,patient_risk;flow_prediction;staffing;bed_management,,False,
all_tools,4,mixed_138_low_isolated_critical_critical_critical,patient_risk;flow_prediction;staffing;bed_management,,False,
all_tools,4,mixed_139_low_isolated_critical_critical_critical,patient_risk;flow_prediction;staffing;bed_management,,False,
all_tools,4,mixed_140_critical_isolated_critical_critical_critical,patient_risk;flow_prediction;staffing;bed_management,,False,
all_tools,4,mixed_141_critical_multi_risk_strained_critical,patient_risk;flow_prediction;staffing;bed_management,,False,
all_tools,4,mixed_142_moderate_multi_risk_adequate_critical,patient_risk;flow_prediction;staffing;bed_management,,False,
all_tools,4,mixed_143_high_multi_risk_adequate_open,patient_risk;flow_prediction;staffing;bed_management,,False,
all_tools,4,mixed_144_critical_multi_risk_critical_critical,patient_risk;flow_prediction;staffing;bed_management,,False,
all_tools,4,mixed_145_low_stable_adequate_open,patient_risk;flow_prediction;staffing;bed_management,,False,
all_tools,4,mixed_146_moderate_stable_adequate_open,patient_risk;flow_prediction;staffing;bed_management,,False,
all_tools,4,mixed_147_high_stable_adequate_open,patient_risk;flow_prediction;staffing;bed_management,,False,
all_tools,4,mixed_148_critical_stable_adequate_open,patient_risk;flow_prediction;staffing;bed_management,,False,
all_tools,4,mixed_149_low_isolated_high_adequate_open,patient_risk;flow_prediction;staffing;bed_management,,False,
all_tools,4,mixed_150_moderate_isolated_high_adequate_open,patient_risk;flow_prediction;staffing;bed_management,,False,
all_tools,4,mixed_151_high_isolated_high_adequate_open,patient_risk;flow_prediction;staffing;bed_management,,False,
all_tools,4,mixed_152_critical_isolated_high_adequate_open,patient_risk;flow_prediction;staffing;bed_management,,False,
all_tools,4,mixed_153_low_isolated_critical_adequate_open,patient_risk;flow_prediction;staffing;bed_management,,False,
all_tools,4,mixed_154_moderate_isolated_critical_adequate_open,patient_risk;flow_prediction;staffing;bed_management,,False,
all_tools,4,mixed_155_high_isolated_critical_adequate_open,patient_risk;flow_prediction;staffing;bed_management,,False,
all_tools,4,mixed_156_critical_isolated_critical_adequate_open,patient_risk;flow_prediction;staffing;bed_management,,False,
all_tools,4,mixed_157_low_multi_risk_adequate_open,patient_risk;flow_prediction;staffing;bed_management,,False,
all_tools,4,mixed_158_high_multi_risk_critical_open,patient_risk;flow_prediction;staffing;bed_management,,False,
all_tools,4,mixed_159_high_multi_risk_adequate_open,patient_risk;flow_prediction;staffing;bed_management,,False,
all_tools,4,mixed_160_critical_multi_risk_adequate_open,patient_risk;flow_prediction;staffing;bed_management,,False,
all_tools,4,mixed_161_moderate_stable_strained_open,patient_risk;flow_prediction;staffing;bed_management,,False,
all_tools,4,mixed_162_moderate_stable_adequate_open,patient_risk;flow_prediction;staffing;bed_management,,False,
all_tools,4,mixed_163_high_stable_strained_open,patient_risk;flow_prediction;staffing;bed_management,,False,
all_tools,4,mixed_164_critical_stable_strained_open,patient_risk;flow_prediction;staffing;bed_management,,False,
all_tools,4,mixed_165_low_isolated_high_strained_open,patient_risk;flow_prediction;staffing;bed_management,,False,
all_tools,4,mixed_166_moderate_isolated_high_strained_open,patient_risk;flow_prediction;staffing;bed_management,,False,
all_tools,4,mixed_167_high_isolated_high_strained_open,patient_risk;flow_prediction;staffing;bed_management,,False,
all_tools,4,mixed_168_high_isolated_high_critical_open,patient_risk;flow_prediction;staffing;bed_management,,False,
all_tools,4,mixed_169_low_isolated_critical_strained_open,patient_risk;flow_prediction;staffing;bed_management,,False,
all_tools,4,mixed_170_moderate_isolated_critical_critical_open,patient_risk;flow_prediction;staffing;bed_management,,False,
all_tools,4,mixed_171_critical_isolated_critical_strained_open,patient_risk;flow_prediction;staffing;bed_management,,False,
all_tools,4,mixed_172_critical_isolated_critical_strained_open,patient_risk;flow_prediction;staffing;bed_management,,False,
all_tools,4,mixed_173_low_multi_risk_strained_open,patient_risk;flow_prediction;staffing;bed_management,,False,
all_tools,4,mixed_174_moderate_multi_risk_strained_open,patient_risk;flow_prediction;staffing;bed_management,,False,
without_safety_validation,0,critical_congestion_with_sepsis,patient_risk;flow_prediction;staffing;bed_management,,False,
without_safety_validation,0,stable_day_shift,patient_risk;flow_prediction;staffing;bed_management,,False,
without_safety_validation,0,isolated_high_risk_patient,patient_risk;flow_prediction;staffing;bed_management,,False,
without_safety_validation,0,staffing_crunch,patient_risk;flow_prediction;staffing;bed_management,,False,
without_safety_validation,0,bed_block,patient_risk;flow_prediction;staffing;bed_management,,False,
without_safety_validation,0,queue_overload,patient_risk;flow_prediction;staffing;bed_management,,False,
without_safety_validation,0,mixed_001_low_stable_adequate_open,patient_risk;flow_prediction;staffing;bed_management,,False,
without_safety_validation,0,mixed_002_moderate_stable_adequate_open,patient_risk;flow_prediction;staffing;bed_management,,False,
without_safety_validation,0,mixed_003_high_stable_adequate_open,patient_risk;flow_prediction;staffing;bed_management,,False,
without_safety_validation,0,mixed_004_critical_stable_adequate_open,patient_risk;flow_prediction;staffing;bed_management,,False,
without_safety_validation,0,mixed_005_low_isolated_high_adequate_open,patient_risk;flow_prediction;staffing;bed_management,,False,
without_safety_validation,0,mixed_006_moderate_isolated_high_critical_open,patient_risk;flow_prediction;staffing;bed_management,,False,
without_safety_validation,0,mixed_007_low_isolated_high_adequate_open,patient_risk;flow_prediction;staffing;bed_management,,False,
without_safety_validation,0,mixed_008_critical_isolated_high_adequate_open,patient_risk;flow_prediction;staffing;bed_management,,False,
without_safety_validation,0,mixed_009_low_isolated_critical_adequate_open,patient_risk;flow_prediction;staffing;bed_management,,False,
without_safety_validation,0,mixed_010_moderate_isolated_critical_adequate_open,patient_risk;flow_prediction;bed_management,staffing,False,
without_safety_validation,0,mixed_011_high_isolated_critical_adequate_critical,patient_risk;flow_prediction;staffing;bed_management,,False,
without_safety_validation,0,mixed_012_critical_isolated_critical_adequate_open,patient_risk;flow_prediction;staffing;bed_management,,False,
without_safety_validation,0,mixed_013_low_multi_risk_adequate_open,patient_risk;flow_prediction;bed_management,staffing,False,
without_safety_validation,0,mixed_014_moderate_multi_risk_adequate_open,patient_risk;flow_prediction;staffing;bed_management,,False,
without_safety_validation,0,mixed_015_high_multi_risk_adequate_open,patient_risk;flow_prediction;staffing;bed_management,,False,
without_safety_validation,0,mixed_016_critical_multi_risk_adequate_open,patient_risk;flow_prediction;staffing;bed_management,,False,
without_safety_validation,0,mixed_017_low_stable_strained_open,patient_risk;flow_prediction;staffing;bed_management,,False,
without_safety_validation,0,mixed_018_moderate_stable_strained_open,patient_risk;flow_prediction;staffing;bed_management,,False,
without_safety_validation,0,mixed_019_high_stable_strained_open,patient_risk;flow_prediction;staffing;bed_management,,False,
without_safety_validation,0,mixed_020_critical_stable_strained_open,patient_risk;flow_prediction;staffing;bed_management,,False,
without_safety_validation,0,mixed_021_low_isolated_high_strained_open,patient_risk;flow_prediction;staffing;bed_management,,False,
without_safety_validation,0,mixed_022_moderate_isolated_high_strained_open,patient_risk;flow_prediction;staffing;bed_management,,False,
without_safety_validation,0,mixed_023_high_isolated_high_strained_open,patient_risk;flow_prediction;staffing;bed_management,,False,
without_safety_validation,0,mixed_024_critical_isolated_high_strained_open,patient_risk;flow_prediction;staffing;bed_management,,False,
without_safety_validation,0,mixed_025_low_isolated_critical_strained_open,patient_risk;flow_prediction;staffing;bed_management,,False,
without_safety_validation,0,mixed_026_moderate_isolated_critical_strained_open,patient_risk;flow_prediction;staffing;bed_management,,False,
without_safety_validation,0,mixed_027_moderate_isolated_critical_strained_open,patient_risk;flow_prediction;staffing;bed_management,,False,
without_safety_validation,0,mixed_028_moderate_isolated_critical_strained_open,patient_risk;flow_prediction;staffing;bed_management,,False,
without_safety_validation,0,mixed_029_low_multi_risk_strained_open,patient_risk;flow_prediction;staffing;bed_management,,False,
without_safety_validation,0,mixed_030_moderate_multi_risk_strained_open,patient_risk;flow_prediction;staffing;bed_management,,False,
without_safety_validation,0,mixed_031_critical_multi_risk_strained_open,patient_risk;flow_prediction;staffing;bed_management,,False,
without_safety_validation,0,mixed_032_critical_multi_risk_strained_open,patient_risk;flow_prediction;staffing;bed_management,,False,
without_safety_validation,0,mixed_033_low_stable_critical_open,patient_risk;flow_prediction;staffing;bed_management,,False,
without_safety_validation,0,mixed_034_moderate_stable_critical_open,patient_risk;flow_prediction;staffing;bed_management,,False,
without_safety_validation,0,mixed_035_high_stable_critical_open,patient_risk;flow_prediction;staffing;bed_management,,False,
without_safety_validation,0,mixed_036_critical_stable_critical_open,patient_risk;flow_prediction;staffing;bed_management,,False,
without_safety_validation,0,mixed_037_low_isolated_high_critical_open,patient_risk;flow_prediction;staffing;bed_management,,False,
without_safety_validation,0,mixed_038_moderate_isolated_high_strained_open,patient_risk;flow_prediction;staffing;bed_management,,False,
without_safety_validation,0,mixed_039_high_isolated_high_critical_open,patient_risk;flow_prediction;staffing;bed_management,,False,
without_safety_validation,0,mixed_040_critical_isolated_high_critical_critical,patient_risk;flow_prediction;staffing;bed_management,,False,
without_safety_validation,0,mixed_041_low_isolated_critical_critical_open,patient_risk;flow_prediction;staffing;bed_management,,False,
without_safety_validation,0,mixed_042_low_isolated_critical_critical_open,patient_risk;flow_prediction;staffing;bed_management,,False,
without_safety_validation,0,mixed_043_high_isolated_critical_critical_open,patient_risk;flow_prediction;staffing;bed_management,,False,
without_safety_validation,0,mixed_044_critical_isolated_critical_critical_open,patient_risk;flow_prediction;staffing;bed_management,,False,
without_safety_validation,0,mixed_045_low_multi_risk_critical_tight,patient_risk;flow_prediction;staffing;bed_management,,False,
without_safety_validation,0,mixed_046_low_multi_risk_critical_open,patient_risk;flow_prediction;staffing;bed_management,,False,
without_safety_validation,0,mixed_047_high_multi_risk_adequate_open,patient_risk;flow_prediction;staffing;bed_management,,False,
without_safety_validation,0,mixed_048_moderate_multi_risk_critical_open,patient_risk;flow_prediction;staffing;bed_management,,False,
without_safety_validation,0,mixed_049_critical_stable_adequate_critical,patient_risk;flow_prediction;staffing;bed_management,,False,
without_safety_validation,0,mixed_050_moderate_stable_adequate_critical,patient_risk;flow_prediction;staffing;bed_management,,False,
without_safety_validation,0,mixed_051_high_stable_adequate_tight,patient_risk;flow_prediction;staffing;bed_management,,False,
without_safety_validation,0,mixed_052_critical_stable_adequate_tight,patient_risk;flow_prediction;staffing;bed_management,,False,
without_safety_validation,0,mixed_053_low_isolated_high_adequate_tight,patient_risk;flow_prediction;staffing;bed_management,,False,
without_safety_validation,0,mixed_054_moderate_isolated_high_adequate_tight,patient_risk;flow_prediction;staffing;bed_management,,False,
without_safety_validation,0,mixed_055_high_isolated_high_strained_tight,patient_risk;flow_prediction;staffing;bed_management,,False,
without_safety_validation,0,mixed_056_critical_isolated_high_adequate_tight,patient_risk;flow_prediction;staffing;bed_management,,False,
without_safety_validation,0,mixed_057_low_isolated_critical_adequate_tight,patient_risk;flow_prediction;staffing;bed_management,,False,
without_safety_validation,0,mixed_058_moderate_isolated_critical_adequate_tight,patient_risk;flow_prediction;staffing;bed_management,,False,
without_safety_validation,0,mixed_059_high_isolated_critical_adequate_open,patient_risk;flow_prediction;staffing;bed_management,,False,
without_safety_validation,0,mixed_060_critical_isolated_critical_adequate_tight,patient_risk;flow_prediction;staffing;bed_management,,False,
without_safety_validation,0,mixed_061_low_multi_risk_adequate_tight,patient_risk;flow_prediction;staffing;bed_management,,False,
without_safety_validation,0,mixed_062_moderate_multi_risk_adequate_tight,patient_risk;flow_prediction;staffing;bed_management,,False,
without_safety_validation,0,mixed_063_high_multi_risk_adequate_open,patient_risk;flow_prediction;staffing;bed_management,,False,
without_safety_validation,0,mixed_064_critical_multi_risk_adequate_tight,patient_risk;flow_prediction;staffing;bed_management,,False,
without_safety_validation,0,mixed_065_low_stable_critical_tight,patient_risk;flow_prediction;staffing;bed_management,,False,
without_safety_validation,0,mixed_066_moderate_stable_strained_tight,patient_risk;flow_prediction;staffing;bed_management,,False,
without_safety_validation,0,mixed_067_high_stable_critical_tight,patient_risk;flow_prediction;staffing;bed_management,,False,
without_safety_validation,0,mixed_068_critical_stable_strained_tight,patient_risk;flow_prediction;staffing;bed_management,,False,
without_safety_validation,0,mixed_069_low_isolated_high_strained_tight,patient_risk;flow_prediction;staffing;bed_management,,False,
without_safety_validation,0,mixed_070_moderate_isolated_high_strained_tight,patient_risk;flow_prediction;staffing;bed_management,,False,
without_safety_validation,0,mixed_071_high_isolated_high_strained_tight,patient_risk;flow_prediction;bed_management,staffing,False,
without_safety_validation,0,mixed_072_critical_isolated_high_strained_tight,patient_risk;flow_prediction;staffing;bed_management,,False,
without_safety_validation,0,mixed_073_critical_isolated_critical_strained_open,patient_risk;flow_prediction;staffing;bed_management,,False,
without_safety_validation,0,mixed_074_moderate_isolated_critical_strained_critical,patient_risk;flow_prediction;staffing;bed_management,,False,
without_safety_validation,0,mixed_075_high_isolated_critical_strained_open,patient_risk;flow_prediction;staffing;bed_management,,False,
without_safety_validation,0,mixed_076_critical_isolated_critical_strained_tight,patient_risk;flow_prediction;staffing;bed_management,,False,
without_safety_validation,0,mixed_077_low_multi_risk_strained_tight,patient_risk;flow_prediction;staffing;bed_management,,False,
without_safety_validation,0,mixed_078_moderate_multi_risk_strained_tight,patient_risk;flow_prediction;staffing;bed_management,,False,
without_safety_validation,0,mixed_079_high_multi_risk_adequate_tight,patient_risk;flow_prediction;staffing;bed_management,,False,
without_safety_validation,0,mixed_080_critical_multi_risk_strained_tight,patient_risk;flow_prediction;staffing;bed_management,,False,
without_safety_validation,0,mixed_081_moderate_stable_strained_critical,patient_risk;flow_prediction;staffing;bed_management,,False,
without_safety_validation,0,mixed_082_moderate_stable_critical_tight,patient_risk;flow_prediction;staffing;bed_management,,False,
without_safety_validation,0,mixed_083_high_stable_adequate_tight,patient_risk;flow_prediction;staffing;bed_management,,False,
without_safety_validation,0,mixed_084_high_stable_critical_tight,patient_risk;flow_prediction;staffing;bed_management,,False,
without_safety_validation,0,mixed_085_low_isolated_high_critical_tight,patient_risk;flow_prediction;staffing;bed_management,,False,
without_safety_validation,0,mixed_086_moderate_isolated_high_critical_critical,patient_risk;flow_prediction;staffing;bed_management,,False,
without_safety_validation,0,mixed_087_high_isolated_high_strained_tight,patient_risk;flow_prediction;staffing;bed_management,,False,
without_safety_validation,0,mixed_088_low_isolated_high_critical_tight,patient_risk;flow_prediction;staffing;bed_management,,False,
without_safety_validation,0,mixed_089_low_isolated_critical_critical_tight,patient_risk;flow_prediction;staffing;bed_management,,False,
without_safety_validation,0,mixed_090_moderate_isolated_critical_adequate_tight,patient_risk;flow_prediction;bed_management,staffing,False,
without_safety_validation,0,mixed_091_high_isolated_critical_critical_tight,patient_risk;flow_prediction;staffing;bed_management,,False,
without_safety_validation,0,mixed_092_critical_isolated_critical_adequate_open,patient_risk;flow_prediction;staffing;bed_management,,False,
without_safety_validation,0,mixed_093_low_multi_risk_critical_tight,patient_risk;flow_prediction;staffing;bed_management,,False,
without_safety_validation,0,mixed_094_moderate_multi_risk_critical_tight,patient_risk;flow_prediction;staffing;bed_management,,False,
without_safety_validation,0,mixed_095_high_multi_risk_critical_tight,patient_risk;flow_prediction;staffing;bed_management,,False,
without_safety_validation,0,mixed_096_critical_multi_risk_critical_open,patient_risk;flow_prediction;staffing;bed_management,,False,
without_safety_validation,0,mixed_097_low_stable_adequate_critical,patient_risk;flow_prediction;staffing;bed_management,,False,
without_safety_validation,0,mixed_098_moderate_stable_strained_tight,patient_risk;flow_prediction;staffing;bed_management,,False,
without_safety_validation,0,mixed_099_critical_stable_adequate_critical,patient_risk;flow_prediction;staffing;bed_management,,False,
without_safety_validation,0,mixed_100_critical_stable_adequate_critical,patient_risk;flow_prediction;staffing;bed_management,,False,
without_safety_validation,0,mixed_101_low_isolated_high_adequate_tight,patient_risk;flow_prediction;staffing;bed_management,,False,
without_safety_validation,0,mixed_102_moderate_isolated_high_adequate_critical,patient_risk;flow_prediction;staffing;bed_management,,False,
without_safety_validation,0,mixed_103_high_isolated_high_adequate_critical,patient_risk;flow_prediction;staffing;bed_management,,False,
without_safety_validation,0,mixed_104_critical_isolated_high_adequate_critical,patient_risk;flow_prediction;staffing;bed_management,,False,
without_safety_validation,0,mixed_105_low_isolated_critical_adequate_critical,patient_risk;flow_prediction;staffing;bed_management,,False,
without_safety_validation,0,mixed_106_moderate_isolated_critical_adequate_critical,patient_risk;flow_prediction;staffing;bed_management,,False,
without_safety_validation,0,mixed_107_moderate_isolated_critical_adequate_critical,patient_risk;flow_prediction;staffing;bed_management,,False,
without_safety_validation,0,mixed_108_critical_isolated_critical_adequate_critical,patient_risk;flow_prediction;bed_management,staffing,False,
without_safety_validation,0,mixed_109_moderate_multi_risk_adequate_critical,patient_risk;flow_prediction;staffing;bed_management,,False,
without_safety_validation,0,mixed_110_moderate_multi_risk_adequate_critical,patient_risk;flow_prediction;staffing;bed_management,,False,
without_safety_validation,0,mixed_111_low_multi_risk_adequate_critical,patient_risk;flow_prediction;staffing;bed_management,,False,
without_safety_validation,0,mixed_112_critical_multi_risk_critical_tight,patient_risk;flow_prediction;staffing;bed_management,,False,
without_safety_validation,0,mixed_113_low_stable_strained_critical,patient_risk;flow_prediction;staffing;bed_management,,False,
without_safety_validation,0,mixed_114_moderate_stable_strained_critical,patient_risk;flow_prediction;staffing;bed_management,,False,
without_safety_validation,0,mixed_115_high_stable_strained_critical,patient_risk;flow_prediction;staffing;bed_management,,False,
without_safety_validation,0,mixed_116_critical_stable_strained_critical,patient_risk;flow_prediction;staffing;bed_management,,False,
without_safety_validation,0,mixed_117_high_isolated_high_strained_critical,patient_risk;flow_prediction;staffing;bed_management,,False,
without_safety_validation,0,mixed_118_moderate_isolated_high_adequate_critical,patient_risk;flow_prediction;staffing;bed_management,,False,
without_safety_validation,0,mixed_119_high_isolated_high_adequate_critical,patient_risk;flow_prediction;staffing;bed_management,,False,
without_safety_validation,0,mixed_120_low_isolated_high_strained_critical,patient_risk;flow_prediction;staffing;bed_management,,False,
without_safety_validation,0,mixed_121_low_isolated_critical_strained_critical,patient_risk;flow_prediction;staffing;bed_management,,False,
without_safety_validation,0,mixed_122_moderate_isolated_critical_strained_critical,patient_risk;flow_prediction;staffing;bed_management,,False,
without_safety_validation,0,mixed_123_high_isolated_critical_strained_critical,patient_risk;flow_prediction;staffing;bed_management,,False,
without_safety_validation,0,mixed_124_moderate_isolated_critical_strained_tight,patient_risk;flow_prediction;staffing;bed_management,,False,
without_safety_validation,0,mixed_125_low_multi_risk_strained_critical,patient_risk;flow_prediction;staffing;bed_management,,False,
without_safety_validation,0,mixed_126_low_multi_risk_strained_critical,patient_risk;flow_prediction;staffing;bed_management,,False,
without_safety_validation,0,mixed_127_high_multi_risk_strained_critical,patient_risk;flow_prediction;staffing;bed_management,,False,
without_safety_validation,0,mixed_128_moderate_multi_risk_strained_critical,patient_risk;flow_prediction;staffing;bed_management,,False,
without_safety_validation,0,mixed_129_low_stable_critical_tight,patient_risk;flow_prediction;staffing;bed_management,,False,
without_safety_validation,0,mixed_130_moderate_stable_critical_critical,patient_risk;flow_prediction;staffing;bed_management,,False,
without_safety_validation,0,mixed_131_moderate_stable_critical_critical,patient_risk;flow_prediction;staffing;bed_management,,False,
without_safety_validation,0,mixed_132_low_stable_critical_critical,patient_risk;flow_prediction;staffing;bed_management,,False,
without_safety_validation,0,mixed_133_low_isolated_high_critical_critical,patient_risk;flow_prediction;staffing;bed_management,,False,
without_safety_validation,0,mixed_134_moderate_isolated_high_critical_critical,patient_risk;flow_prediction;staffing;bed_management,,False,
without_safety_validation,0,mixed_135_high_isolated_high_critical_critical,patient_risk;flow_prediction;staffing;bed_management,,False,
without_safety_validation,0,mixed_136_critical_isolated_high_critical_critical,patient_risk;flow_prediction;staffing;bed_management,,False,
without_safety_validation,0,mixed_137_high_isolated_critical_critical_critical,patient_risk;flow_prediction;staffing;bed_management,,False,
without_safety_validation,0,mixed_138_low_isolated_critical_critical_critical,patient_risk;flow_prediction;staffing;bed_management,,False,
without_safety_validation,0,mixed_139_low_isolated_critical_critical_critical,patient_risk;flow_prediction;staffing;bed_management,,False,
without_safety_validation,0,mixed_140_critical_isolated_critical_critical_critical,patient_risk;flow_prediction;staffing;bed_management,,False,
without_safety_validation,0,mixed_141_critical_multi_risk_strained_critical,patient_risk;flow_prediction;staffing;bed_management,,False,
without_safety_validation,0,mixed_142_moderate_multi_risk_adequate_critical,patient_risk;flow_prediction;staffing;bed_management,,False,
without_safety_validation,0,mixed_143_high_multi_risk_adequate_open,patient_risk;flow_prediction;staffing;bed_management,,False,
without_safety_validation,0,mixed_144_critical_multi_risk_critical_critical,patient_risk;flow_prediction;staffing;bed_management,,False,
without_safety_validation,0,mixed_145_low_stable_adequate_open,patient_risk;flow_prediction;staffing;bed_management,,False,
without_safety_validation,0,mixed_146_moderate_stable_adequate_open,patient_risk;flow_prediction;staffing;bed_management,,False,
without_safety_validation,0,mixed_147_high_stable_adequate_open,patient_risk;flow_prediction;staffing;bed_management,,False,
without_safety_validation,0,mixed_148_critical_stable_adequate_open,patient_risk;flow_prediction;staffing;bed_management,,False,
without_safety_validation,0,mixed_149_low_isolated_high_adequate_open,patient_risk;flow_prediction;bed_management,staffing,False,
without_safety_validation,0,mixed_150_moderate_isolated_high_adequate_open,patient_risk;flow_prediction;bed_management;staffing,,False,
without_safety_validation,0,mixed_151_high_isolated_high_adequate_open,patient_risk;flow_prediction;staffing;bed_management,,False,
without_safety_validation,0,mixed_152_critical_isolated_high_adequate_open,patient_risk;flow_prediction;staffing;bed_management,,False,
without_safety_validation,0,mixed_153_low_isolated_critical_adequate_open,patient_risk;flow_prediction;staffing;bed_management,,False,
without_safety_validation,0,mixed_154_moderate_isolated_critical_adequate_open,patient_risk;flow_prediction;staffing;bed_management,,False,
without_safety_validation,0,mixed_155_high_isolated_critical_adequate_open,patient_risk;flow_prediction;staffing;bed_management,,False,
without_safety_validation,0,mixed_156_critical_isolated_critical_adequate_open,patient_risk;flow_prediction;staffing;bed_management,,False,
without_safety_validation,0,mixed_157_low_multi_risk_adequate_open,patient_risk;flow_prediction;staffing;bed_management,,False,
without_safety_validation,0,mixed_158_high_multi_risk_critical_open,patient_risk;flow_prediction;staffing;bed_management,,False,
without_safety_validation,0,mixed_159_high_multi_risk_adequate_open,patient_risk;flow_prediction;staffing;bed_management,,False,
without_safety_validation,0,mixed_160_critical_multi_risk_adequate_open,patient_risk;flow_prediction;staffing;bed_management,,False,
without_safety_validation,0,mixed_161_moderate_stable_strained_open,patient_risk;flow_prediction;staffing;bed_management,,False,
without_safety_validation,0,mixed_162_moderate_stable_adequate_open,patient_risk;flow_prediction;staffing;bed_management,,False,
without_safety_validation,0,mixed_163_high_stable_strained_open,patient_risk;flow_prediction;staffing;bed_management,,False,
without_safety_validation,0,mixed_164_critical_stable_strained_open,patient_risk;flow_prediction;staffing;bed_management,,False,
without_safety_validation,0,mixed_165_low_isolated_high_strained_open,patient_risk;flow_prediction;staffing;bed_management,,False,
without_safety_validation,0,mixed_166_moderate_isolated_high_strained_open,patient_risk;flow_prediction;staffing;bed_management,,False,
without_safety_validation,0,mixed_167_high_isolated_high_strained_open,patient_risk;flow_prediction;staffing;bed_management,,False,
without_safety_validation,0,mixed_168_high_isolated_high_critical_open,patient_risk;flow_prediction;staffing;bed_management,,False,
without_safety_validation,0,mixed_169_low_isolated_critical_strained_open,patient_risk;flow_prediction;staffing;bed_management,,False,
without_safety_validation,0,mixed_170_moderate_isolated_critical_critical_open,patient_risk;flow_prediction;staffing;bed_management,,False,
without_safety_validation,0,mixed_171_critical_isolated_critical_strained_open,patient_risk;flow_prediction;staffing;bed_management,,False,
without_safety_validation,0,mixed_172_critical_isolated_critical_strained_open,patient_risk;flow_prediction;staffing;bed_management,,False,
without_safety_validation,0,mixed_173_low_multi_risk_strained_open,patient_risk;flow_prediction;staffing;bed_management,,False,
without_safety_validation,0,mixed_174_moderate_multi_risk_strained_open,patient_risk;flow_prediction;staffing;bed_management,,False,
without_safety_validation,1,critical_congestion_with_sepsis,patient_risk;flow_prediction;staffing;bed_management,,False,
without_safety_validation,1,stable_day_shift,patient_risk;flow_prediction;staffing;bed_management,,False,
without_safety_validation,1,isolated_high_risk_patient,patient_risk;flow_prediction;staffing;bed_management,,False,
without_safety_validation,1,staffing_crunch,patient_risk;flow_prediction;staffing;bed_management,,False,
without_safety_validation,1,bed_block,patient_risk;flow_prediction;staffing;bed_management,,False,
without_safety_validation,1,queue_overload,patient_risk;flow_prediction;staffing;bed_management,,False,
without_safety_validation,1,mixed_001_low_stable_adequate_open,patient_risk;flow_prediction;staffing;bed_management,,False,
without_safety_validation,1,mixed_002_moderate_stable_adequate_open,patient_risk;flow_prediction;staffing;bed_management,,False,
without_safety_validation,1,mixed_003_high_stable_adequate_open,patient_risk;flow_prediction;staffing;bed_management,,False,
without_safety_validation,1,mixed_004_critical_stable_adequate_open,patient_risk;flow_prediction;staffing;bed_management,,False,
without_safety_validation,1,mixed_005_low_isolated_high_adequate_open,patient_risk;flow_prediction;staffing;bed_management,,False,
without_safety_validation,1,mixed_006_moderate_isolated_high_critical_open,patient_risk;flow_prediction;staffing;bed_management,,False,
without_safety_validation,1,mixed_007_low_isolated_high_adequate_open,patient_risk;flow_prediction;staffing;bed_management,,False,
without_safety_validation,1,mixed_008_critical_isolated_high_adequate_open,patient_risk;flow_prediction;staffing;bed_management,,False,
without_safety_validation,1,mixed_009_low_isolated_critical_adequate_open,patient_risk,flow_prediction;staffing;bed_management,False,
without_safety_validation,1,mixed_010_moderate_isolated_critical_adequate_open,patient_risk;flow_prediction;staffing;bed_management,,False,
without_safety_validation,1,mixed_011_high_isolated_critical_adequate_critical,patient_risk;flow_prediction;staffing;bed_management,,False,
without_safety_validation,1,mixed_012_critical_isolated_critical_adequate_open,patient_risk;flow_prediction;staffing;bed_management,,False,
without_safety_validation,1,mixed_013_low_multi_risk_adequate_open,patient_risk;flow_prediction;bed_management,staffing,False,
without_safety_validation,1,mixed_014_moderate_multi_risk_adequate_open,patient_risk;flow_prediction;staffing;bed_management,,False,
without_safety_validation,1,mixed_015_high_multi_risk_adequate_open,patient_risk;flow_prediction;staffing;bed_management,,False,
without_safety_validation,1,mixed_016_critical_multi_risk_adequate_open,patient_risk;flow_prediction;staffing;bed_management,,False,
without_safety_validation,1,mixed_017_low_stable_strained_open,patient_risk;flow_prediction;staffing;bed_management,,False,
without_safety_validation,1,mixed_018_moderate_stable_strained_open,patient_risk;flow_prediction;staffing;bed_management,,False,
without_safety_validation,1,mixed_019_high_stable_strained_open,patient_risk;flow_prediction;staffing;bed_management,,False,
without_safety_validation,1,mixed_020_critical_stable_strained_open,patient_risk;flow_prediction;staffing;bed_management,,False,
without_safety_validation,1,mixed_021_low_isolated_high_strained_open,patient_risk;flow_prediction;staffing;bed_management,,False,
without_safety_validation,1,mixed_022_moderate_isolated_high_strained_open,patient_risk;flow_prediction;staffing;bed_management,,False,
without_safety_validation,1,mixed_023_high_isolated_high_strained_open,patient_risk;flow_prediction;staffing;bed_management,,False,
without_safety_validation,1,mixed_024_critical_isolated_high_strained_open,patient_risk;flow_prediction;staffing;bed_management,,False,
without_safety_validation,1,mixed_025_low_isolated_critical_strained_open,patient_risk;flow_prediction;bed_management,staffing,False,
without_safety_validation,1,mixed_026_moderate_isolated_critical_strained_open,patient_risk;flow_prediction;staffing;bed_management,,False,
without_safety_validation,1,mixed_027_moderate_isolated_critical_strained_open,patient_risk;flow_prediction;staffing;bed_management,,False,
without_safety_validation,1,mixed_028_moderate_isolated_critical_strained_open,patient_risk;flow_prediction;staffing;bed_management,,False,
without_safety_validation,1,mixed_029_low_multi_risk_strained_open,patient_risk;flow_prediction;staffing;bed_management,,False,
without_safety_validation,1,mixed_030_moderate_multi_risk_strained_open,patient_risk;flow_prediction;staffing;bed_management,,False,
without_safety_validation,1,mixed_031_critical_multi_risk_strained_open,patient_risk;flow_prediction;staffing;bed_management,,False,
without_safety_validation,1,mixed_032_critical_multi_risk_strained_open,patient_risk;flow_prediction;staffing;bed_management,,False,
without_safety_validation,1,mixed_033_low_stable_critical_open,patient_risk;flow_prediction;staffing;bed_management,,False,
without_safety_validation,1,mixed_034_moderate_stable_critical_open,patient_risk;flow_prediction;staffing;bed_management,,False,
without_safety_validation,1,mixed_035_high_stable_critical_open,patient_risk;flow_prediction;staffing;bed_management,,False,
without_safety_validation,1,mixed_036_critical_stable_critical_open,patient_risk;flow_prediction;staffing;bed_management,,False,
without_safety_validation,1,mixed_037_low_isolated_high_critical_open,patient_risk;flow_prediction;staffing;bed_management,,False,
without_safety_validation,1,mixed_038_moderate_isolated_high_strained_open,patient_risk;flow_prediction;staffing;bed_management,,False,
without_safety_validation,1,mixed_039_high_isolated_high_critical_open,patient_risk;flow_prediction;staffing;bed_management,,False,
without_safety_validation,1,mixed_040_critical_isolated_high_critical_critical,patient_risk;flow_prediction;staffing;bed_management,,False,
without_safety_validation,1,mixed_041_low_isolated_critical_critical_open,patient_risk;flow_prediction;staffing;bed_management,,False,
without_safety_validation,1,mixed_042_low_isolated_critical_critical_open,patient_risk;flow_prediction;staffing;bed_management,,False,
without_safety_validation,1,mixed_043_high_isolated_critical_critical_open,patient_risk;flow_prediction;staffing;bed_management,,False,
without_safety_validation,1,mixed_044_critical_isolated_critical_critical_open,patient_risk;flow_prediction;staffing;bed_management,,False,
without_safety_validation,1,mixed_045_low_multi_risk_critical_tight,patient_risk;flow_prediction;staffing;bed_management,,False,
without_safety_validation,1,mixed_046_low_multi_risk_critical_open,patient_risk;flow_prediction;staffing;bed_management,,False,
without_safety_validation,1,mixed_047_high_multi_risk_adequate_open,patient_risk;flow_prediction;staffing;bed_management,,False,
without_safety_validation,1,mixed_048_moderate_multi_risk_critical_open,patient_risk;flow_prediction;staffing;bed_management,,False,
without_safety_validation,1,mixed_049_critical_stable_adequate_critical,patient_risk;flow_prediction;staffing;bed_management,,False,
without_safety_validation,1,mixed_050_moderate_stable_adequate_critical,patient_risk;flow_prediction;staffing;bed_management,,False,
without_safety_validation,1,mixed_051_high_stable_adequate_tight,patient_risk;flow_prediction;staffing;bed_management,,False,
without_safety_validation,1,mixed_052_critical_stable_adequate_tight,patient_risk;flow_prediction;staffing;bed_management,,False,
without_safety_validation,1,mixed_053_low_isolated_high_adequate_tight,patient_risk;flow_prediction;staffing;bed_management,,False,
without_safety_validation,1,mixed_054_moderate_isolated_high_adequate_tight,patient_risk;flow_prediction;staffing;bed_management,,False,
without_safety_validation,1,mixed_055_high_isolated_high_strained_tight,patient_risk;flow_prediction;staffing;bed_management,,False,
without_safety_validation,1,mixed_056_critical_isolated_high_adequate_tight,patient_risk;flow_prediction;staffing;bed_management,,False,
without_safety_validation,1,mixed_057_low_isolated_critical_adequate_tight,patient_risk;flow_prediction;staffing;bed_management,,False,
without_safety_validation,1,mixed_058_moderate_isolated_critical_adequate_tight,patient_risk;flow_prediction;staffing;bed_management,,False,
without_safety_validation,1,mixed_059_high_isolated_critical_adequate_open,patient_risk;flow_prediction;bed_management;staffing,,False,
without_safety_validation,1,mixed_060_critical_isolated_critical_adequate_tight,patient_risk;flow_prediction;staffing;bed_management,,False,
without_safety_validation,1,mixed_061_low_multi_risk_adequate_tight,patient_risk;flow_prediction;staffing;bed_management,,False,
without_safety_validation,1,mixed_062_moderate_multi_risk_adequate_tight,patient_risk;flow_prediction;staffing;bed_management,,False,
without_safety_validation,1,mixed_063_high_multi_risk_adequate_open,patient_risk;flow_prediction;staffing;bed_management,,False,
without_safety_validation,1,mixed_064_critical_multi_risk_adequate_tight,patient_risk;flow_prediction;staffing;bed_management,,False,
without_safety_validation,1,mixed_065_low_stable_critical_tight,patient_risk;flow_prediction;staffing;bed_management,,False,
without_safety_validation,1,mixed_066_moderate_stable_strained_tight,patient_risk;flow_prediction;staffing;bed_management,,False,
without_safety_validation,1,mixed_067_high_stable_critical_tight,patient_risk;flow_prediction;staffing;bed_management,,False,
without_safety_validation,1,mixed_068_critical_stable_strained_tight,patient_risk;flow_prediction;staffing;bed_management,,False,
without_safety_validation,1,mixed_069_low_isolated_high_strained_tight,patient_risk;flow_prediction;staffing;bed_management,,False,
without_safety_validation,1,mixed_070_moderate_isolated_high_strained_tight,patient_risk;flow_prediction;staffing;bed_management,,False,
without_safety_validation,1,mixed_071_high_isolated_high_strained_tight,patient_risk;flow_prediction;staffing;bed_management,,False,
without_safety_validation,1,mixed_072_critical_isolated_high_strained_tight,patient_risk;flow_prediction;staffing;bed_management,,False,
without_safety_validation,1,mixed_073_critical_isolated_critical_strained_open,patient_risk;flow_prediction;staffing;bed_management,,False,
without_safety_validation,1,mixed_074_moderate_isolated_critical_strained_critical,patient_risk;flow_prediction;staffing;bed_management,,False,
without_safety_validation,1,mixed_075_high_isolated_critical_strained_open,patient_risk;flow_prediction;staffing;bed_management,,False,
without_safety_validation,1,mixed_076_critical_isolated_critical_strained_tight,patient_risk;flow_prediction;staffing;bed_management,,False,
without_safety_validation,1,mixed_077_low_multi_risk_strained_tight,patient_risk;flow_prediction;staffing;bed_management,,False,
without_safety_validation,1,mixed_078_moderate_multi_risk_strained_tight,patient_risk;flow_prediction;staffing;bed_management,,False,
without_safety_validation,1,mixed_079_high_multi_risk_adequate_tight,patient_risk;flow_prediction;staffing;bed_management,,False,
without_safety_validation,1,mixed_080_critical_multi_risk_strained_tight,patient_risk;flow_prediction;staffing;bed_management,,False,
without_safety_validation,1,mixed_081_moderate_stable_strained_critical,patient_risk;flow_prediction;staffing;bed_management,,False,
without_safety_validation,1,mixed_082_moderate_stable_critical_tight,patient_risk;flow_prediction;staffing;bed_management,,False,
without_safety_validation,1,mixed_083_high_stable_adequate_tight,patient_risk;flow_prediction;bed_management,staffing,False,
without_safety_validation,1,mixed_084_high_stable_critical_tight,patient_risk;flow_prediction;staffing;bed_management,,False,
without_safety_validation,1,mixed_085_low_isolated_high_critical_tight,patient_risk;flow_prediction;staffing;bed_management,,False,
without_safety_validation,1,mixed_086_moderate_isolated_high_critical_critical,patient_risk;flow_prediction;staffing;bed_management,,False,
without_safety_validation,1,mixed_087_high_isolated_high_strained_tight,patient_risk;flow_prediction;staffing;bed_management,,False,
without_safety_validation,1,mixed_088_low_isolated_high_critical_tight,patient_risk;flow_prediction;staffing;bed_management,,False,
without_safety_validation,1,mixed_089_low_isolated_critical_critical_tight,patient_risk;flow_prediction;staffing;bed_management,,False,
without_safety_validation,1,mixed_090_moderate_isolated_critical_adequate_tight,patient_risk;flow_prediction;staffing;bed_management,,False,
without_safety_validation,1,mixed_091_high_isolated_critical_critical_tight,patient_risk;flow_prediction;staffing;bed_management,,False,
without_safety_validation,1,mixed_092_critical_isolated_critical_adequate_open,patient_risk;flow_prediction;staffing;bed_management,,False,
without_safety_validation,1,mixed_093_low_multi_risk_critical_tight,patient_risk;flow_prediction;staffing;bed_management,,False,
without_safety_validation,1,mixed_094_moderate_multi_risk_critical_tight,patient_risk;flow_prediction;staffing;bed_management,,False,
without_safety_validation,1,mixed_095_high_multi_risk_critical_tight,patient_risk;flow_prediction;staffing;bed_management,,False,
without_safety_validation,1,mixed_096_critical_multi_risk_critical_open,patient_risk;flow_prediction;staffing;bed_management,,False,
without_safety_validation,1,mixed_097_low_stable_adequate_critical,patient_risk;flow_prediction;staffing;bed_management,,False,
without_safety_validation,1,mixed_098_moderate_stable_strained_tight,patient_risk;flow_prediction;staffing;bed_management,,False,
without_safety_validation,1,mixed_099_critical_stable_adequate_critical,patient_risk;flow_prediction;bed_management,staffing,False,
without_safety_validation,1,mixed_100_critical_stable_adequate_critical,patient_risk;flow_prediction;staffing;bed_management,,False,
without_safety_validation,1,mixed_101_low_isolated_high_adequate_tight,patient_risk;flow_prediction;staffing;bed_management,,False,
without_safety_validation,1,mixed_102_moderate_isolated_high_adequate_critical,patient_risk;flow_prediction;staffing;bed_management,,False,
without_safety_validation,1,mixed_103_high_isolated_high_adequate_critical,patient_risk;flow_prediction;staffing;bed_management,,False,
without_safety_validation,1,mixed_104_critical_isolated_high_adequate_critical,patient_risk;flow_prediction;staffing;bed_management,,False,
without_safety_validation,1,mixed_105_low_isolated_critical_adequate_critical,patient_risk;flow_prediction;staffing;bed_management,,False,
without_safety_validation,1,mixed_106_moderate_isolated_critical_adequate_critical,patient_risk;flow_prediction;staffing;bed_management,,False,
without_safety_validation,1,mixed_107_moderate_isolated_critical_adequate_critical,patient_risk;flow_prediction;staffing;bed_management,,False,
without_safety_validation,1,mixed_108_critical_isolated_critical_adequate_critical,patient_risk;flow_prediction;staffing;bed_management,,False,
without_safety_validation,1,mixed_109_moderate_multi_risk_adequate_critical,patient_risk;flow_prediction;staffing;bed_management,,False,
without_safety_validation,1,mixed_110_moderate_multi_risk_adequate_critical,patient_risk;flow_prediction;staffing;bed_management,,False,
without_safety_validation,1,mixed_111_low_multi_risk_adequate_critical,patient_risk;flow_prediction;staffing;bed_management,,False,
without_safety_validation,1,mixed_112_critical_multi_risk_critical_tight,patient_risk;flow_prediction;staffing;bed_management,,False,
without_safety_validation,1,mixed_113_low_stable_strained_critical,patient_risk;flow_prediction;staffing;bed_management,,False,
without_safety_validation,1,mixed_114_moderate_stable_strained_critical,patient_risk;flow_prediction;staffing;bed_management,,False,
without_safety_validation,1,mixed_115_high_stable_strained_critical,patient_risk;flow_prediction;staffing;bed_management,,False,
without_safety_validation,1,mixed_116_critical_stable_strained_critical,patient_risk;flow_prediction;staffing;bed_management,,False,
without_safety_validation,1,mixed_117_high_isolated_high_strained_critical,patient_risk;flow_prediction;staffing;bed_management,,False,
without_safety_validation,1,mixed_118_moderate_isolated_high_adequate_critical,patient_risk;flow_prediction;staffing;bed_management,,False,
without_safety_validation,1,mixed_119_high_isolated_high_adequate_critical,patient_risk;flow_prediction;staffing;bed_management,,False,
without_safety_validation,1,mixed_120_low_isolated_high_strained_critical,patient_risk;flow_prediction;staffing;bed_management,,False,
without_safety_validation,1,mixed_121_low_isolated_critical_strained_critical,patient_risk;flow_prediction;staffing;bed_management,,False,
without_safety_validation,1,mixed_122_moderate_isolated_critical_strained_critical,patient_risk;flow_prediction;staffing;bed_management,,False,
without_safety_validation,1,mixed_123_high_isolated_critical_strained_critical,patient_risk;flow_prediction;staffing;bed_management,,False,
without_safety_validation,1,mixed_124_moderate_isolated_critical_strained_tight,patient_risk;flow_prediction;staffing;bed_management,,False,
without_safety_validation,1,mixed_125_low_multi_risk_strained_critical,patient_risk;flow_prediction;staffing;bed_management,,False,
without_safety_validation,1,mixed_126_low_multi_risk_strained_critical,patient_risk;flow_prediction;staffing;bed_management,,False,
without_safety_validation,1,mixed_127_high_multi_risk_strained_critical,patient_risk;flow_prediction;staffing;bed_management,,False,
without_safety_validation,1,mixed_128_moderate_multi_risk_strained_critical,patient_risk;flow_prediction;staffing;bed_management,,False,
without_safety_validation,1,mixed_129_low_stable_critical_tight,patient_risk;flow_prediction;staffing;bed_management,,False,
without_safety_validation,1,mixed_130_moderate_stable_critical_critical,patient_risk;flow_prediction;staffing;bed_management,,False,
without_safety_validation,1,mixed_131_moderate_stable_critical_critical,patient_risk;flow_prediction;staffing;bed_management,,False,
without_safety_validation,1,mixed_132_low_stable_critical_critical,patient_risk;flow_prediction;staffing;bed_management,,False,
without_safety_validation,1,mixed_133_low_isolated_high_critical_critical,patient_risk;flow_prediction;staffing;bed_management,,False,
without_safety_validation,1,mixed_134_moderate_isolated_high_critical_critical,patient_risk;flow_prediction;staffing;bed_management,,False,
without_safety_validation,1,mixed_135_high_isolated_high_critical_critical,patient_risk;flow_prediction;staffing;bed_management,,False,
without_safety_validation,1,mixed_136_critical_isolated_high_critical_critical,patient_risk;flow_prediction;staffing;bed_management,,False,
without_safety_validation,1,mixed_137_high_isolated_critical_critical_critical,patient_risk;flow_prediction;staffing;bed_management,,False,
without_safety_validation,1,mixed_138_low_isolated_critical_critical_critical,patient_risk;flow_prediction;staffing;bed_management,,False,
without_safety_validation,1,mixed_139_low_isolated_critical_critical_critical,patient_risk;flow_prediction;staffing;bed_management,,False,
without_safety_validation,1,mixed_140_critical_isolated_critical_critical_critical,patient_risk;flow_prediction;staffing;bed_management,,False,
without_safety_validation,1,mixed_141_critical_multi_risk_strained_critical,patient_risk;flow_prediction;staffing;bed_management,,False,
without_safety_validation,1,mixed_142_moderate_multi_risk_adequate_critical,patient_risk;flow_prediction;staffing;bed_management,,False,
without_safety_validation,1,mixed_143_high_multi_risk_adequate_open,patient_risk;flow_prediction;staffing;bed_management,,False,
without_safety_validation,1,mixed_144_critical_multi_risk_critical_critical,patient_risk;flow_prediction;staffing;bed_management,,False,
without_safety_validation,1,mixed_145_low_stable_adequate_open,patient_risk;flow_prediction;staffing;bed_management,,False,
without_safety_validation,1,mixed_146_moderate_stable_adequate_open,patient_risk;flow_prediction;staffing;bed_management,,False,
without_safety_validation,1,mixed_147_high_stable_adequate_open,patient_risk;flow_prediction;staffing;bed_management,,False,
without_safety_validation,1,mixed_148_critical_stable_adequate_open,patient_risk;flow_prediction;staffing;bed_management,,False,
without_safety_validation,1,mixed_149_low_isolated_high_adequate_open,patient_risk;flow_prediction;staffing;bed_management,,False,
without_safety_validation,1,mixed_150_moderate_isolated_high_adequate_open,patient_risk;flow_prediction;staffing;bed_management,,False,
without_safety_validation,1,mixed_151_high_isolated_high_adequate_open,patient_risk;flow_prediction;staffing;bed_management,,False,
without_safety_validation,1,mixed_152_critical_isolated_high_adequate_open,patient_risk;flow_prediction;staffing;bed_management,,False,
without_safety_validation,1,mixed_153_low_isolated_critical_adequate_open,patient_risk;flow_prediction;staffing;bed_management,,False,
without_safety_validation,1,mixed_154_moderate_isolated_critical_adequate_open,patient_risk;flow_prediction;staffing;bed_management,,False,
without_safety_validation,1,mixed_155_high_isolated_critical_adequate_open,patient_risk;flow_prediction;staffing;bed_management,,False,
without_safety_validation,1,mixed_156_critical_isolated_critical_adequate_open,patient_risk;flow_prediction;staffing;bed_management,,False,
without_safety_validation,1,mixed_157_low_multi_risk_adequate_open,patient_risk;flow_prediction;staffing;bed_management,,False,
without_safety_validation,1,mixed_158_high_multi_risk_critical_open,patient_risk;flow_prediction;staffing;bed_management,,False,
without_safety_validation,1,mixed_159_high_multi_risk_adequate_open,patient_risk;flow_prediction;staffing;bed_management,,False,
without_safety_validation,1,mixed_160_critical_multi_risk_adequate_open,patient_risk;flow_prediction;staffing;bed_management,,False,
without_safety_validation,1,mixed_161_moderate_stable_strained_open,patient_risk;flow_prediction;staffing;bed_management,,False,
without_safety_validation,1,mixed_162_moderate_stable_adequate_open,patient_risk;flow_prediction;staffing;bed_management,,False,
without_safety_validation,1,mixed_163_high_stable_strained_open,patient_risk;flow_prediction;staffing;bed_management,,False,
without_safety_validation,1,mixed_164_critical_stable_strained_open,patient_risk;flow_prediction;staffing;bed_management,,False,
without_safety_validation,1,mixed_165_low_isolated_high_strained_open,patient_risk;flow_prediction;staffing;bed_management,,False,
without_safety_validation,1,mixed_166_moderate_isolated_high_strained_open,patient_risk;flow_prediction;staffing;bed_management,,False,
without_safety_validation,1,mixed_167_high_isolated_high_strained_open,patient_risk;flow_prediction;staffing;bed_management,,False,
without_safety_validation,1,mixed_168_high_isolated_high_critical_open,patient_risk;flow_prediction;staffing;bed_management,,False,
without_safety_validation,1,mixed_169_low_isolated_critical_strained_open,patient_risk;flow_prediction;staffing;bed_management,,False,
without_safety_validation,1,mixed_170_moderate_isolated_critical_critical_open,patient_risk;flow_prediction;staffing;bed_management,,False,
without_safety_validation,1,mixed_171_critical_isolated_critical_strained_open,patient_risk;flow_prediction;staffing;bed_management,,False,
without_safety_validation,1,mixed_172_critical_isolated_critical_strained_open,patient_risk;flow_prediction;staffing;bed_management,,False,
without_safety_validation,1,mixed_173_low_multi_risk_strained_open,patient_risk;flow_prediction;bed_management,staffing,False,
without_safety_validation,1,mixed_174_moderate_multi_risk_strained_open,patient_risk;flow_prediction;staffing;bed_management,,False,
without_safety_validation,2,critical_congestion_with_sepsis,patient_risk;flow_prediction;staffing;bed_management,,False,
without_safety_validation,2,stable_day_shift,patient_risk;flow_prediction;staffing;bed_management,,False,
without_safety_validation,2,isolated_high_risk_patient,patient_risk;flow_prediction;bed_management,staffing,False,
without_safety_validation,2,staffing_crunch,patient_risk;flow_prediction;staffing;bed_management,,False,
without_safety_validation,2,bed_block,patient_risk;flow_prediction;bed_management,staffing,False,
without_safety_validation,2,queue_overload,patient_risk;flow_prediction;staffing;bed_management,,False,
without_safety_validation,2,mixed_001_low_stable_adequate_open,patient_risk;flow_prediction;staffing;bed_management,,False,
without_safety_validation,2,mixed_002_moderate_stable_adequate_open,patient_risk;flow_prediction;staffing;bed_management,,False,
without_safety_validation,2,mixed_003_high_stable_adequate_open,patient_risk;flow_prediction;staffing;bed_management,,False,
without_safety_validation,2,mixed_004_critical_stable_adequate_open,patient_risk;flow_prediction;staffing;bed_management,,False,
without_safety_validation,2,mixed_005_low_isolated_high_adequate_open,patient_risk;flow_prediction;staffing;bed_management,,False,
without_safety_validation,2,mixed_006_moderate_isolated_high_critical_open,patient_risk;flow_prediction;staffing;bed_management,,False,
without_safety_validation,2,mixed_007_low_isolated_high_adequate_open,patient_risk;flow_prediction;staffing;bed_management,,False,
without_safety_validation,2,mixed_008_critical_isolated_high_adequate_open,patient_risk;flow_prediction;staffing;bed_management,,False,
without_safety_validation,2,mixed_009_low_isolated_critical_adequate_open,patient_risk;flow_prediction;staffing;bed_management,,False,
without_safety_validation,2,mixed_010_moderate_isolated_critical_adequate_open,patient_risk;flow_prediction;staffing;bed_management,,False,
without_safety_validation,2,mixed_011_high_isolated_critical_adequate_critical,patient_risk;flow_prediction;staffing;bed_management,,False,
without_safety_validation,2,mixed_012_critical_isolated_critical_adequate_open,patient_risk;flow_prediction;staffing;bed_management,,False,
without_safety_validation,2,mixed_013_low_multi_risk_adequate_open,patient_risk;flow_prediction;staffing;bed_management,,False,
without_safety_validation,2,mixed_014_moderate_multi_risk_adequate_open,patient_risk;flow_prediction;staffing;bed_management,,False,
without_safety_validation,2,mixed_015_high_multi_risk_adequate_open,patient_risk;flow_prediction;staffing;bed_management,,False,
without_safety_validation,2,mixed_016_critical_multi_risk_adequate_open,patient_risk;flow_prediction;staffing;bed_management,,False,
without_safety_validation,2,mixed_017_low_stable_strained_open,patient_risk;flow_prediction;staffing;bed_management,,False,
without_safety_validation,2,mixed_018_moderate_stable_strained_open,patient_risk;flow_prediction;staffing;bed_management,,False,
without_safety_validation,2,mixed_019_high_stable_strained_open,patient_risk;flow_prediction;staffing;bed_management,,False,
without_safety_validation,2,mixed_020_critical_stable_strained_open,patient_risk;flow_prediction;staffing;bed_management,,False,
without_safety_validation,2,mixed_021_low_isolated_high_strained_open,patient_risk;flow_prediction;staffing;bed_management,,False,
without_safety_validation,2,mixed_022_moderate_isolated_high_strained_open,patient_risk;flow_prediction;staffing;bed_management,,False,
without_safety_validation,2,mixed_023_high_isolated_high_strained_open,patient_risk;flow_prediction;staffing;bed_management,,False,
without_safety_validation,2,mixed_024_critical_isolated_high_strained_open,patient_risk;flow_prediction;staffing;bed_management,,False,
without_safety_validation,2,mixed_025_low_isolated_critical_strained_open,patient_risk;flow_prediction;staffing;bed_management,,False,
without_safety_validation,2,mixed_026_moderate_isolated_critical_strained_open,patient_risk;flow_prediction;staffing,bed_management,False,
without_safety_validation,2,mixed_027_moderate_isolated_critical_strained_open,patient_risk;flow_prediction;staffing;bed_management,,False,
without_safety_validation,2,mixed_028_moderate_isolated_critical_strained_open,patient_risk;flow_prediction;staffing;bed_management,,False,
without_safety_validation,2,mixed_029_low_multi_risk_strained_open,patient_risk;flow_prediction;staffing;bed_management,,False,
without_safety_validation,2,mixed_030_moderate_multi_risk_strained_open,patient_risk;flow_prediction;staffing;bed_management,,False,
without_safety_validation,2,mixed_031_critical_multi_risk_strained_open,patient_risk;flow_prediction;staffing;bed_management,,False,
without_safety_validation,2,mixed_032_critical_multi_risk_strained_open,patient_risk;flow_prediction;staffing;bed_management,,False,
without_safety_validation,2,mixed_033_low_stable_critical_open,patient_risk;flow_prediction;staffing;bed_management,,False,
without_safety_validation,2,mixed_034_moderate_stable_critical_open,patient_risk;flow_prediction;staffing;bed_management,,False,
without_safety_validation,2,mixed_035_high_stable_critical_open,patient_risk;flow_prediction;staffing;bed_management,,False,
without_safety_validation,2,mixed_036_critical_stable_critical_open,patient_risk;flow_prediction;staffing;bed_management,,False,
without_safety_validation,2,mixed_037_low_isolated_high_critical_open,patient_risk;flow_prediction;staffing;bed_management,,False,
without_safety_validation,2,mixed_038_moderate_isolated_high_strained_open,patient_risk;flow_prediction;staffing;bed_management,,False,
without_safety_validation,2,mixed_039_high_isolated_high_critical_open,patient_risk;flow_prediction;staffing;bed_management,,False,
without_safety_validation,2,mixed_040_critical_isolated_high_critical_critical,patient_risk;flow_prediction;staffing;bed_management,,False,
without_safety_validation,2,mixed_041_low_isolated_critical_critical_open,patient_risk;flow_prediction;staffing;bed_management,,False,
without_safety_validation,2,mixed_042_low_isolated_critical_critical_open,patient_risk;flow_prediction;staffing;bed_management,,False,
without_safety_validation,2,mixed_043_high_isolated_critical_critical_open,patient_risk;flow_prediction;staffing;bed_management,,False,
without_safety_validation,2,mixed_044_critical_isolated_critical_critical_open,patient_risk;flow_prediction;staffing;bed_management,,False,
without_safety_validation,2,mixed_045_low_multi_risk_critical_tight,patient_risk;flow_prediction;staffing;bed_management,,False,
without_safety_validation,2,mixed_046_low_multi_risk_critical_open,patient_risk;flow_prediction;staffing;bed_management,,False,
without_safety_validation,2,mixed_047_high_multi_risk_adequate_open,patient_risk;flow_prediction,staffing;bed_management,False,
without_safety_validation,2,mixed_048_moderate_multi_risk_critical_open,patient_risk;flow_prediction;staffing;bed_management,,False,
without_safety_validation,2,mixed_049_critical_stable_adequate_critical,patient_risk;flow_prediction;staffing;bed_management,,False,
without_safety_validation,2,mixed_050_moderate_stable_adequate_critical,patient_risk;flow_prediction;staffing;bed_management,,False,
without_safety_validation,2,mixed_051_high_stable_adequate_tight,patient_risk;flow_prediction;staffing;bed_management,,False,
without_safety_validation,2,mixed_052_critical_stable_adequate_tight,patient_risk;flow_prediction;staffing;bed_management,,False,
without_safety_validation,2,mixed_053_low_isolated_high_adequate_tight,patient_risk;flow_prediction;bed_management,staffing,False,
without_safety_validation,2,mixed_054_moderate_isolated_high_adequate_tight,patient_risk;flow_prediction;staffing;bed_management,,False,
without_safety_validation,2,mixed_055_high_isolated_high_strained_tight,patient_risk;flow_prediction;staffing;bed_management,,False,
without_safety_validation,2,mixed_056_critical_isolated_high_adequate_tight,patient_risk;flow_prediction;staffing;bed_management,,False,
without_safety_validation,2,mixed_057_low_isolated_critical_adequate_tight,patient_risk;flow_prediction;staffing;bed_management,,False,
without_safety_validation,2,mixed_058_moderate_isolated_critical_adequate_tight,patient_risk;flow_prediction;staffing;bed_management,,False,
without_safety_validation,2,mixed_059_high_isolated_critical_adequate_open,patient_risk;flow_prediction;staffing;bed_management,,False,
without_safety_validation,2,mixed_060_critical_isolated_critical_adequate_tight,patient_risk;flow_prediction;staffing;bed_management,,False,
without_safety_validation,2,mixed_061_low_multi_risk_adequate_tight,patient_risk;flow_prediction;staffing;bed_management,,False,
without_safety_validation,2,mixed_062_moderate_multi_risk_adequate_tight,patient_risk;flow_prediction;staffing;bed_management,,False,
without_safety_validation,2,mixed_063_high_multi_risk_adequate_open,patient_risk;flow_prediction;staffing,bed_management,False,
without_safety_validation,2,mixed_064_critical_multi_risk_adequate_tight,patient_risk;flow_prediction;staffing;bed_management,,False,
without_safety_validation,2,mixed_065_low_stable_critical_tight,patient_risk;flow_prediction;staffing;bed_management,,False,
without_safety_validation,2,mixed_066_moderate_stable_strained_tight,patient_risk;flow_prediction;staffing;bed_management,,False,
without_safety_validation,2,mixed_067_high_stable_critical_tight,patient_risk;flow_prediction;staffing;bed_management,,False,
without_safety_validation,2,mixed_068_critical_stable_strained_tight,patient_risk;flow_prediction;staffing;bed_management,,False,
without_safety_validation,2,mixed_069_low_isolated_high_strained_tight,patient_risk;flow_prediction;staffing;bed_management,,False,
without_safety_validation,2,mixed_070_moderate_isolated_high_strained_tight,patient_risk;flow_prediction;bed_management;staffing,,False,
without_safety_validation,2,mixed_071_high_isolated_high_strained_tight,patient_risk;flow_prediction;staffing;bed_management,,False,
without_safety_validation,2,mixed_072_critical_isolated_high_strained_tight,patient_risk;flow_prediction;staffing;bed_management,,False,
without_safety_validation,2,mixed_073_critical_isolated_critical_strained_open,patient_risk;flow_prediction;staffing;bed_management,,False,
without_safety_validation,2,mixed_074_moderate_isolated_critical_strained_critical,patient_risk;flow_prediction;staffing;bed_management,,False,
without_safety_validation,2,mixed_075_high_isolated_critical_strained_open,patient_risk;flow_prediction;staffing;bed_management,,False,
without_safety_validation,2,mixed_076_critical_isolated_critical_strained_tight,patient_risk;flow_prediction;staffing;bed_management,,False,
without_safety_validation,2,mixed_077_low_multi_risk_strained_tight,patient_risk;flow_prediction;staffing;bed_management,,False,
without_safety_validation,2,mixed_078_moderate_multi_risk_strained_tight,patient_risk;flow_prediction;staffing;bed_management,,False,
without_safety_validation,2,mixed_079_high_multi_risk_adequate_tight,patient_risk;flow_prediction;staffing;bed_management,,False,
without_safety_validation,2,mixed_080_critical_multi_risk_strained_tight,patient_risk;flow_prediction;staffing;bed_management,,False,
without_safety_validation,2,mixed_081_moderate_stable_strained_critical,patient_risk;flow_prediction;staffing;bed_management,,False,
without_safety_validation,2,mixed_082_moderate_stable_critical_tight,patient_risk;flow_prediction;staffing;bed_management,,False,
without_safety_validation,2,mixed_083_high_stable_adequate_tight,patient_risk;flow_prediction;staffing;bed_management,,False,
without_safety_validation,2,mixed_084_high_stable_critical_tight,patient_risk;flow_prediction;staffing;bed_management,,False,
without_safety_validation,2,mixed_085_low_isolated_high_critical_tight,patient_risk;flow_prediction;staffing;bed_management,,False,
without_safety_validation,2,mixed_086_moderate_isolated_high_critical_critical,patient_risk;flow_prediction;staffing;bed_management,,False,
without_safety_validation,2,mixed_087_high_isolated_high_strained_tight,patient_risk;flow_prediction;staffing;bed_management,,False,
without_safety_validation,2,mixed_088_low_isolated_high_critical_tight,patient_risk;flow_prediction;staffing;bed_management,,False,
without_safety_validation,2,mixed_089_low_isolated_critical_critical_tight,patient_risk;flow_prediction;staffing;bed_management,,False,
without_safety_validation,2,mixed_090_moderate_isolated_critical_adequate_tight,patient_risk;flow_prediction;staffing;bed_management,,False,
without_safety_validation,2,mixed_091_high_isolated_critical_critical_tight,patient_risk;flow_prediction;staffing;bed_management,,False,
without_safety_validation,2,mixed_092_critical_isolated_critical_adequate_open,patient_risk;flow_prediction;staffing;bed_management,,False,
without_safety_validation,2,mixed_093_low_multi_risk_critical_tight,patient_risk;flow_prediction;staffing;bed_management,,True,JSONDecodeError: Invalid control character at: line 12 column 128 (char 588)
without_safety_validation,2,mixed_094_moderate_multi_risk_critical_tight,patient_risk;flow_prediction;staffing;bed_management,,False,
without_safety_validation,2,mixed_095_high_multi_risk_critical_tight,patient_risk;flow_prediction;staffing;bed_management,,False,
without_safety_validation,2,mixed_096_critical_multi_risk_critical_open,patient_risk;flow_prediction;staffing;bed_management,,False,
without_safety_validation,2,mixed_097_low_stable_adequate_critical,patient_risk;flow_prediction;staffing;bed_management,,False,
without_safety_validation,2,mixed_098_moderate_stable_strained_tight,patient_risk;flow_prediction;staffing;bed_management,,False,
without_safety_validation,2,mixed_099_critical_stable_adequate_critical,patient_risk;flow_prediction;bed_management,staffing,False,
without_safety_validation,2,mixed_100_critical_stable_adequate_critical,patient_risk;flow_prediction;staffing;bed_management,,False,
without_safety_validation,2,mixed_101_low_isolated_high_adequate_tight,patient_risk;flow_prediction;staffing;bed_management,,False,
without_safety_validation,2,mixed_102_moderate_isolated_high_adequate_critical,patient_risk;flow_prediction;staffing;bed_management,,False,
without_safety_validation,2,mixed_103_high_isolated_high_adequate_critical,patient_risk;flow_prediction;staffing;bed_management,,False,
without_safety_validation,2,mixed_104_critical_isolated_high_adequate_critical,patient_risk;flow_prediction;staffing;bed_management,,False,
without_safety_validation,2,mixed_105_low_isolated_critical_adequate_critical,patient_risk;flow_prediction;staffing;bed_management,,False,
without_safety_validation,2,mixed_106_moderate_isolated_critical_adequate_critical,patient_risk;flow_prediction;staffing;bed_management,,False,
without_safety_validation,2,mixed_107_moderate_isolated_critical_adequate_critical,patient_risk;flow_prediction;staffing;bed_management,,False,
without_safety_validation,2,mixed_108_critical_isolated_critical_adequate_critical,patient_risk;flow_prediction;staffing;bed_management,,False,
without_safety_validation,2,mixed_109_moderate_multi_risk_adequate_critical,patient_risk;flow_prediction;staffing;bed_management,,False,
without_safety_validation,2,mixed_110_moderate_multi_risk_adequate_critical,patient_risk;flow_prediction;staffing;bed_management,,False,
without_safety_validation,2,mixed_111_low_multi_risk_adequate_critical,patient_risk;flow_prediction;staffing;bed_management,,False,
without_safety_validation,2,mixed_112_critical_multi_risk_critical_tight,patient_risk;flow_prediction;staffing;bed_management,,False,
without_safety_validation,2,mixed_113_low_stable_strained_critical,patient_risk;flow_prediction;staffing;bed_management,,False,
without_safety_validation,2,mixed_114_moderate_stable_strained_critical,patient_risk;flow_prediction;staffing;bed_management,,False,
without_safety_validation,2,mixed_115_high_stable_strained_critical,patient_risk;flow_prediction;staffing;bed_management,,False,
without_safety_validation,2,mixed_116_critical_stable_strained_critical,patient_risk;flow_prediction;staffing;bed_management,,False,
without_safety_validation,2,mixed_117_high_isolated_high_strained_critical,patient_risk;flow_prediction;staffing;bed_management,,False,
without_safety_validation,2,mixed_118_moderate_isolated_high_adequate_critical,patient_risk;flow_prediction;staffing;bed_management,,False,
without_safety_validation,2,mixed_119_high_isolated_high_adequate_critical,patient_risk;flow_prediction;staffing;bed_management,,False,
without_safety_validation,2,mixed_120_low_isolated_high_strained_critical,patient_risk;flow_prediction;bed_management,staffing,False,
without_safety_validation,2,mixed_121_low_isolated_critical_strained_critical,patient_risk;flow_prediction;staffing;bed_management,,False,
without_safety_validation,2,mixed_122_moderate_isolated_critical_strained_critical,patient_risk;flow_prediction;staffing;bed_management,,False,
without_safety_validation,2,mixed_123_high_isolated_critical_strained_critical,patient_risk;flow_prediction;staffing;bed_management,,False,
without_safety_validation,2,mixed_124_moderate_isolated_critical_strained_tight,patient_risk;flow_prediction;bed_management;staffing,,False,
without_safety_validation,2,mixed_125_low_multi_risk_strained_critical,patient_risk;flow_prediction;staffing;bed_management,,False,
without_safety_validation,2,mixed_126_low_multi_risk_strained_critical,patient_risk;flow_prediction;staffing;bed_management,,False,
without_safety_validation,2,mixed_127_high_multi_risk_strained_critical,patient_risk;flow_prediction;staffing;bed_management,,False,
without_safety_validation,2,mixed_128_moderate_multi_risk_strained_critical,patient_risk;flow_prediction;staffing;bed_management,,False,
without_safety_validation,2,mixed_129_low_stable_critical_tight,patient_risk;flow_prediction;staffing;bed_management,,False,
without_safety_validation,2,mixed_130_moderate_stable_critical_critical,patient_risk;flow_prediction;staffing;bed_management,,False,
without_safety_validation,2,mixed_131_moderate_stable_critical_critical,patient_risk;flow_prediction;staffing;bed_management,,False,
without_safety_validation,2,mixed_132_low_stable_critical_critical,patient_risk;flow_prediction;staffing;bed_management,,False,
without_safety_validation,2,mixed_133_low_isolated_high_critical_critical,patient_risk;flow_prediction;staffing;bed_management,,False,
without_safety_validation,2,mixed_134_moderate_isolated_high_critical_critical,patient_risk;flow_prediction;staffing;bed_management,,False,
without_safety_validation,2,mixed_135_high_isolated_high_critical_critical,patient_risk;flow_prediction;staffing;bed_management,,False,
without_safety_validation,2,mixed_136_critical_isolated_high_critical_critical,patient_risk;flow_prediction;staffing;bed_management,,False,
without_safety_validation,2,mixed_137_high_isolated_critical_critical_critical,patient_risk;flow_prediction;staffing;bed_management,,False,
without_safety_validation,2,mixed_138_low_isolated_critical_critical_critical,patient_risk;flow_prediction;staffing;bed_management,,False,
without_safety_validation,2,mixed_139_low_isolated_critical_critical_critical,patient_risk;flow_prediction;staffing;bed_management,,False,
without_safety_validation,2,mixed_140_critical_isolated_critical_critical_critical,patient_risk;flow_prediction;staffing;bed_management,,False,
without_safety_validation,2,mixed_141_critical_multi_risk_strained_critical,patient_risk;flow_prediction;staffing;bed_management,,False,
without_safety_validation,2,mixed_142_moderate_multi_risk_adequate_critical,patient_risk;flow_prediction;staffing;bed_management,,False,
without_safety_validation,2,mixed_143_high_multi_risk_adequate_open,patient_risk;flow_prediction;staffing;bed_management,,False,
without_safety_validation,2,mixed_144_critical_multi_risk_critical_critical,patient_risk;flow_prediction;staffing;bed_management,,False,
without_safety_validation,2,mixed_145_low_stable_adequate_open,patient_risk;flow_prediction;staffing;bed_management,,False,
without_safety_validation,2,mixed_146_moderate_stable_adequate_open,patient_risk;flow_prediction;staffing;bed_management,,False,
without_safety_validation,2,mixed_147_high_stable_adequate_open,patient_risk;flow_prediction;staffing;bed_management,,False,
without_safety_validation,2,mixed_148_critical_stable_adequate_open,patient_risk;flow_prediction;staffing;bed_management,,False,
without_safety_validation,2,mixed_149_low_isolated_high_adequate_open,patient_risk;flow_prediction;staffing;bed_management,,False,
without_safety_validation,2,mixed_150_moderate_isolated_high_adequate_open,patient_risk;flow_prediction;staffing;bed_management,,False,
without_safety_validation,2,mixed_151_high_isolated_high_adequate_open,patient_risk;flow_prediction;staffing;bed_management,,False,
without_safety_validation,2,mixed_152_critical_isolated_high_adequate_open,patient_risk;flow_prediction;staffing;bed_management,,False,
without_safety_validation,2,mixed_153_low_isolated_critical_adequate_open,patient_risk;flow_prediction;staffing;bed_management,,False,
without_safety_validation,2,mixed_154_moderate_isolated_critical_adequate_open,patient_risk;flow_prediction;staffing;bed_management,,False,
without_safety_validation,2,mixed_155_high_isolated_critical_adequate_open,patient_risk;flow_prediction;staffing,bed_management,False,
without_safety_validation,2,mixed_156_critical_isolated_critical_adequate_open,patient_risk;flow_prediction;staffing;bed_management,,False,
without_safety_validation,2,mixed_157_low_multi_risk_adequate_open,patient_risk;flow_prediction;staffing;bed_management,,False,
without_safety_validation,2,mixed_158_high_multi_risk_critical_open,patient_risk;flow_prediction;staffing;bed_management,,False,
without_safety_validation,2,mixed_159_high_multi_risk_adequate_open,patient_risk;flow_prediction;staffing;bed_management,,False,
without_safety_validation,2,mixed_160_critical_multi_risk_adequate_open,patient_risk;flow_prediction;staffing;bed_management,,False,
without_safety_validation,2,mixed_161_moderate_stable_strained_open,patient_risk;flow_prediction;staffing;bed_management,,False,
without_safety_validation,2,mixed_162_moderate_stable_adequate_open,patient_risk;flow_prediction;staffing;bed_management,,False,
without_safety_validation,2,mixed_163_high_stable_strained_open,patient_risk;flow_prediction;staffing;bed_management,,False,
without_safety_validation,2,mixed_164_critical_stable_strained_open,patient_risk;flow_prediction;staffing;bed_management,,False,
without_safety_validation,2,mixed_165_low_isolated_high_strained_open,patient_risk;flow_prediction;staffing;bed_management,,False,
without_safety_validation,2,mixed_166_moderate_isolated_high_strained_open,patient_risk;flow_prediction;staffing;bed_management,,False,
without_safety_validation,2,mixed_167_high_isolated_high_strained_open,patient_risk;flow_prediction;staffing;bed_management,,False,
without_safety_validation,2,mixed_168_high_isolated_high_critical_open,patient_risk;flow_prediction;staffing;bed_management,,False,
without_safety_validation,2,mixed_169_low_isolated_critical_strained_open,patient_risk;flow_prediction;staffing;bed_management,,False,
without_safety_validation,2,mixed_170_moderate_isolated_critical_critical_open,patient_risk;flow_prediction;staffing;bed_management,,False,
without_safety_validation,2,mixed_171_critical_isolated_critical_strained_open,patient_risk;flow_prediction;staffing;bed_management,,False,
without_safety_validation,2,mixed_172_critical_isolated_critical_strained_open,patient_risk;flow_prediction;staffing;bed_management,,False,
without_safety_validation,2,mixed_173_low_multi_risk_strained_open,patient_risk;flow_prediction;staffing;bed_management,,False,
without_safety_validation,2,mixed_174_moderate_multi_risk_strained_open,patient_risk;flow_prediction;staffing;bed_management,,False,
without_safety_validation,3,critical_congestion_with_sepsis,patient_risk;flow_prediction;staffing;bed_management,,False,
without_safety_validation,3,stable_day_shift,patient_risk;flow_prediction;staffing;bed_management,,False,
without_safety_validation,3,isolated_high_risk_patient,patient_risk;flow_prediction;staffing;bed_management,,False,
without_safety_validation,3,staffing_crunch,patient_risk;flow_prediction;staffing;bed_management,,False,
without_safety_validation,3,bed_block,patient_risk;flow_prediction;staffing;bed_management,,False,
without_safety_validation,3,queue_overload,patient_risk;flow_prediction;staffing;bed_management,,False,
without_safety_validation,3,mixed_001_low_stable_adequate_open,patient_risk;flow_prediction;bed_management,staffing,False,
without_safety_validation,3,mixed_002_moderate_stable_adequate_open,patient_risk;flow_prediction;staffing;bed_management,,False,
without_safety_validation,3,mixed_003_high_stable_adequate_open,patient_risk;flow_prediction;staffing;bed_management,,False,
without_safety_validation,3,mixed_004_critical_stable_adequate_open,patient_risk;flow_prediction;staffing;bed_management,,False,
without_safety_validation,3,mixed_005_low_isolated_high_adequate_open,patient_risk;flow_prediction;staffing;bed_management,,False,
without_safety_validation,3,mixed_006_moderate_isolated_high_critical_open,patient_risk;flow_prediction;staffing;bed_management,,False,
without_safety_validation,3,mixed_007_low_isolated_high_adequate_open,patient_risk;flow_prediction;staffing;bed_management,,False,
without_safety_validation,3,mixed_008_critical_isolated_high_adequate_open,patient_risk;flow_prediction;staffing;bed_management,,False,
without_safety_validation,3,mixed_009_low_isolated_critical_adequate_open,patient_risk;flow_prediction;staffing;bed_management,,False,
without_safety_validation,3,mixed_010_moderate_isolated_critical_adequate_open,patient_risk;flow_prediction;staffing;bed_management,,False,
without_safety_validation,3,mixed_011_high_isolated_critical_adequate_critical,patient_risk;flow_prediction;staffing;bed_management,,False,
without_safety_validation,3,mixed_012_critical_isolated_critical_adequate_open,patient_risk;flow_prediction;staffing;bed_management,,False,
without_safety_validation,3,mixed_013_low_multi_risk_adequate_open,patient_risk;flow_prediction;bed_management,staffing,False,
without_safety_validation,3,mixed_014_moderate_multi_risk_adequate_open,patient_risk;flow_prediction;staffing;bed_management,,False,
without_safety_validation,3,mixed_015_high_multi_risk_adequate_open,patient_risk;flow_prediction;staffing;bed_management,,False,
without_safety_validation,3,mixed_016_critical_multi_risk_adequate_open,patient_risk;flow_prediction;staffing;bed_management,,False,
without_safety_validation,3,mixed_017_low_stable_strained_open,patient_risk;flow_prediction;staffing;bed_management,,False,
without_safety_validation,3,mixed_018_moderate_stable_strained_open,patient_risk;flow_prediction;bed_management,staffing,False,
without_safety_validation,3,mixed_019_high_stable_strained_open,patient_risk;flow_prediction;staffing;bed_management,,False,
without_safety_validation,3,mixed_020_critical_stable_strained_open,patient_risk;flow_prediction;staffing;bed_management,,False,
without_safety_validation,3,mixed_021_low_isolated_high_strained_open,patient_risk;flow_prediction;staffing;bed_management,,False,
without_safety_validation,3,mixed_022_moderate_isolated_high_strained_open,patient_risk;flow_prediction;staffing;bed_management,,False,
without_safety_validation,3,mixed_023_high_isolated_high_strained_open,patient_risk;flow_prediction;staffing;bed_management,,False,
without_safety_validation,3,mixed_024_critical_isolated_high_strained_open,patient_risk;flow_prediction;staffing;bed_management,,False,
without_safety_validation,3,mixed_025_low_isolated_critical_strained_open,patient_risk;flow_prediction;staffing;bed_management,,False,
without_safety_validation,3,mixed_026_moderate_isolated_critical_strained_open,patient_risk,flow_prediction;staffing;bed_management,False,
without_safety_validation,3,mixed_027_moderate_isolated_critical_strained_open,patient_risk;flow_prediction;staffing;bed_management,,False,
without_safety_validation,3,mixed_028_moderate_isolated_critical_strained_open,patient_risk;flow_prediction;staffing;bed_management,,False,
without_safety_validation,3,mixed_029_low_multi_risk_strained_open,patient_risk;flow_prediction;staffing;bed_management,,False,
without_safety_validation,3,mixed_030_moderate_multi_risk_strained_open,patient_risk;flow_prediction;staffing;bed_management,,False,
without_safety_validation,3,mixed_031_critical_multi_risk_strained_open,patient_risk;flow_prediction;staffing;bed_management,,False,
without_safety_validation,3,mixed_032_critical_multi_risk_strained_open,patient_risk;flow_prediction;staffing;bed_management,,False,
without_safety_validation,3,mixed_033_low_stable_critical_open,patient_risk;flow_prediction;staffing;bed_management,,False,
without_safety_validation,3,mixed_034_moderate_stable_critical_open,patient_risk;flow_prediction;staffing;bed_management,,False,
without_safety_validation,3,mixed_035_high_stable_critical_open,patient_risk;flow_prediction;staffing;bed_management,,False,
without_safety_validation,3,mixed_036_critical_stable_critical_open,patient_risk;flow_prediction;staffing;bed_management,,False,
without_safety_validation,3,mixed_037_low_isolated_high_critical_open,patient_risk;flow_prediction;staffing;bed_management,,False,
without_safety_validation,3,mixed_038_moderate_isolated_high_strained_open,patient_risk;flow_prediction;staffing;bed_management,,False,
without_safety_validation,3,mixed_039_high_isolated_high_critical_open,patient_risk;flow_prediction;staffing;bed_management,,False,
without_safety_validation,3,mixed_040_critical_isolated_high_critical_critical,patient_risk;flow_prediction;staffing;bed_management,,False,
without_safety_validation,3,mixed_041_low_isolated_critical_critical_open,patient_risk;flow_prediction;staffing;bed_management,,False,
without_safety_validation,3,mixed_042_low_isolated_critical_critical_open,patient_risk;flow_prediction;staffing;bed_management,,False,
without_safety_validation,3,mixed_043_high_isolated_critical_critical_open,patient_risk;flow_prediction;staffing;bed_management,,False,
without_safety_validation,3,mixed_044_critical_isolated_critical_critical_open,patient_risk;flow_prediction;staffing;bed_management,,False,
without_safety_validation,3,mixed_045_low_multi_risk_critical_tight,patient_risk;flow_prediction;staffing;bed_management,,False,
without_safety_validation,3,mixed_046_low_multi_risk_critical_open,patient_risk;flow_prediction;staffing;bed_management,,False,
without_safety_validation,3,mixed_047_high_multi_risk_adequate_open,patient_risk;flow_prediction;staffing;bed_management,,False,
without_safety_validation,3,mixed_048_moderate_multi_risk_critical_open,patient_risk;flow_prediction;staffing;bed_management,,False,
without_safety_validation,3,mixed_049_critical_stable_adequate_critical,patient_risk;flow_prediction;staffing;bed_management,,False,
without_safety_validation,3,mixed_050_moderate_stable_adequate_critical,patient_risk;flow_prediction;staffing;bed_management,,False,
without_safety_validation,3,mixed_051_high_stable_adequate_tight,patient_risk;flow_prediction;staffing;bed_management,,False,
without_safety_validation,3,mixed_052_critical_stable_adequate_tight,patient_risk;flow_prediction;staffing;bed_management,,False,
without_safety_validation,3,mixed_053_low_isolated_high_adequate_tight,patient_risk;flow_prediction;staffing;bed_management,,False,
without_safety_validation,3,mixed_054_moderate_isolated_high_adequate_tight,patient_risk;flow_prediction;staffing;bed_management,,False,
without_safety_validation,3,mixed_055_high_isolated_high_strained_tight,patient_risk;flow_prediction;staffing;bed_management,,False,
without_safety_validation,3,mixed_056_critical_isolated_high_adequate_tight,patient_risk;flow_prediction;staffing;bed_management,,False,
without_safety_validation,3,mixed_057_low_isolated_critical_adequate_tight,patient_risk;flow_prediction;bed_management,staffing,False,
without_safety_validation,3,mixed_058_moderate_isolated_critical_adequate_tight,patient_risk;flow_prediction;staffing;bed_management,,False,
without_safety_validation,3,mixed_059_high_isolated_critical_adequate_open,patient_risk;flow_prediction;staffing;bed_management,,False,
without_safety_validation,3,mixed_060_critical_isolated_critical_adequate_tight,patient_risk;flow_prediction;staffing;bed_management,,False,
without_safety_validation,3,mixed_061_low_multi_risk_adequate_tight,patient_risk;flow_prediction;bed_management,staffing,False,
without_safety_validation,3,mixed_062_moderate_multi_risk_adequate_tight,patient_risk;flow_prediction;bed_management,staffing,False,
without_safety_validation,3,mixed_063_high_multi_risk_adequate_open,patient_risk;flow_prediction;staffing;bed_management,,False,
without_safety_validation,3,mixed_064_critical_multi_risk_adequate_tight,patient_risk;flow_prediction;staffing;bed_management,,False,
without_safety_validation,3,mixed_065_low_stable_critical_tight,patient_risk;flow_prediction;staffing;bed_management,,False,
without_safety_validation,3,mixed_066_moderate_stable_strained_tight,patient_risk;flow_prediction;staffing;bed_management,,False,
without_safety_validation,3,mixed_067_high_stable_critical_tight,patient_risk;flow_prediction;staffing;bed_management,,False,
without_safety_validation,3,mixed_068_critical_stable_strained_tight,patient_risk;flow_prediction;staffing;bed_management,,False,
without_safety_validation,3,mixed_069_low_isolated_high_strained_tight,patient_risk;flow_prediction;staffing;bed_management,,False,
without_safety_validation,3,mixed_070_moderate_isolated_high_strained_tight,patient_risk;flow_prediction;staffing;bed_management,,False,
without_safety_validation,3,mixed_071_high_isolated_high_strained_tight,patient_risk;flow_prediction;staffing;bed_management,,False,
without_safety_validation,3,mixed_072_critical_isolated_high_strained_tight,patient_risk;flow_prediction;staffing;bed_management,,False,
without_safety_validation,3,mixed_073_critical_isolated_critical_strained_open,patient_risk;flow_prediction;staffing;bed_management,,False,
without_safety_validation,3,mixed_074_moderate_isolated_critical_strained_critical,patient_risk;flow_prediction;staffing;bed_management,,False,
without_safety_validation,3,mixed_075_high_isolated_critical_strained_open,patient_risk;flow_prediction;staffing;bed_management,,False,
without_safety_validation,3,mixed_076_critical_isolated_critical_strained_tight,patient_risk;flow_prediction;staffing;bed_management,,False,
without_safety_validation,3,mixed_077_low_multi_risk_strained_tight,patient_risk;flow_prediction;staffing;bed_management,,False,
without_safety_validation,3,mixed_078_moderate_multi_risk_strained_tight,patient_risk;flow_prediction;staffing;bed_management,,False,
without_safety_validation,3,mixed_079_high_multi_risk_adequate_tight,patient_risk;flow_prediction;staffing;bed_management,,False,
without_safety_validation,3,mixed_080_critical_multi_risk_strained_tight,patient_risk;flow_prediction;staffing;bed_management,,False,
without_safety_validation,3,mixed_081_moderate_stable_strained_critical,patient_risk;flow_prediction;bed_management,staffing,False,
without_safety_validation,3,mixed_082_moderate_stable_critical_tight,patient_risk;flow_prediction;staffing;bed_management,,False,
without_safety_validation,3,mixed_083_high_stable_adequate_tight,patient_risk;flow_prediction;staffing;bed_management,,False,
without_safety_validation,3,mixed_084_high_stable_critical_tight,patient_risk;flow_prediction;staffing;bed_management,,False,
without_safety_validation,3,mixed_085_low_isolated_high_critical_tight,patient_risk;flow_prediction;staffing;bed_management,,False,
without_safety_validation,3,mixed_086_moderate_isolated_high_critical_critical,patient_risk;flow_prediction;staffing;bed_management,,False,
without_safety_validation,3,mixed_087_high_isolated_high_strained_tight,patient_risk;flow_prediction;staffing;bed_management,,False,
without_safety_validation,3,mixed_088_low_isolated_high_critical_tight,patient_risk;flow_prediction;staffing;bed_management,,False,
without_safety_validation,3,mixed_089_low_isolated_critical_critical_tight,patient_risk;flow_prediction;staffing;bed_management,,False,
without_safety_validation,3,mixed_090_moderate_isolated_critical_adequate_tight,patient_risk;flow_prediction;staffing;bed_management,,False,
without_safety_validation,3,mixed_091_high_isolated_critical_critical_tight,patient_risk;flow_prediction;staffing;bed_management,,False,
without_safety_validation,3,mixed_092_critical_isolated_critical_adequate_open,patient_risk;flow_prediction;staffing;bed_management,,False,
without_safety_validation,3,mixed_093_low_multi_risk_critical_tight,patient_risk;flow_prediction;staffing;bed_management,,False,
without_safety_validation,3,mixed_094_moderate_multi_risk_critical_tight,patient_risk;flow_prediction;staffing;bed_management,,False,
without_safety_validation,3,mixed_095_high_multi_risk_critical_tight,patient_risk;flow_prediction;staffing;bed_management,,False,
without_safety_validation,3,mixed_096_critical_multi_risk_critical_open,patient_risk;flow_prediction;staffing;bed_management,,False,
without_safety_validation,3,mixed_097_low_stable_adequate_critical,patient_risk;flow_prediction;staffing;bed_management,,False,
without_safety_validation,3,mixed_098_moderate_stable_strained_tight,patient_risk;flow_prediction;staffing;bed_management,,False,
without_safety_validation,3,mixed_099_critical_stable_adequate_critical,patient_risk;flow_prediction;staffing;bed_management,,False,
without_safety_validation,3,mixed_100_critical_stable_adequate_critical,patient_risk;flow_prediction;staffing;bed_management,,False,
without_safety_validation,3,mixed_101_low_isolated_high_adequate_tight,patient_risk;flow_prediction;staffing;bed_management,,False,
without_safety_validation,3,mixed_102_moderate_isolated_high_adequate_critical,patient_risk;flow_prediction;staffing;bed_management,,False,
without_safety_validation,3,mixed_103_high_isolated_high_adequate_critical,patient_risk;flow_prediction;staffing;bed_management,,False,
without_safety_validation,3,mixed_104_critical_isolated_high_adequate_critical,patient_risk;flow_prediction;bed_management,staffing,False,
without_safety_validation,3,mixed_105_low_isolated_critical_adequate_critical,patient_risk;flow_prediction;bed_management,staffing,False,
without_safety_validation,3,mixed_106_moderate_isolated_critical_adequate_critical,patient_risk;flow_prediction;staffing;bed_management,,False,
without_safety_validation,3,mixed_107_moderate_isolated_critical_adequate_critical,patient_risk;flow_prediction;staffing;bed_management,,False,
without_safety_validation,3,mixed_108_critical_isolated_critical_adequate_critical,patient_risk;flow_prediction;staffing;bed_management,,False,
without_safety_validation,3,mixed_109_moderate_multi_risk_adequate_critical,patient_risk;flow_prediction;staffing;bed_management,,False,
without_safety_validation,3,mixed_110_moderate_multi_risk_adequate_critical,patient_risk;flow_prediction;bed_management;staffing,,False,
without_safety_validation,3,mixed_111_low_multi_risk_adequate_critical,patient_risk;flow_prediction;staffing;bed_management,,False,
without_safety_validation,3,mixed_112_critical_multi_risk_critical_tight,patient_risk;flow_prediction;staffing;bed_management,,False,
without_safety_validation,3,mixed_113_low_stable_strained_critical,patient_risk;flow_prediction;staffing;bed_management,,False,
without_safety_validation,3,mixed_114_moderate_stable_strained_critical,patient_risk;flow_prediction;staffing;bed_management,,False,
without_safety_validation,3,mixed_115_high_stable_strained_critical,patient_risk;flow_prediction;staffing;bed_management,,False,
without_safety_validation,3,mixed_116_critical_stable_strained_critical,patient_risk;flow_prediction;staffing;bed_management,,False,
without_safety_validation,3,mixed_117_high_isolated_high_strained_critical,patient_risk;flow_prediction;staffing;bed_management,,False,
without_safety_validation,3,mixed_118_moderate_isolated_high_adequate_critical,patient_risk;flow_prediction;staffing;bed_management,,False,
without_safety_validation,3,mixed_119_high_isolated_high_adequate_critical,patient_risk;flow_prediction;staffing;bed_management,,False,
without_safety_validation,3,mixed_120_low_isolated_high_strained_critical,patient_risk;flow_prediction;bed_management,staffing,False,
without_safety_validation,3,mixed_121_low_isolated_critical_strained_critical,patient_risk;flow_prediction;staffing;bed_management,,False,
without_safety_validation,3,mixed_122_moderate_isolated_critical_strained_critical,patient_risk;flow_prediction;staffing;bed_management,,False,
without_safety_validation,3,mixed_123_high_isolated_critical_strained_critical,patient_risk;flow_prediction;staffing;bed_management,,False,
without_safety_validation,3,mixed_124_moderate_isolated_critical_strained_tight,patient_risk;flow_prediction;staffing;bed_management,,False,
without_safety_validation,3,mixed_125_low_multi_risk_strained_critical,patient_risk;flow_prediction;staffing;bed_management,,False,
without_safety_validation,3,mixed_126_low_multi_risk_strained_critical,patient_risk;flow_prediction;staffing;bed_management,,False,
without_safety_validation,3,mixed_127_high_multi_risk_strained_critical,patient_risk;flow_prediction;staffing;bed_management,,False,
without_safety_validation,3,mixed_128_moderate_multi_risk_strained_critical,patient_risk;flow_prediction;staffing;bed_management,,False,
without_safety_validation,3,mixed_129_low_stable_critical_tight,patient_risk;flow_prediction;staffing;bed_management,,False,
without_safety_validation,3,mixed_130_moderate_stable_critical_critical,patient_risk;flow_prediction;staffing;bed_management,,False,
without_safety_validation,3,mixed_131_moderate_stable_critical_critical,patient_risk;flow_prediction;staffing;bed_management,,False,
without_safety_validation,3,mixed_132_low_stable_critical_critical,patient_risk;flow_prediction;staffing;bed_management,,False,
without_safety_validation,3,mixed_133_low_isolated_high_critical_critical,patient_risk;flow_prediction;staffing;bed_management,,False,
without_safety_validation,3,mixed_134_moderate_isolated_high_critical_critical,patient_risk;flow_prediction;staffing;bed_management,,False,
without_safety_validation,3,mixed_135_high_isolated_high_critical_critical,patient_risk;flow_prediction;staffing;bed_management,,False,
without_safety_validation,3,mixed_136_critical_isolated_high_critical_critical,patient_risk;flow_prediction;staffing;bed_management,,False,
without_safety_validation,3,mixed_137_high_isolated_critical_critical_critical,patient_risk;flow_prediction;staffing;bed_management,,False,
without_safety_validation,3,mixed_138_low_isolated_critical_critical_critical,patient_risk;flow_prediction;staffing;bed_management,,False,
without_safety_validation,3,mixed_139_low_isolated_critical_critical_critical,patient_risk;flow_prediction;staffing;bed_management,,False,
without_safety_validation,3,mixed_140_critical_isolated_critical_critical_critical,patient_risk;flow_prediction;staffing;bed_management,,False,
without_safety_validation,3,mixed_141_critical_multi_risk_strained_critical,patient_risk;flow_prediction;staffing;bed_management,,False,
without_safety_validation,3,mixed_142_moderate_multi_risk_adequate_critical,patient_risk;flow_prediction;staffing;bed_management,,False,
without_safety_validation,3,mixed_143_high_multi_risk_adequate_open,patient_risk;flow_prediction;bed_management;staffing,,False,
without_safety_validation,3,mixed_144_critical_multi_risk_critical_critical,patient_risk;flow_prediction;staffing;bed_management,,False,
without_safety_validation,3,mixed_145_low_stable_adequate_open,patient_risk;flow_prediction;staffing;bed_management,,False,
without_safety_validation,3,mixed_146_moderate_stable_adequate_open,patient_risk;flow_prediction;staffing;bed_management,,False,
without_safety_validation,3,mixed_147_high_stable_adequate_open,patient_risk;flow_prediction;staffing;bed_management,,False,
without_safety_validation,3,mixed_148_critical_stable_adequate_open,patient_risk;flow_prediction;bed_management,staffing,False,
without_safety_validation,3,mixed_149_low_isolated_high_adequate_open,patient_risk;flow_prediction;staffing;bed_management,,False,
without_safety_validation,3,mixed_150_moderate_isolated_high_adequate_open,patient_risk;flow_prediction;staffing;bed_management,,False,
without_safety_validation,3,mixed_151_high_isolated_high_adequate_open,patient_risk;flow_prediction,staffing;bed_management,False,
without_safety_validation,3,mixed_152_critical_isolated_high_adequate_open,patient_risk;flow_prediction;staffing;bed_management,,False,
without_safety_validation,3,mixed_153_low_isolated_critical_adequate_open,patient_risk;flow_prediction;staffing;bed_management,,False,
without_safety_validation,3,mixed_154_moderate_isolated_critical_adequate_open,patient_risk;flow_prediction;bed_management,staffing,False,
without_safety_validation,3,mixed_155_high_isolated_critical_adequate_open,patient_risk;flow_prediction;staffing;bed_management,,False,
without_safety_validation,3,mixed_156_critical_isolated_critical_adequate_open,patient_risk;flow_prediction;staffing;bed_management,,False,
without_safety_validation,3,mixed_157_low_multi_risk_adequate_open,patient_risk;flow_prediction;staffing;bed_management,,False,
without_safety_validation,3,mixed_158_high_multi_risk_critical_open,patient_risk;flow_prediction;staffing;bed_management,,False,
without_safety_validation,3,mixed_159_high_multi_risk_adequate_open,patient_risk;flow_prediction;staffing;bed_management,,False,
without_safety_validation,3,mixed_160_critical_multi_risk_adequate_open,patient_risk;flow_prediction;staffing;bed_management,,False,
without_safety_validation,3,mixed_161_moderate_stable_strained_open,patient_risk;flow_prediction;staffing;bed_management,,False,
without_safety_validation,3,mixed_162_moderate_stable_adequate_open,patient_risk;flow_prediction;staffing;bed_management,,False,
without_safety_validation,3,mixed_163_high_stable_strained_open,patient_risk;flow_prediction;staffing;bed_management,,False,
without_safety_validation,3,mixed_164_critical_stable_strained_open,patient_risk;flow_prediction;staffing;bed_management,,False,
without_safety_validation,3,mixed_165_low_isolated_high_strained_open,patient_risk;flow_prediction;staffing;bed_management,,False,
without_safety_validation,3,mixed_166_moderate_isolated_high_strained_open,patient_risk;flow_prediction;staffing;bed_management,,False,
without_safety_validation,3,mixed_167_high_isolated_high_strained_open,patient_risk;flow_prediction;staffing;bed_management,,False,
without_safety_validation,3,mixed_168_high_isolated_high_critical_open,patient_risk;flow_prediction;staffing;bed_management,,False,
without_safety_validation,3,mixed_169_low_isolated_critical_strained_open,patient_risk;flow_prediction;staffing;bed_management,,False,
without_safety_validation,3,mixed_170_moderate_isolated_critical_critical_open,patient_risk;flow_prediction;staffing;bed_management,,False,
without_safety_validation,3,mixed_171_critical_isolated_critical_strained_open,patient_risk;flow_prediction;staffing;bed_management,,False,
without_safety_validation,3,mixed_172_critical_isolated_critical_strained_open,patient_risk;flow_prediction;staffing;bed_management,,False,
without_safety_validation,3,mixed_173_low_multi_risk_strained_open,patient_risk;flow_prediction;staffing;bed_management,,False,
without_safety_validation,3,mixed_174_moderate_multi_risk_strained_open,patient_risk;flow_prediction;staffing;bed_management,,False,
without_safety_validation,4,critical_congestion_with_sepsis,patient_risk;flow_prediction;staffing;bed_management,,False,
without_safety_validation,4,stable_day_shift,patient_risk;flow_prediction;staffing;bed_management,,False,
without_safety_validation,4,isolated_high_risk_patient,patient_risk;flow_prediction;staffing;bed_management,,False,
without_safety_validation,4,staffing_crunch,patient_risk;flow_prediction;staffing;bed_management,,False,
without_safety_validation,4,bed_block,patient_risk;flow_prediction;staffing;bed_management,,False,
without_safety_validation,4,queue_overload,patient_risk;flow_prediction;staffing;bed_management,,False,
without_safety_validation,4,mixed_001_low_stable_adequate_open,patient_risk;flow_prediction;staffing;bed_management,,False,
without_safety_validation,4,mixed_002_moderate_stable_adequate_open,patient_risk;flow_prediction;staffing;bed_management,,False,
without_safety_validation,4,mixed_003_high_stable_adequate_open,patient_risk;flow_prediction;staffing;bed_management,,False,
without_safety_validation,4,mixed_004_critical_stable_adequate_open,patient_risk;flow_prediction;bed_management,staffing,False,
without_safety_validation,4,mixed_005_low_isolated_high_adequate_open,patient_risk;flow_prediction;staffing;bed_management,,False,
without_safety_validation,4,mixed_006_moderate_isolated_high_critical_open,patient_risk;flow_prediction;staffing;bed_management,,False,
without_safety_validation,4,mixed_007_low_isolated_high_adequate_open,patient_risk;flow_prediction;bed_management,staffing,False,
without_safety_validation,4,mixed_008_critical_isolated_high_adequate_open,patient_risk;flow_prediction;staffing;bed_management,,False,
without_safety_validation,4,mixed_009_low_isolated_critical_adequate_open,patient_risk;flow_prediction;staffing;bed_management,,False,
without_safety_validation,4,mixed_010_moderate_isolated_critical_adequate_open,patient_risk;flow_prediction;staffing;bed_management,,False,
without_safety_validation,4,mixed_011_high_isolated_critical_adequate_critical,patient_risk;flow_prediction;staffing;bed_management,,False,
without_safety_validation,4,mixed_012_critical_isolated_critical_adequate_open,patient_risk;flow_prediction;staffing;bed_management,,False,
without_safety_validation,4,mixed_013_low_multi_risk_adequate_open,patient_risk;flow_prediction;staffing;bed_management,,False,
without_safety_validation,4,mixed_014_moderate_multi_risk_adequate_open,patient_risk;flow_prediction;staffing;bed_management,,False,
without_safety_validation,4,mixed_015_high_multi_risk_adequate_open,patient_risk;flow_prediction;staffing;bed_management,,False,
without_safety_validation,4,mixed_016_critical_multi_risk_adequate_open,patient_risk;flow_prediction;staffing;bed_management,,False,
without_safety_validation,4,mixed_017_low_stable_strained_open,patient_risk;flow_prediction;staffing;bed_management,,False,
without_safety_validation,4,mixed_018_moderate_stable_strained_open,patient_risk;flow_prediction;staffing;bed_management,,False,
without_safety_validation,4,mixed_019_high_stable_strained_open,patient_risk;flow_prediction;staffing;bed_management,,False,
without_safety_validation,4,mixed_020_critical_stable_strained_open,patient_risk;flow_prediction;staffing;bed_management,,False,
without_safety_validation,4,mixed_021_low_isolated_high_strained_open,patient_risk;flow_prediction;staffing;bed_management,,False,
without_safety_validation,4,mixed_022_moderate_isolated_high_strained_open,patient_risk;flow_prediction;staffing;bed_management,,False,
without_safety_validation,4,mixed_023_high_isolated_high_strained_open,patient_risk;flow_prediction;staffing;bed_management,,False,
without_safety_validation,4,mixed_024_critical_isolated_high_strained_open,patient_risk;flow_prediction;staffing;bed_management,,False,
without_safety_validation,4,mixed_025_low_isolated_critical_strained_open,patient_risk;flow_prediction;staffing;bed_management,,False,
without_safety_validation,4,mixed_026_moderate_isolated_critical_strained_open,patient_risk;flow_prediction;staffing;bed_management,,False,
without_safety_validation,4,mixed_027_moderate_isolated_critical_strained_open,patient_risk;flow_prediction;staffing;bed_management,,False,
without_safety_validation,4,mixed_028_moderate_isolated_critical_strained_open,patient_risk;flow_prediction;staffing;bed_management,,False,
without_safety_validation,4,mixed_029_low_multi_risk_strained_open,patient_risk;flow_prediction;staffing;bed_management,,False,
without_safety_validation,4,mixed_030_moderate_multi_risk_strained_open,patient_risk;flow_prediction;staffing;bed_management,,False,
without_safety_validation,4,mixed_031_critical_multi_risk_strained_open,patient_risk;flow_prediction;staffing;bed_management,,False,
without_safety_validation,4,mixed_032_critical_multi_risk_strained_open,patient_risk;flow_prediction;staffing;bed_management,,False,
without_safety_validation,4,mixed_033_low_stable_critical_open,patient_risk;flow_prediction;staffing;bed_management,,False,
without_safety_validation,4,mixed_034_moderate_stable_critical_open,patient_risk;flow_prediction;staffing;bed_management,,False,
without_safety_validation,4,mixed_035_high_stable_critical_open,patient_risk;flow_prediction;staffing;bed_management,,False,
without_safety_validation,4,mixed_036_critical_stable_critical_open,patient_risk;flow_prediction;staffing;bed_management,,False,
without_safety_validation,4,mixed_037_low_isolated_high_critical_open,patient_risk;flow_prediction;staffing;bed_management,,False,
without_safety_validation,4,mixed_038_moderate_isolated_high_strained_open,patient_risk;flow_prediction;staffing;bed_management,,False,
without_safety_validation,4,mixed_039_high_isolated_high_critical_open,patient_risk;flow_prediction;staffing;bed_management,,False,
without_safety_validation,4,mixed_040_critical_isolated_high_critical_critical,patient_risk;flow_prediction;staffing;bed_management,,False,
without_safety_validation,4,mixed_041_low_isolated_critical_critical_open,patient_risk;flow_prediction;staffing;bed_management,,False,
without_safety_validation,4,mixed_042_low_isolated_critical_critical_open,patient_risk;flow_prediction;staffing;bed_management,,False,
without_safety_validation,4,mixed_043_high_isolated_critical_critical_open,patient_risk;flow_prediction;staffing;bed_management,,False,
without_safety_validation,4,mixed_044_critical_isolated_critical_critical_open,patient_risk;flow_prediction;staffing;bed_management,,False,
without_safety_validation,4,mixed_045_low_multi_risk_critical_tight,patient_risk;flow_prediction;staffing;bed_management,,False,
without_safety_validation,4,mixed_046_low_multi_risk_critical_open,patient_risk;flow_prediction;staffing;bed_management,,False,
without_safety_validation,4,mixed_047_high_multi_risk_adequate_open,patient_risk;flow_prediction;staffing;bed_management,,False,
without_safety_validation,4,mixed_048_moderate_multi_risk_critical_open,patient_risk;flow_prediction;staffing;bed_management,,False,
without_safety_validation,4,mixed_049_critical_stable_adequate_critical,patient_risk;flow_prediction;staffing;bed_management,,False,
without_safety_validation,4,mixed_050_moderate_stable_adequate_critical,patient_risk;flow_prediction;staffing;bed_management,,False,
without_safety_validation,4,mixed_051_high_stable_adequate_tight,patient_risk;flow_prediction;staffing;bed_management,,False,
without_safety_validation,4,mixed_052_critical_stable_adequate_tight,patient_risk;flow_prediction;staffing;bed_management,,False,
without_safety_validation,4,mixed_053_low_isolated_high_adequate_tight,patient_risk;flow_prediction;bed_management,staffing,False,
without_safety_validation,4,mixed_054_moderate_isolated_high_adequate_tight,patient_risk;flow_prediction;staffing;bed_management,,False,
without_safety_validation,4,mixed_055_high_isolated_high_strained_tight,patient_risk;flow_prediction;staffing;bed_management,,False,
without_safety_validation,4,mixed_056_critical_isolated_high_adequate_tight,patient_risk;flow_prediction;staffing;bed_management,,False,
without_safety_validation,4,mixed_057_low_isolated_critical_adequate_tight,patient_risk;flow_prediction;staffing;bed_management,,False,
without_safety_validation,4,mixed_058_moderate_isolated_critical_adequate_tight,patient_risk;flow_prediction;staffing;bed_management,,False,
without_safety_validation,4,mixed_059_high_isolated_critical_adequate_open,patient_risk;flow_prediction;staffing;bed_management,,False,
without_safety_validation,4,mixed_060_critical_isolated_critical_adequate_tight,patient_risk;flow_prediction;bed_management,staffing,False,
without_safety_validation,4,mixed_061_low_multi_risk_adequate_tight,patient_risk;flow_prediction;staffing;bed_management,,False,
without_safety_validation,4,mixed_062_moderate_multi_risk_adequate_tight,patient_risk;flow_prediction;staffing;bed_management,,False,
without_safety_validation,4,mixed_063_high_multi_risk_adequate_open,patient_risk;flow_prediction;bed_management,staffing,False,
without_safety_validation,4,mixed_064_critical_multi_risk_adequate_tight,patient_risk;flow_prediction;staffing;bed_management,,False,
without_safety_validation,4,mixed_065_low_stable_critical_tight,patient_risk;flow_prediction;staffing;bed_management,,False,
without_safety_validation,4,mixed_066_moderate_stable_strained_tight,patient_risk;flow_prediction;staffing;bed_management,,False,
without_safety_validation,4,mixed_067_high_stable_critical_tight,patient_risk;flow_prediction;staffing;bed_management,,False,
without_safety_validation,4,mixed_068_critical_stable_strained_tight,patient_risk;flow_prediction;staffing;bed_management,,False,
without_safety_validation,4,mixed_069_low_isolated_high_strained_tight,patient_risk;flow_prediction;staffing;bed_management,,False,
without_safety_validation,4,mixed_070_moderate_isolated_high_strained_tight,patient_risk;flow_prediction;staffing;bed_management,,False,
without_safety_validation,4,mixed_071_high_isolated_high_strained_tight,patient_risk;flow_prediction;staffing;bed_management,,False,
without_safety_validation,4,mixed_072_critical_isolated_high_strained_tight,patient_risk;flow_prediction;staffing;bed_management,,False,
without_safety_validation,4,mixed_073_critical_isolated_critical_strained_open,patient_risk;flow_prediction;staffing;bed_management,,False,
without_safety_validation,4,mixed_074_moderate_isolated_critical_strained_critical,patient_risk;flow_prediction;staffing;bed_management,,False,
without_safety_validation,4,mixed_075_high_isolated_critical_strained_open,patient_risk;flow_prediction;staffing;bed_management,,False,
without_safety_validation,4,mixed_076_critical_isolated_critical_strained_tight,patient_risk;flow_prediction;staffing;bed_management,,False,
without_safety_validation,4,mixed_077_low_multi_risk_strained_tight,patient_risk;flow_prediction;bed_management;staffing,,False,
without_safety_validation,4,mixed_078_moderate_multi_risk_strained_tight,patient_risk;flow_prediction;staffing;bed_management,,False,
without_safety_validation,4,mixed_079_high_multi_risk_adequate_tight,patient_risk;flow_prediction;staffing;bed_management,,False,
without_safety_validation,4,mixed_080_critical_multi_risk_strained_tight,patient_risk;flow_prediction;staffing;bed_management,,False,
without_safety_validation,4,mixed_081_moderate_stable_strained_critical,patient_risk;flow_prediction;staffing;bed_management,,False,
without_safety_validation,4,mixed_082_moderate_stable_critical_tight,patient_risk;flow_prediction;staffing;bed_management,,False,
without_safety_validation,4,mixed_083_high_stable_adequate_tight,patient_risk;flow_prediction;staffing;bed_management,,False,
without_safety_validation,4,mixed_084_high_stable_critical_tight,patient_risk;flow_prediction;staffing;bed_management,,False,
without_safety_validation,4,mixed_085_low_isolated_high_critical_tight,patient_risk;flow_prediction;staffing;bed_management,,False,
without_safety_validation,4,mixed_086_moderate_isolated_high_critical_critical,patient_risk;flow_prediction;staffing;bed_management,,False,
without_safety_validation,4,mixed_087_high_isolated_high_strained_tight,patient_risk;flow_prediction;staffing;bed_management,,False,
without_safety_validation,4,mixed_088_low_isolated_high_critical_tight,patient_risk;flow_prediction;staffing;bed_management,,False,
without_safety_validation,4,mixed_089_low_isolated_critical_critical_tight,patient_risk;flow_prediction;staffing;bed_management,,False,
without_safety_validation,4,mixed_090_moderate_isolated_critical_adequate_tight,patient_risk;flow_prediction;staffing;bed_management,,False,
without_safety_validation,4,mixed_091_high_isolated_critical_critical_tight,patient_risk;flow_prediction;staffing;bed_management,,False,
without_safety_validation,4,mixed_092_critical_isolated_critical_adequate_open,patient_risk;flow_prediction;staffing;bed_management,,False,
without_safety_validation,4,mixed_093_low_multi_risk_critical_tight,patient_risk;flow_prediction;staffing;bed_management,,False,
without_safety_validation,4,mixed_094_moderate_multi_risk_critical_tight,patient_risk;flow_prediction;staffing;bed_management,,False,
without_safety_validation,4,mixed_095_high_multi_risk_critical_tight,patient_risk;flow_prediction;staffing;bed_management,,False,
without_safety_validation,4,mixed_096_critical_multi_risk_critical_open,patient_risk;flow_prediction;staffing;bed_management,,False,
without_safety_validation,4,mixed_097_low_stable_adequate_critical,patient_risk;flow_prediction;staffing;bed_management,,False,
without_safety_validation,4,mixed_098_moderate_stable_strained_tight,patient_risk;flow_prediction;staffing;bed_management,,False,
without_safety_validation,4,mixed_099_critical_stable_adequate_critical,patient_risk;flow_prediction;staffing;bed_management,,False,
without_safety_validation,4,mixed_100_critical_stable_adequate_critical,patient_risk;flow_prediction;staffing;bed_management,,False,
without_safety_validation,4,mixed_101_low_isolated_high_adequate_tight,patient_risk;flow_prediction;staffing;bed_management,,False,
without_safety_validation,4,mixed_102_moderate_isolated_high_adequate_critical,patient_risk;flow_prediction;staffing;bed_management,,False,
without_safety_validation,4,mixed_103_high_isolated_high_adequate_critical,patient_risk;flow_prediction;staffing;bed_management,,False,
without_safety_validation,4,mixed_104_critical_isolated_high_adequate_critical,patient_risk;flow_prediction;staffing;bed_management,,False,
without_safety_validation,4,mixed_105_low_isolated_critical_adequate_critical,patient_risk;flow_prediction;staffing;bed_management,,False,
without_safety_validation,4,mixed_106_moderate_isolated_critical_adequate_critical,patient_risk;flow_prediction;staffing;bed_management,,False,
without_safety_validation,4,mixed_107_moderate_isolated_critical_adequate_critical,patient_risk;flow_prediction;staffing;bed_management,,False,
without_safety_validation,4,mixed_108_critical_isolated_critical_adequate_critical,patient_risk;flow_prediction;bed_management;staffing,,False,
without_safety_validation,4,mixed_109_moderate_multi_risk_adequate_critical,patient_risk;flow_prediction;staffing;bed_management,,False,
without_safety_validation,4,mixed_110_moderate_multi_risk_adequate_critical,patient_risk;flow_prediction;staffing;bed_management,,False,
without_safety_validation,4,mixed_111_low_multi_risk_adequate_critical,patient_risk;flow_prediction;bed_management,staffing,False,
without_safety_validation,4,mixed_112_critical_multi_risk_critical_tight,patient_risk;flow_prediction;staffing;bed_management,,False,
without_safety_validation,4,mixed_113_low_stable_strained_critical,patient_risk;flow_prediction;staffing;bed_management,,False,
without_safety_validation,4,mixed_114_moderate_stable_strained_critical,patient_risk;flow_prediction;staffing;bed_management,,False,
without_safety_validation,4,mixed_115_high_stable_strained_critical,patient_risk;flow_prediction;staffing;bed_management,,False,
without_safety_validation,4,mixed_116_critical_stable_strained_critical,patient_risk;flow_prediction;staffing;bed_management,,False,
without_safety_validation,4,mixed_117_high_isolated_high_strained_critical,patient_risk;flow_prediction;staffing;bed_management,,False,
without_safety_validation,4,mixed_118_moderate_isolated_high_adequate_critical,patient_risk;flow_prediction;staffing;bed_management,,False,
without_safety_validation,4,mixed_119_high_isolated_high_adequate_critical,patient_risk;flow_prediction;staffing;bed_management,,False,
without_safety_validation,4,mixed_120_low_isolated_high_strained_critical,patient_risk;flow_prediction;staffing;bed_management,,False,
without_safety_validation,4,mixed_121_low_isolated_critical_strained_critical,patient_risk;flow_prediction;staffing;bed_management,,False,
without_safety_validation,4,mixed_122_moderate_isolated_critical_strained_critical,patient_risk;flow_prediction;staffing;bed_management,,False,
without_safety_validation,4,mixed_123_high_isolated_critical_strained_critical,patient_risk;flow_prediction;staffing;bed_management,,False,
without_safety_validation,4,mixed_124_moderate_isolated_critical_strained_tight,patient_risk;flow_prediction;bed_management,staffing,False,
without_safety_validation,4,mixed_125_low_multi_risk_strained_critical,patient_risk;flow_prediction;bed_management,staffing,False,
without_safety_validation,4,mixed_126_low_multi_risk_strained_critical,patient_risk;flow_prediction;staffing;bed_management,,False,
without_safety_validation,4,mixed_127_high_multi_risk_strained_critical,patient_risk;flow_prediction;staffing;bed_management,,False,
without_safety_validation,4,mixed_128_moderate_multi_risk_strained_critical,patient_risk;flow_prediction;staffing;bed_management,,False,
without_safety_validation,4,mixed_129_low_stable_critical_tight,patient_risk;flow_prediction;staffing;bed_management,,False,
without_safety_validation,4,mixed_130_moderate_stable_critical_critical,patient_risk;flow_prediction;staffing;bed_management,,False,
without_safety_validation,4,mixed_131_moderate_stable_critical_critical,patient_risk;flow_prediction;staffing;bed_management,,False,
without_safety_validation,4,mixed_132_low_stable_critical_critical,patient_risk;flow_prediction;staffing;bed_management,,False,
without_safety_validation,4,mixed_133_low_isolated_high_critical_critical,patient_risk;flow_prediction;staffing;bed_management,,False,
without_safety_validation,4,mixed_134_moderate_isolated_high_critical_critical,patient_risk;flow_prediction;staffing;bed_management,,False,
without_safety_validation,4,mixed_135_high_isolated_high_critical_critical,patient_risk;flow_prediction;staffing;bed_management,,False,
without_safety_validation,4,mixed_136_critical_isolated_high_critical_critical,patient_risk;flow_prediction;staffing;bed_management,,False,
without_safety_validation,4,mixed_137_high_isolated_critical_critical_critical,patient_risk;flow_prediction;staffing;bed_management,,False,
without_safety_validation,4,mixed_138_low_isolated_critical_critical_critical,patient_risk;flow_prediction;staffing;bed_management,,False,
without_safety_validation,4,mixed_139_low_isolated_critical_critical_critical,patient_risk;flow_prediction;staffing;bed_management,,False,
without_safety_validation,4,mixed_140_critical_isolated_critical_critical_critical,patient_risk;flow_prediction;staffing;bed_management,,False,
without_safety_validation,4,mixed_141_critical_multi_risk_strained_critical,patient_risk;flow_prediction;staffing;bed_management,,False,
without_safety_validation,4,mixed_142_moderate_multi_risk_adequate_critical,patient_risk;flow_prediction;staffing;bed_management,,False,
without_safety_validation,4,mixed_143_high_multi_risk_adequate_open,patient_risk;flow_prediction;staffing;bed_management,,False,
without_safety_validation,4,mixed_144_critical_multi_risk_critical_critical,patient_risk;flow_prediction;staffing;bed_management,,False,
without_safety_validation,4,mixed_145_low_stable_adequate_open,patient_risk;flow_prediction;staffing;bed_management,,False,
without_safety_validation,4,mixed_146_moderate_stable_adequate_open,patient_risk;flow_prediction;staffing;bed_management,,False,
without_safety_validation,4,mixed_147_high_stable_adequate_open,patient_risk;flow_prediction;staffing;bed_management,,False,
without_safety_validation,4,mixed_148_critical_stable_adequate_open,patient_risk;flow_prediction;staffing;bed_management,,False,
without_safety_validation,4,mixed_149_low_isolated_high_adequate_open,patient_risk;flow_prediction;staffing;bed_management,,False,
without_safety_validation,4,mixed_150_moderate_isolated_high_adequate_open,patient_risk;flow_prediction;staffing;bed_management,,False,
without_safety_validation,4,mixed_151_high_isolated_high_adequate_open,patient_risk;flow_prediction;staffing;bed_management,,False,
without_safety_validation,4,mixed_152_critical_isolated_high_adequate_open,patient_risk;flow_prediction;staffing;bed_management,,False,
without_safety_validation,4,mixed_153_low_isolated_critical_adequate_open,patient_risk;flow_prediction;staffing;bed_management,,False,
without_safety_validation,4,mixed_154_moderate_isolated_critical_adequate_open,patient_risk;flow_prediction;staffing;bed_management,,False,
without_safety_validation,4,mixed_155_high_isolated_critical_adequate_open,patient_risk;flow_prediction;staffing;bed_management,,False,
without_safety_validation,4,mixed_156_critical_isolated_critical_adequate_open,patient_risk;flow_prediction;staffing;bed_management,,False,
without_safety_validation,4,mixed_157_low_multi_risk_adequate_open,patient_risk;flow_prediction;staffing;bed_management,,False,
without_safety_validation,4,mixed_158_high_multi_risk_critical_open,patient_risk;flow_prediction;staffing;bed_management,,False,
without_safety_validation,4,mixed_159_high_multi_risk_adequate_open,patient_risk;flow_prediction;staffing;bed_management,,False,
without_safety_validation,4,mixed_160_critical_multi_risk_adequate_open,patient_risk;flow_prediction;staffing;bed_management,,False,
without_safety_validation,4,mixed_161_moderate_stable_strained_open,patient_risk;flow_prediction;bed_management;staffing,,False,
without_safety_validation,4,mixed_162_moderate_stable_adequate_open,patient_risk;flow_prediction;staffing;bed_management,,False,
without_safety_validation,4,mixed_163_high_stable_strained_open,patient_risk;flow_prediction;staffing;bed_management,,False,
without_safety_validation,4,mixed_164_critical_stable_strained_open,patient_risk;flow_prediction;staffing;bed_management,,False,
without_safety_validation,4,mixed_165_low_isolated_high_strained_open,patient_risk;flow_prediction;staffing;bed_management,,False,
without_safety_validation,4,mixed_166_moderate_isolated_high_strained_open,patient_risk;flow_prediction;staffing,bed_management,False,
without_safety_validation,4,mixed_167_high_isolated_high_strained_open,patient_risk;flow_prediction;staffing;bed_management,,False,
without_safety_validation,4,mixed_168_high_isolated_high_critical_open,patient_risk;flow_prediction;staffing;bed_management,,False,
without_safety_validation,4,mixed_169_low_isolated_critical_strained_open,patient_risk;flow_prediction;staffing;bed_management,,False,
without_safety_validation,4,mixed_170_moderate_isolated_critical_critical_open,patient_risk;flow_prediction;staffing;bed_management,,False,
without_safety_validation,4,mixed_171_critical_isolated_critical_strained_open,patient_risk;flow_prediction;staffing;bed_management,,False,
without_safety_validation,4,mixed_172_critical_isolated_critical_strained_open,patient_risk;flow_prediction;staffing;bed_management,,False,
without_safety_validation,4,mixed_173_low_multi_risk_strained_open,patient_risk;flow_prediction;staffing;bed_management,,False,
without_safety_validation,4,mixed_174_moderate_multi_risk_strained_open,patient_risk;flow_prediction;staffing;bed_management,,False,
without_follow_up_tracking,0,critical_congestion_with_sepsis,patient_risk;flow_prediction;staffing;bed_management,,False,
without_follow_up_tracking,0,stable_day_shift,patient_risk;flow_prediction;staffing;bed_management,,False,
without_follow_up_tracking,0,isolated_high_risk_patient,patient_risk;flow_prediction;staffing;bed_management,,False,
without_follow_up_tracking,0,staffing_crunch,patient_risk;flow_prediction;staffing;bed_management,,False,
without_follow_up_tracking,0,bed_block,patient_risk;flow_prediction;staffing;bed_management,,False,
without_follow_up_tracking,0,queue_overload,patient_risk;flow_prediction;staffing;bed_management,,False,
without_follow_up_tracking,0,mixed_001_low_stable_adequate_open,patient_risk;flow_prediction;staffing;bed_management,,False,
without_follow_up_tracking,0,mixed_002_moderate_stable_adequate_open,patient_risk;flow_prediction;staffing;bed_management,,False,
without_follow_up_tracking,0,mixed_003_high_stable_adequate_open,patient_risk;flow_prediction;staffing;bed_management,,False,
without_follow_up_tracking,0,mixed_004_critical_stable_adequate_open,patient_risk;flow_prediction;staffing;bed_management,,False,
without_follow_up_tracking,0,mixed_005_low_isolated_high_adequate_open,patient_risk;flow_prediction;staffing;bed_management,,False,
without_follow_up_tracking,0,mixed_006_moderate_isolated_high_critical_open,patient_risk;flow_prediction;staffing;bed_management,,False,
without_follow_up_tracking,0,mixed_007_low_isolated_high_adequate_open,patient_risk;flow_prediction;staffing;bed_management,,False,
without_follow_up_tracking,0,mixed_008_critical_isolated_high_adequate_open,patient_risk;flow_prediction;staffing;bed_management,,False,
without_follow_up_tracking,0,mixed_009_low_isolated_critical_adequate_open,patient_risk;flow_prediction;bed_management,staffing,False,
without_follow_up_tracking,0,mixed_010_moderate_isolated_critical_adequate_open,patient_risk;flow_prediction;staffing;bed_management,,False,
without_follow_up_tracking,0,mixed_011_high_isolated_critical_adequate_critical,patient_risk;flow_prediction;staffing;bed_management,,False,
without_follow_up_tracking,0,mixed_012_critical_isolated_critical_adequate_open,patient_risk;flow_prediction;staffing;bed_management,,False,
without_follow_up_tracking,0,mixed_013_low_multi_risk_adequate_open,patient_risk;flow_prediction;staffing;bed_management,,False,
without_follow_up_tracking,0,mixed_014_moderate_multi_risk_adequate_open,patient_risk;flow_prediction;staffing;bed_management,,False,
without_follow_up_tracking,0,mixed_015_high_multi_risk_adequate_open,patient_risk;flow_prediction;staffing;bed_management,,False,
without_follow_up_tracking,0,mixed_016_critical_multi_risk_adequate_open,patient_risk;flow_prediction;staffing;bed_management,,False,
without_follow_up_tracking,0,mixed_017_low_stable_strained_open,patient_risk;flow_prediction;staffing;bed_management,,False,
without_follow_up_tracking,0,mixed_018_moderate_stable_strained_open,patient_risk;flow_prediction;staffing;bed_management,,False,
without_follow_up_tracking,0,mixed_019_high_stable_strained_open,patient_risk;flow_prediction;staffing;bed_management,,False,
without_follow_up_tracking,0,mixed_020_critical_stable_strained_open,patient_risk;flow_prediction;staffing;bed_management,,False,
without_follow_up_tracking,0,mixed_021_low_isolated_high_strained_open,patient_risk;flow_prediction;staffing;bed_management,,False,
without_follow_up_tracking,0,mixed_022_moderate_isolated_high_strained_open,patient_risk;flow_prediction;staffing;bed_management,,False,
without_follow_up_tracking,0,mixed_023_high_isolated_high_strained_open,patient_risk;flow_prediction;staffing;bed_management,,False,
without_follow_up_tracking,0,mixed_024_critical_isolated_high_strained_open,patient_risk;flow_prediction;staffing;bed_management,,False,
without_follow_up_tracking,0,mixed_025_low_isolated_critical_strained_open,patient_risk;flow_prediction;staffing;bed_management,,False,
without_follow_up_tracking,0,mixed_026_moderate_isolated_critical_strained_open,patient_risk;flow_prediction;staffing;bed_management,,False,
without_follow_up_tracking,0,mixed_027_moderate_isolated_critical_strained_open,patient_risk;flow_prediction;staffing;bed_management,,False,
without_follow_up_tracking,0,mixed_028_moderate_isolated_critical_strained_open,patient_risk;flow_prediction;staffing;bed_management,,False,
without_follow_up_tracking,0,mixed_029_low_multi_risk_strained_open,patient_risk;flow_prediction;staffing;bed_management,,False,
without_follow_up_tracking,0,mixed_030_moderate_multi_risk_strained_open,patient_risk;flow_prediction;bed_management,staffing,False,
without_follow_up_tracking,0,mixed_031_critical_multi_risk_strained_open,patient_risk;flow_prediction;staffing;bed_management,,False,
without_follow_up_tracking,0,mixed_032_critical_multi_risk_strained_open,patient_risk;flow_prediction;staffing;bed_management,,False,
without_follow_up_tracking,0,mixed_033_low_stable_critical_open,patient_risk;flow_prediction;staffing;bed_management,,False,
without_follow_up_tracking,0,mixed_034_moderate_stable_critical_open,patient_risk;flow_prediction;staffing;bed_management,,False,
without_follow_up_tracking,0,mixed_035_high_stable_critical_open,patient_risk;flow_prediction;staffing;bed_management,,False,
without_follow_up_tracking,0,mixed_036_critical_stable_critical_open,patient_risk;flow_prediction;staffing;bed_management,,False,
without_follow_up_tracking,0,mixed_037_low_isolated_high_critical_open,patient_risk;flow_prediction;staffing;bed_management,,False,
without_follow_up_tracking,0,mixed_038_moderate_isolated_high_strained_open,patient_risk;flow_prediction;staffing;bed_management,,False,
without_follow_up_tracking,0,mixed_039_high_isolated_high_critical_open,patient_risk;flow_prediction;staffing;bed_management,,False,
without_follow_up_tracking,0,mixed_040_critical_isolated_high_critical_critical,patient_risk;flow_prediction;staffing;bed_management,,False,
without_follow_up_tracking,0,mixed_041_low_isolated_critical_critical_open,patient_risk;flow_prediction;staffing;bed_management,,False,
without_follow_up_tracking,0,mixed_042_low_isolated_critical_critical_open,patient_risk;flow_prediction;staffing;bed_management,,False,
without_follow_up_tracking,0,mixed_043_high_isolated_critical_critical_open,patient_risk;flow_prediction;staffing;bed_management,,False,
without_follow_up_tracking,0,mixed_044_critical_isolated_critical_critical_open,patient_risk;flow_prediction;staffing;bed_management,,False,
without_follow_up_tracking,0,mixed_045_low_multi_risk_critical_tight,patient_risk;flow_prediction;staffing;bed_management,,False,
without_follow_up_tracking,0,mixed_046_low_multi_risk_critical_open,patient_risk;flow_prediction;staffing;bed_management,,False,
without_follow_up_tracking,0,mixed_047_high_multi_risk_adequate_open,patient_risk;flow_prediction;staffing;bed_management,,False,
without_follow_up_tracking,0,mixed_048_moderate_multi_risk_critical_open,patient_risk;flow_prediction;staffing;bed_management,,False,
without_follow_up_tracking,0,mixed_049_critical_stable_adequate_critical,patient_risk;flow_prediction;staffing;bed_management,,False,
without_follow_up_tracking,0,mixed_050_moderate_stable_adequate_critical,patient_risk;flow_prediction;staffing;bed_management,,False,
without_follow_up_tracking,0,mixed_051_high_stable_adequate_tight,patient_risk;flow_prediction;bed_management,staffing,False,
without_follow_up_tracking,0,mixed_052_critical_stable_adequate_tight,patient_risk;flow_prediction;bed_management,staffing,False,
without_follow_up_tracking,0,mixed_053_low_isolated_high_adequate_tight,patient_risk;flow_prediction;bed_management;staffing,,False,
without_follow_up_tracking,0,mixed_054_moderate_isolated_high_adequate_tight,patient_risk;flow_prediction;staffing;bed_management,,False,
without_follow_up_tracking,0,mixed_055_high_isolated_high_strained_tight,patient_risk;flow_prediction;staffing;bed_management,,False,
without_follow_up_tracking,0,mixed_056_critical_isolated_high_adequate_tight,patient_risk;flow_prediction;staffing;bed_management,,False,
without_follow_up_tracking,0,mixed_057_low_isolated_critical_adequate_tight,patient_risk;flow_prediction;staffing;bed_management,,False,
without_follow_up_tracking,0,mixed_058_moderate_isolated_critical_adequate_tight,patient_risk;flow_prediction;staffing;bed_management,,False,
without_follow_up_tracking,0,mixed_059_high_isolated_critical_adequate_open,patient_risk;flow_prediction;staffing;bed_management,,False,
without_follow_up_tracking,0,mixed_060_critical_isolated_critical_adequate_tight,patient_risk;flow_prediction;bed_management;staffing,,False,
without_follow_up_tracking,0,mixed_061_low_multi_risk_adequate_tight,patient_risk;flow_prediction;staffing;bed_management,,False,
without_follow_up_tracking,0,mixed_062_moderate_multi_risk_adequate_tight,patient_risk;flow_prediction;staffing;bed_management,,False,
without_follow_up_tracking,0,mixed_063_high_multi_risk_adequate_open,patient_risk;flow_prediction;staffing;bed_management,,False,
without_follow_up_tracking,0,mixed_064_critical_multi_risk_adequate_tight,patient_risk;flow_prediction;staffing;bed_management,,False,
without_follow_up_tracking,0,mixed_065_low_stable_critical_tight,patient_risk;flow_prediction;staffing;bed_management,,False,
without_follow_up_tracking,0,mixed_066_moderate_stable_strained_tight,patient_risk;flow_prediction;staffing;bed_management,,False,
without_follow_up_tracking,0,mixed_067_high_stable_critical_tight,patient_risk;flow_prediction;staffing;bed_management,,False,
without_follow_up_tracking,0,mixed_068_critical_stable_strained_tight,patient_risk;flow_prediction;staffing;bed_management,,False,
without_follow_up_tracking,0,mixed_069_low_isolated_high_strained_tight,patient_risk;flow_prediction;staffing;bed_management,,False,
without_follow_up_tracking,0,mixed_070_moderate_isolated_high_strained_tight,patient_risk;flow_prediction;staffing;bed_management,,False,
without_follow_up_tracking,0,mixed_071_high_isolated_high_strained_tight,patient_risk;flow_prediction;staffing;bed_management,,False,
without_follow_up_tracking,0,mixed_072_critical_isolated_high_strained_tight,patient_risk;flow_prediction;staffing;bed_management,,False,
without_follow_up_tracking,0,mixed_073_critical_isolated_critical_strained_open,patient_risk;flow_prediction;staffing;bed_management,,False,
without_follow_up_tracking,0,mixed_074_moderate_isolated_critical_strained_critical,patient_risk;flow_prediction;staffing;bed_management,,False,
without_follow_up_tracking,0,mixed_075_high_isolated_critical_strained_open,patient_risk;flow_prediction;staffing;bed_management,,False,
without_follow_up_tracking,0,mixed_076_critical_isolated_critical_strained_tight,patient_risk;flow_prediction;bed_management,staffing,False,
without_follow_up_tracking,0,mixed_077_low_multi_risk_strained_tight,patient_risk;flow_prediction;staffing;bed_management,,False,
without_follow_up_tracking,0,mixed_078_moderate_multi_risk_strained_tight,patient_risk;flow_prediction;staffing;bed_management,,False,
without_follow_up_tracking,0,mixed_079_high_multi_risk_adequate_tight,patient_risk;flow_prediction;bed_management,staffing,False,
without_follow_up_tracking,0,mixed_080_critical_multi_risk_strained_tight,patient_risk;flow_prediction;staffing;bed_management,,False,
without_follow_up_tracking,0,mixed_081_moderate_stable_strained_critical,patient_risk;flow_prediction;staffing;bed_management,,False,
without_follow_up_tracking,0,mixed_082_moderate_stable_critical_tight,patient_risk;flow_prediction;staffing;bed_management,,False,
without_follow_up_tracking,0,mixed_083_high_stable_adequate_tight,patient_risk;flow_prediction;staffing;bed_management,,False,
without_follow_up_tracking,0,mixed_084_high_stable_critical_tight,patient_risk;flow_prediction;staffing;bed_management,,False,
without_follow_up_tracking,0,mixed_085_low_isolated_high_critical_tight,patient_risk;flow_prediction;staffing;bed_management,,False,
without_follow_up_tracking,0,mixed_086_moderate_isolated_high_critical_critical,patient_risk;flow_prediction;staffing;bed_management,,False,
without_follow_up_tracking,0,mixed_087_high_isolated_high_strained_tight,patient_risk;flow_prediction;staffing;bed_management,,False,
without_follow_up_tracking,0,mixed_088_low_isolated_high_critical_tight,patient_risk;flow_prediction;staffing;bed_management,,False,
without_follow_up_tracking,0,mixed_089_low_isolated_critical_critical_tight,patient_risk;flow_prediction;staffing;bed_management,,False,
without_follow_up_tracking,0,mixed_090_moderate_isolated_critical_adequate_tight,patient_risk;flow_prediction;staffing;bed_management,,False,
without_follow_up_tracking,0,mixed_091_high_isolated_critical_critical_tight,patient_risk;flow_prediction;staffing;bed_management,,False,
without_follow_up_tracking,0,mixed_092_critical_isolated_critical_adequate_open,patient_risk;flow_prediction;staffing;bed_management,,False,
without_follow_up_tracking,0,mixed_093_low_multi_risk_critical_tight,patient_risk;flow_prediction;staffing;bed_management,,False,
without_follow_up_tracking,0,mixed_094_moderate_multi_risk_critical_tight,patient_risk;flow_prediction;staffing;bed_management,,False,
without_follow_up_tracking,0,mixed_095_high_multi_risk_critical_tight,patient_risk;flow_prediction;staffing;bed_management,,False,
without_follow_up_tracking,0,mixed_096_critical_multi_risk_critical_open,patient_risk;flow_prediction;staffing;bed_management,,False,
without_follow_up_tracking,0,mixed_097_low_stable_adequate_critical,patient_risk;flow_prediction;staffing;bed_management,,False,
without_follow_up_tracking,0,mixed_098_moderate_stable_strained_tight,patient_risk;flow_prediction;staffing;bed_management,,False,
without_follow_up_tracking,0,mixed_099_critical_stable_adequate_critical,patient_risk;flow_prediction;staffing;bed_management,,False,
without_follow_up_tracking,0,mixed_100_critical_stable_adequate_critical,patient_risk;flow_prediction;staffing;bed_management,,False,
without_follow_up_tracking,0,mixed_101_low_isolated_high_adequate_tight,patient_risk;flow_prediction;bed_management,staffing,False,
without_follow_up_tracking,0,mixed_102_moderate_isolated_high_adequate_critical,patient_risk;flow_prediction;staffing;bed_management,,False,
without_follow_up_tracking,0,mixed_103_high_isolated_high_adequate_critical,patient_risk;flow_prediction;staffing;bed_management,,False,
without_follow_up_tracking,0,mixed_104_critical_isolated_high_adequate_critical,patient_risk;flow_prediction;staffing;bed_management,,False,
without_follow_up_tracking,0,mixed_105_low_isolated_critical_adequate_critical,patient_risk;flow_prediction;bed_management;staffing,,False,
without_follow_up_tracking,0,mixed_106_moderate_isolated_critical_adequate_critical,patient_risk;flow_prediction;staffing;bed_management,,False,
without_follow_up_tracking,0,mixed_107_moderate_isolated_critical_adequate_critical,patient_risk;flow_prediction;staffing;bed_management,,False,
without_follow_up_tracking,0,mixed_108_critical_isolated_critical_adequate_critical,patient_risk;flow_prediction;staffing;bed_management,,False,
without_follow_up_tracking,0,mixed_109_moderate_multi_risk_adequate_critical,patient_risk;flow_prediction;staffing;bed_management,,False,
without_follow_up_tracking,0,mixed_110_moderate_multi_risk_adequate_critical,patient_risk;flow_prediction;staffing;bed_management,,False,
without_follow_up_tracking,0,mixed_111_low_multi_risk_adequate_critical,patient_risk;flow_prediction;staffing;bed_management,,False,
without_follow_up_tracking,0,mixed_112_critical_multi_risk_critical_tight,patient_risk;flow_prediction;staffing;bed_management,,False,
without_follow_up_tracking,0,mixed_113_low_stable_strained_critical,patient_risk;flow_prediction;staffing;bed_management,,False,
without_follow_up_tracking,0,mixed_114_moderate_stable_strained_critical,patient_risk;flow_prediction;staffing;bed_management,,False,
without_follow_up_tracking,0,mixed_115_high_stable_strained_critical,patient_risk;flow_prediction;staffing;bed_management,,False,
without_follow_up_tracking,0,mixed_116_critical_stable_strained_critical,patient_risk;flow_prediction;staffing;bed_management,,False,
without_follow_up_tracking,0,mixed_117_high_isolated_high_strained_critical,patient_risk;flow_prediction;staffing;bed_management,,False,
without_follow_up_tracking,0,mixed_118_moderate_isolated_high_adequate_critical,patient_risk;flow_prediction;staffing;bed_management,,False,
without_follow_up_tracking,0,mixed_119_high_isolated_high_adequate_critical,patient_risk;flow_prediction;staffing;bed_management,,False,
without_follow_up_tracking,0,mixed_120_low_isolated_high_strained_critical,patient_risk;flow_prediction;staffing;bed_management,,False,
without_follow_up_tracking,0,mixed_121_low_isolated_critical_strained_critical,patient_risk;flow_prediction;staffing;bed_management,,False,
without_follow_up_tracking,0,mixed_122_moderate_isolated_critical_strained_critical,patient_risk;flow_prediction;staffing;bed_management,,False,
without_follow_up_tracking,0,mixed_123_high_isolated_critical_strained_critical,patient_risk;flow_prediction;staffing;bed_management,,False,
without_follow_up_tracking,0,mixed_124_moderate_isolated_critical_strained_tight,patient_risk;flow_prediction;staffing;bed_management,,False,
without_follow_up_tracking,0,mixed_125_low_multi_risk_strained_critical,patient_risk;flow_prediction;staffing;bed_management,,False,
without_follow_up_tracking,0,mixed_126_low_multi_risk_strained_critical,patient_risk;flow_prediction;staffing;bed_management,,False,
without_follow_up_tracking,0,mixed_127_high_multi_risk_strained_critical,patient_risk;flow_prediction;staffing;bed_management,,False,
without_follow_up_tracking,0,mixed_128_moderate_multi_risk_strained_critical,patient_risk;flow_prediction;staffing;bed_management,,False,
without_follow_up_tracking,0,mixed_129_low_stable_critical_tight,patient_risk;flow_prediction;staffing;bed_management,,False,
without_follow_up_tracking,0,mixed_130_moderate_stable_critical_critical,patient_risk;flow_prediction;staffing;bed_management,,False,
without_follow_up_tracking,0,mixed_131_moderate_stable_critical_critical,patient_risk;flow_prediction;staffing;bed_management,,False,
without_follow_up_tracking,0,mixed_132_low_stable_critical_critical,patient_risk;flow_prediction;staffing;bed_management,,False,
without_follow_up_tracking,0,mixed_133_low_isolated_high_critical_critical,patient_risk;flow_prediction;staffing;bed_management,,False,
without_follow_up_tracking,0,mixed_134_moderate_isolated_high_critical_critical,patient_risk;flow_prediction;staffing;bed_management,,False,
without_follow_up_tracking,0,mixed_135_high_isolated_high_critical_critical,patient_risk;flow_prediction;staffing;bed_management,,False,
without_follow_up_tracking,0,mixed_136_critical_isolated_high_critical_critical,patient_risk;flow_prediction;staffing;bed_management,,False,
without_follow_up_tracking,0,mixed_137_high_isolated_critical_critical_critical,patient_risk;flow_prediction;staffing;bed_management,,False,
without_follow_up_tracking,0,mixed_138_low_isolated_critical_critical_critical,patient_risk;flow_prediction;staffing;bed_management,,False,
without_follow_up_tracking,0,mixed_139_low_isolated_critical_critical_critical,patient_risk;flow_prediction;staffing;bed_management,,False,
without_follow_up_tracking,0,mixed_140_critical_isolated_critical_critical_critical,patient_risk;flow_prediction;staffing;bed_management,,False,
without_follow_up_tracking,0,mixed_141_critical_multi_risk_strained_critical,patient_risk;flow_prediction;staffing;bed_management,,False,
without_follow_up_tracking,0,mixed_142_moderate_multi_risk_adequate_critical,patient_risk;flow_prediction;bed_management,staffing,False,
without_follow_up_tracking,0,mixed_143_high_multi_risk_adequate_open,patient_risk;flow_prediction;staffing;bed_management,,False,
without_follow_up_tracking,0,mixed_144_critical_multi_risk_critical_critical,patient_risk;flow_prediction;staffing;bed_management,,False,
without_follow_up_tracking,0,mixed_145_low_stable_adequate_open,patient_risk;flow_prediction;bed_management,staffing,False,
without_follow_up_tracking,0,mixed_146_moderate_stable_adequate_open,patient_risk;flow_prediction;staffing;bed_management,,False,
without_follow_up_tracking,0,mixed_147_high_stable_adequate_open,patient_risk;flow_prediction;staffing;bed_management,,False,
without_follow_up_tracking,0,mixed_148_critical_stable_adequate_open,patient_risk;flow_prediction;staffing;bed_management,,False,
without_follow_up_tracking,0,mixed_149_low_isolated_high_adequate_open,patient_risk;flow_prediction;bed_management,staffing,False,
without_follow_up_tracking,0,mixed_150_moderate_isolated_high_adequate_open,patient_risk;flow_prediction;staffing;bed_management,,False,
without_follow_up_tracking,0,mixed_151_high_isolated_high_adequate_open,patient_risk;flow_prediction;staffing;bed_management,,False,
without_follow_up_tracking,0,mixed_152_critical_isolated_high_adequate_open,patient_risk;flow_prediction;staffing;bed_management,,False,
without_follow_up_tracking,0,mixed_153_low_isolated_critical_adequate_open,patient_risk;flow_prediction;staffing;bed_management,,False,
without_follow_up_tracking,0,mixed_154_moderate_isolated_critical_adequate_open,patient_risk;flow_prediction;staffing;bed_management,,False,
without_follow_up_tracking,0,mixed_155_high_isolated_critical_adequate_open,patient_risk;flow_prediction;staffing;bed_management,,False,
without_follow_up_tracking,0,mixed_156_critical_isolated_critical_adequate_open,patient_risk;flow_prediction;staffing;bed_management,,False,
without_follow_up_tracking,0,mixed_157_low_multi_risk_adequate_open,patient_risk;flow_prediction;staffing;bed_management,,False,
without_follow_up_tracking,0,mixed_158_high_multi_risk_critical_open,patient_risk;flow_prediction;staffing;bed_management,,False,
without_follow_up_tracking,0,mixed_159_high_multi_risk_adequate_open,patient_risk;flow_prediction;bed_management,staffing,False,
without_follow_up_tracking,0,mixed_160_critical_multi_risk_adequate_open,patient_risk;flow_prediction;staffing;bed_management,,False,
without_follow_up_tracking,0,mixed_161_moderate_stable_strained_open,patient_risk;flow_prediction;staffing;bed_management,,False,
without_follow_up_tracking,0,mixed_162_moderate_stable_adequate_open,patient_risk;flow_prediction;staffing;bed_management,,False,
without_follow_up_tracking,0,mixed_163_high_stable_strained_open,patient_risk;flow_prediction;staffing,bed_management,False,
without_follow_up_tracking,0,mixed_164_critical_stable_strained_open,patient_risk;flow_prediction;staffing;bed_management,,False,
without_follow_up_tracking,0,mixed_165_low_isolated_high_strained_open,patient_risk;flow_prediction;staffing;bed_management,,False,
without_follow_up_tracking,0,mixed_166_moderate_isolated_high_strained_open,patient_risk;flow_prediction;staffing;bed_management,,False,
without_follow_up_tracking,0,mixed_167_high_isolated_high_strained_open,patient_risk;flow_prediction;staffing;bed_management,,False,
without_follow_up_tracking,0,mixed_168_high_isolated_high_critical_open,patient_risk;flow_prediction;staffing;bed_management,,False,
without_follow_up_tracking,0,mixed_169_low_isolated_critical_strained_open,patient_risk;flow_prediction;staffing;bed_management,,False,
without_follow_up_tracking,0,mixed_170_moderate_isolated_critical_critical_open,patient_risk;flow_prediction;staffing;bed_management,,False,
without_follow_up_tracking,0,mixed_171_critical_isolated_critical_strained_open,patient_risk;flow_prediction;staffing;bed_management,,False,
without_follow_up_tracking,0,mixed_172_critical_isolated_critical_strained_open,patient_risk;flow_prediction;staffing;bed_management,,False,
without_follow_up_tracking,0,mixed_173_low_multi_risk_strained_open,patient_risk;flow_prediction;bed_management,staffing,False,
without_follow_up_tracking,0,mixed_174_moderate_multi_risk_strained_open,patient_risk;flow_prediction;staffing;bed_management,,False,
without_follow_up_tracking,1,critical_congestion_with_sepsis,patient_risk;flow_prediction;staffing;bed_management,,False,
without_follow_up_tracking,1,stable_day_shift,patient_risk;flow_prediction;staffing;bed_management,,False,
without_follow_up_tracking,1,isolated_high_risk_patient,patient_risk;flow_prediction;staffing;bed_management,,False,
without_follow_up_tracking,1,staffing_crunch,patient_risk;flow_prediction;staffing;bed_management,,False,
without_follow_up_tracking,1,bed_block,patient_risk;flow_prediction;staffing;bed_management,,False,
without_follow_up_tracking,1,queue_overload,patient_risk;flow_prediction;staffing;bed_management,,False,
without_follow_up_tracking,1,mixed_001_low_stable_adequate_open,patient_risk;flow_prediction;staffing;bed_management,,False,
without_follow_up_tracking,1,mixed_002_moderate_stable_adequate_open,patient_risk;flow_prediction;staffing;bed_management,,False,
without_follow_up_tracking,1,mixed_003_high_stable_adequate_open,patient_risk;flow_prediction;staffing;bed_management,,False,
without_follow_up_tracking,1,mixed_004_critical_stable_adequate_open,patient_risk;flow_prediction;staffing;bed_management,,False,
without_follow_up_tracking,1,mixed_005_low_isolated_high_adequate_open,patient_risk;flow_prediction;staffing;bed_management,,False,
without_follow_up_tracking,1,mixed_006_moderate_isolated_high_critical_open,patient_risk;flow_prediction;staffing;bed_management,,False,
without_follow_up_tracking,1,mixed_007_low_isolated_high_adequate_open,patient_risk;flow_prediction;staffing;bed_management,,False,
without_follow_up_tracking,1,mixed_008_critical_isolated_high_adequate_open,patient_risk;flow_prediction;staffing;bed_management,,False,
without_follow_up_tracking,1,mixed_009_low_isolated_critical_adequate_open,patient_risk;flow_prediction;staffing;bed_management,,False,
without_follow_up_tracking,1,mixed_010_moderate_isolated_critical_adequate_open,patient_risk;flow_prediction;staffing;bed_management,,False,
without_follow_up_tracking,1,mixed_011_high_isolated_critical_adequate_critical,patient_risk;flow_prediction;bed_management,staffing,False,
without_follow_up_tracking,1,mixed_012_critical_isolated_critical_adequate_open,patient_risk;flow_prediction;staffing;bed_management,,False,
without_follow_up_tracking,1,mixed_013_low_multi_risk_adequate_open,patient_risk;flow_prediction;staffing;bed_management,,False,
without_follow_up_tracking,1,mixed_014_moderate_multi_risk_adequate_open,patient_risk;flow_prediction;staffing;bed_management,,False,
without_follow_up_tracking,1,mixed_015_high_multi_risk_adequate_open,patient_risk;flow_prediction;staffing;bed_management,,False,
without_follow_up_tracking,1,mixed_016_critical_multi_risk_adequate_open,patient_risk;flow_prediction;staffing;bed_management,,False,
without_follow_up_tracking,1,mixed_017_low_stable_strained_open,patient_risk,flow_prediction;staffing;bed_management,False,
without_follow_up_tracking,1,mixed_018_moderate_stable_strained_open,patient_risk;flow_prediction;staffing;bed_management,,False,
without_follow_up_tracking,1,mixed_019_high_stable_strained_open,patient_risk;flow_prediction;staffing;bed_management,,False,
without_follow_up_tracking,1,mixed_020_critical_stable_strained_open,patient_risk;flow_prediction;staffing;bed_management,,False,
without_follow_up_tracking,1,mixed_021_low_isolated_high_strained_open,patient_risk;flow_prediction;staffing;bed_management,,False,
without_follow_up_tracking,1,mixed_022_moderate_isolated_high_strained_open,patient_risk;flow_prediction;staffing;bed_management,,False,
without_follow_up_tracking,1,mixed_023_high_isolated_high_strained_open,patient_risk;flow_prediction;staffing;bed_management,,False,
without_follow_up_tracking,1,mixed_024_critical_isolated_high_strained_open,patient_risk;flow_prediction;staffing;bed_management,,False,
without_follow_up_tracking,1,mixed_025_low_isolated_critical_strained_open,patient_risk;flow_prediction;staffing;bed_management,,False,
without_follow_up_tracking,1,mixed_026_moderate_isolated_critical_strained_open,patient_risk;flow_prediction;staffing;bed_management,,False,
without_follow_up_tracking,1,mixed_027_moderate_isolated_critical_strained_open,patient_risk;flow_prediction;staffing;bed_management,,False,
without_follow_up_tracking,1,mixed_028_moderate_isolated_critical_strained_open,patient_risk;flow_prediction;staffing;bed_management,,False,
without_follow_up_tracking,1,mixed_029_low_multi_risk_strained_open,patient_risk;flow_prediction;bed_management,staffing,False,
without_follow_up_tracking,1,mixed_030_moderate_multi_risk_strained_open,patient_risk;flow_prediction;staffing;bed_management,,False,
without_follow_up_tracking,1,mixed_031_critical_multi_risk_strained_open,patient_risk;flow_prediction;staffing;bed_management,,False,
without_follow_up_tracking,1,mixed_032_critical_multi_risk_strained_open,patient_risk;flow_prediction;staffing;bed_management,,False,
without_follow_up_tracking,1,mixed_033_low_stable_critical_open,patient_risk;flow_prediction;staffing;bed_management,,False,
without_follow_up_tracking,1,mixed_034_moderate_stable_critical_open,patient_risk;flow_prediction;staffing;bed_management,,False,
without_follow_up_tracking,1,mixed_035_high_stable_critical_open,patient_risk;flow_prediction;staffing;bed_management,,False,
without_follow_up_tracking,1,mixed_036_critical_stable_critical_open,patient_risk;flow_prediction;staffing;bed_management,,False,
without_follow_up_tracking,1,mixed_037_low_isolated_high_critical_open,patient_risk;flow_prediction;staffing;bed_management,,False,
without_follow_up_tracking,1,mixed_038_moderate_isolated_high_strained_open,patient_risk;flow_prediction;staffing;bed_management,,False,
without_follow_up_tracking,1,mixed_039_high_isolated_high_critical_open,patient_risk;flow_prediction;staffing;bed_management,,False,
without_follow_up_tracking,1,mixed_040_critical_isolated_high_critical_critical,patient_risk;flow_prediction;staffing;bed_management,,False,
without_follow_up_tracking,1,mixed_041_low_isolated_critical_critical_open,patient_risk;flow_prediction;staffing;bed_management,,False,
without_follow_up_tracking,1,mixed_042_low_isolated_critical_critical_open,patient_risk;flow_prediction;staffing;bed_management,,False,
without_follow_up_tracking,1,mixed_043_high_isolated_critical_critical_open,patient_risk;flow_prediction;staffing;bed_management,,False,
without_follow_up_tracking,1,mixed_044_critical_isolated_critical_critical_open,patient_risk;flow_prediction;staffing;bed_management,,False,
without_follow_up_tracking,1,mixed_045_low_multi_risk_critical_tight,patient_risk;flow_prediction;staffing;bed_management,,False,
without_follow_up_tracking,1,mixed_046_low_multi_risk_critical_open,patient_risk;flow_prediction;staffing;bed_management,,False,
without_follow_up_tracking,1,mixed_047_high_multi_risk_adequate_open,patient_risk;flow_prediction;bed_management,staffing,False,
without_follow_up_tracking,1,mixed_048_moderate_multi_risk_critical_open,patient_risk;flow_prediction;staffing;bed_management,,False,
without_follow_up_tracking,1,mixed_049_critical_stable_adequate_critical,patient_risk;flow_prediction;staffing;bed_management,,False,
without_follow_up_tracking,1,mixed_050_moderate_stable_adequate_critical,patient_risk;flow_prediction;staffing;bed_management,,False,
without_follow_up_tracking,1,mixed_051_high_stable_adequate_tight,patient_risk;flow_prediction;staffing;bed_management,,False,
without_follow_up_tracking,1,mixed_052_critical_stable_adequate_tight,patient_risk;flow_prediction;staffing;bed_management,,False,
without_follow_up_tracking,1,mixed_053_low_isolated_high_adequate_tight,patient_risk;flow_prediction;staffing;bed_management,,False,
without_follow_up_tracking,1,mixed_054_moderate_isolated_high_adequate_tight,patient_risk;flow_prediction;staffing;bed_management,,False,
without_follow_up_tracking,1,mixed_055_high_isolated_high_strained_tight,patient_risk;flow_prediction;staffing;bed_management,,False,
without_follow_up_tracking,1,mixed_056_critical_isolated_high_adequate_tight,patient_risk;flow_prediction;staffing;bed_management,,False,
without_follow_up_tracking,1,mixed_057_low_isolated_critical_adequate_tight,patient_risk;flow_prediction;staffing;bed_management,,False,
without_follow_up_tracking,1,mixed_058_moderate_isolated_critical_adequate_tight,patient_risk;flow_prediction;staffing;bed_management,,False,
without_follow_up_tracking,1,mixed_059_high_isolated_critical_adequate_open,patient_risk;flow_prediction;staffing;bed_management,,False,
without_follow_up_tracking,1,mixed_060_critical_isolated_critical_adequate_tight,patient_risk;flow_prediction;staffing;bed_management,,False,
without_follow_up_tracking,1,mixed_061_low_multi_risk_adequate_tight,patient_risk;flow_prediction;bed_management,staffing,False,
without_follow_up_tracking,1,mixed_062_moderate_multi_risk_adequate_tight,patient_risk;flow_prediction;staffing;bed_management,,False,
without_follow_up_tracking,1,mixed_063_high_multi_risk_adequate_open,patient_risk;flow_prediction;staffing;bed_management,,False,
without_follow_up_tracking,1,mixed_064_critical_multi_risk_adequate_tight,patient_risk;flow_prediction;staffing;bed_management,,False,
without_follow_up_tracking,1,mixed_065_low_stable_critical_tight,patient_risk;flow_prediction;staffing;bed_management,,False,
without_follow_up_tracking,1,mixed_066_moderate_stable_strained_tight,patient_risk;flow_prediction;staffing;bed_management,,False,
without_follow_up_tracking,1,mixed_067_high_stable_critical_tight,patient_risk;flow_prediction;staffing;bed_management,,False,
without_follow_up_tracking,1,mixed_068_critical_stable_strained_tight,patient_risk;flow_prediction;staffing;bed_management,,False,
without_follow_up_tracking,1,mixed_069_low_isolated_high_strained_tight,patient_risk;flow_prediction;staffing;bed_management,,False,
without_follow_up_tracking,1,mixed_070_moderate_isolated_high_strained_tight,patient_risk;flow_prediction;staffing;bed_management,,False,
without_follow_up_tracking,1,mixed_071_high_isolated_high_strained_tight,patient_risk;flow_prediction;staffing;bed_management,,False,
without_follow_up_tracking,1,mixed_072_critical_isolated_high_strained_tight,patient_risk;flow_prediction;staffing;bed_management,,False,
without_follow_up_tracking,1,mixed_073_critical_isolated_critical_strained_open,patient_risk;flow_prediction;staffing;bed_management,,False,
without_follow_up_tracking,1,mixed_074_moderate_isolated_critical_strained_critical,patient_risk;flow_prediction;staffing;bed_management,,False,
without_follow_up_tracking,1,mixed_075_high_isolated_critical_strained_open,patient_risk;flow_prediction;staffing;bed_management,,False,
without_follow_up_tracking,1,mixed_076_critical_isolated_critical_strained_tight,patient_risk;flow_prediction;staffing;bed_management,,False,
without_follow_up_tracking,1,mixed_077_low_multi_risk_strained_tight,patient_risk;flow_prediction;staffing;bed_management,,False,
without_follow_up_tracking,1,mixed_078_moderate_multi_risk_strained_tight,patient_risk;flow_prediction;staffing;bed_management,,False,
without_follow_up_tracking,1,mixed_079_high_multi_risk_adequate_tight,patient_risk;flow_prediction;staffing;bed_management,,False,
without_follow_up_tracking,1,mixed_080_critical_multi_risk_strained_tight,patient_risk;flow_prediction;staffing;bed_management,,False,
without_follow_up_tracking,1,mixed_081_moderate_stable_strained_critical,patient_risk;flow_prediction;staffing;bed_management,,False,
without_follow_up_tracking,1,mixed_082_moderate_stable_critical_tight,patient_risk;flow_prediction;staffing;bed_management,,False,
without_follow_up_tracking,1,mixed_083_high_stable_adequate_tight,patient_risk;flow_prediction;staffing;bed_management,,False,
without_follow_up_tracking,1,mixed_084_high_stable_critical_tight,patient_risk;flow_prediction;staffing;bed_management,,False,
without_follow_up_tracking,1,mixed_085_low_isolated_high_critical_tight,patient_risk;flow_prediction;staffing;bed_management,,False,
without_follow_up_tracking,1,mixed_086_moderate_isolated_high_critical_critical,patient_risk;flow_prediction;staffing;bed_management,,False,
without_follow_up_tracking,1,mixed_087_high_isolated_high_strained_tight,patient_risk;flow_prediction;staffing;bed_management,,False,
without_follow_up_tracking,1,mixed_088_low_isolated_high_critical_tight,patient_risk;flow_prediction;staffing;bed_management,,False,
without_follow_up_tracking,1,mixed_089_low_isolated_critical_critical_tight,patient_risk;flow_prediction;staffing;bed_management,,False,
without_follow_up_tracking,1,mixed_090_moderate_isolated_critical_adequate_tight,patient_risk;flow_prediction;bed_management;staffing,,False,
without_follow_up_tracking,1,mixed_091_high_isolated_critical_critical_tight,patient_risk;flow_prediction;staffing;bed_management,,False,
without_follow_up_tracking,1,mixed_092_critical_isolated_critical_adequate_open,patient_risk;flow_prediction;staffing;bed_management,,False,
without_follow_up_tracking,1,mixed_093_low_multi_risk_critical_tight,patient_risk;flow_prediction;staffing;bed_management,,False,
without_follow_up_tracking,1,mixed_094_moderate_multi_risk_critical_tight,patient_risk;flow_prediction;staffing;bed_management,,False,
without_follow_up_tracking,1,mixed_095_high_multi_risk_critical_tight,patient_risk;flow_prediction;staffing;bed_management,,False,
without_follow_up_tracking,1,mixed_096_critical_multi_risk_critical_open,patient_risk;flow_prediction;staffing;bed_management,,False,
without_follow_up_tracking,1,mixed_097_low_stable_adequate_critical,patient_risk;flow_prediction;staffing;bed_management,,False,
without_follow_up_tracking,1,mixed_098_moderate_stable_strained_tight,patient_risk;flow_prediction;staffing;bed_management,,False,
without_follow_up_tracking,1,mixed_099_critical_stable_adequate_critical,patient_risk;flow_prediction;staffing;bed_management,,False,
without_follow_up_tracking,1,mixed_100_critical_stable_adequate_critical,patient_risk;flow_prediction;staffing;bed_management,,False,
without_follow_up_tracking,1,mixed_101_low_isolated_high_adequate_tight,patient_risk;flow_prediction;bed_management,staffing,False,
without_follow_up_tracking,1,mixed_102_moderate_isolated_high_adequate_critical,patient_risk;flow_prediction;staffing;bed_management,,False,
without_follow_up_tracking,1,mixed_103_high_isolated_high_adequate_critical,patient_risk;flow_prediction;staffing;bed_management,,False,
without_follow_up_tracking,1,mixed_104_critical_isolated_high_adequate_critical,patient_risk;flow_prediction;staffing;bed_management,,False,
without_follow_up_tracking,1,mixed_105_low_isolated_critical_adequate_critical,patient_risk;flow_prediction;staffing;bed_management,,False,
without_follow_up_tracking,1,mixed_106_moderate_isolated_critical_adequate_critical,patient_risk;flow_prediction;staffing;bed_management,,False,
without_follow_up_tracking,1,mixed_107_moderate_isolated_critical_adequate_critical,patient_risk;flow_prediction;staffing;bed_management,,False,
without_follow_up_tracking,1,mixed_108_critical_isolated_critical_adequate_critical,patient_risk;flow_prediction;staffing;bed_management,,False,
without_follow_up_tracking,1,mixed_109_moderate_multi_risk_adequate_critical,patient_risk;flow_prediction;staffing;bed_management,,False,
without_follow_up_tracking,1,mixed_110_moderate_multi_risk_adequate_critical,patient_risk;flow_prediction;staffing;bed_management,,False,
without_follow_up_tracking,1,mixed_111_low_multi_risk_adequate_critical,patient_risk;flow_prediction;staffing;bed_management,,False,
without_follow_up_tracking,1,mixed_112_critical_multi_risk_critical_tight,patient_risk;flow_prediction;staffing;bed_management,,False,
without_follow_up_tracking,1,mixed_113_low_stable_strained_critical,patient_risk;flow_prediction;staffing;bed_management,,False,
without_follow_up_tracking,1,mixed_114_moderate_stable_strained_critical,patient_risk;flow_prediction;staffing;bed_management,,False,
without_follow_up_tracking,1,mixed_115_high_stable_strained_critical,patient_risk;flow_prediction;staffing;bed_management,,False,
without_follow_up_tracking,1,mixed_116_critical_stable_strained_critical,patient_risk;flow_prediction;staffing;bed_management,,False,
without_follow_up_tracking,1,mixed_117_high_isolated_high_strained_critical,patient_risk;flow_prediction;staffing;bed_management,,False,
without_follow_up_tracking,1,mixed_118_moderate_isolated_high_adequate_critical,patient_risk;flow_prediction;staffing;bed_management,,False,
without_follow_up_tracking,1,mixed_119_high_isolated_high_adequate_critical,patient_risk;flow_prediction;staffing;bed_management,,False,
without_follow_up_tracking,1,mixed_120_low_isolated_high_strained_critical,patient_risk;flow_prediction;staffing;bed_management,,False,
without_follow_up_tracking,1,mixed_121_low_isolated_critical_strained_critical,patient_risk;flow_prediction;staffing;bed_management,,False,
without_follow_up_tracking,1,mixed_122_moderate_isolated_critical_strained_critical,patient_risk;flow_prediction;staffing;bed_management,,False,
without_follow_up_tracking,1,mixed_123_high_isolated_critical_strained_critical,patient_risk;flow_prediction;staffing;bed_management,,False,
without_follow_up_tracking,1,mixed_124_moderate_isolated_critical_strained_tight,patient_risk;flow_prediction;staffing;bed_management,,False,
without_follow_up_tracking,1,mixed_125_low_multi_risk_strained_critical,patient_risk;flow_prediction;staffing;bed_management,,False,
without_follow_up_tracking,1,mixed_126_low_multi_risk_strained_critical,patient_risk;flow_prediction;staffing;bed_management,,False,
without_follow_up_tracking,1,mixed_127_high_multi_risk_strained_critical,patient_risk;flow_prediction;staffing;bed_management,,False,
without_follow_up_tracking,1,mixed_128_moderate_multi_risk_strained_critical,patient_risk;flow_prediction;staffing;bed_management,,False,
without_follow_up_tracking,1,mixed_129_low_stable_critical_tight,patient_risk;flow_prediction;staffing;bed_management,,False,
without_follow_up_tracking,1,mixed_130_moderate_stable_critical_critical,patient_risk;flow_prediction;staffing;bed_management,,False,
without_follow_up_tracking,1,mixed_131_moderate_stable_critical_critical,patient_risk;flow_prediction;staffing;bed_management,,False,
without_follow_up_tracking,1,mixed_132_low_stable_critical_critical,patient_risk;flow_prediction;staffing;bed_management,,False,
without_follow_up_tracking,1,mixed_133_low_isolated_high_critical_critical,patient_risk;flow_prediction;staffing;bed_management,,False,
without_follow_up_tracking,1,mixed_134_moderate_isolated_high_critical_critical,patient_risk;flow_prediction;staffing;bed_management,,False,
without_follow_up_tracking,1,mixed_135_high_isolated_high_critical_critical,patient_risk;flow_prediction;staffing;bed_management,,False,
without_follow_up_tracking,1,mixed_136_critical_isolated_high_critical_critical,patient_risk;flow_prediction;staffing;bed_management,,False,
without_follow_up_tracking,1,mixed_137_high_isolated_critical_critical_critical,patient_risk;flow_prediction;staffing;bed_management,,False,
without_follow_up_tracking,1,mixed_138_low_isolated_critical_critical_critical,patient_risk;flow_prediction;staffing;bed_management,,False,
without_follow_up_tracking,1,mixed_139_low_isolated_critical_critical_critical,patient_risk;flow_prediction;staffing;bed_management,,False,
without_follow_up_tracking,1,mixed_140_critical_isolated_critical_critical_critical,patient_risk;flow_prediction;staffing;bed_management,,False,
without_follow_up_tracking,1,mixed_141_critical_multi_risk_strained_critical,patient_risk;flow_prediction;staffing;bed_management,,False,
without_follow_up_tracking,1,mixed_142_moderate_multi_risk_adequate_critical,patient_risk;flow_prediction;staffing;bed_management,,False,
without_follow_up_tracking,1,mixed_143_high_multi_risk_adequate_open,patient_risk;flow_prediction;staffing;bed_management,,False,
without_follow_up_tracking,1,mixed_144_critical_multi_risk_critical_critical,patient_risk;flow_prediction;staffing;bed_management,,False,
without_follow_up_tracking,1,mixed_145_low_stable_adequate_open,patient_risk;flow_prediction;staffing;bed_management,,False,
without_follow_up_tracking,1,mixed_146_moderate_stable_adequate_open,patient_risk;flow_prediction;staffing;bed_management,,False,
without_follow_up_tracking,1,mixed_147_high_stable_adequate_open,patient_risk;flow_prediction;staffing;bed_management,,False,
without_follow_up_tracking,1,mixed_148_critical_stable_adequate_open,patient_risk;flow_prediction;staffing;bed_management,,False,
without_follow_up_tracking,1,mixed_149_low_isolated_high_adequate_open,patient_risk;flow_prediction;bed_management,staffing,False,
without_follow_up_tracking,1,mixed_150_moderate_isolated_high_adequate_open,patient_risk;flow_prediction;staffing;bed_management,,False,
without_follow_up_tracking,1,mixed_151_high_isolated_high_adequate_open,patient_risk;flow_prediction;bed_management;staffing,,False,
without_follow_up_tracking,1,mixed_152_critical_isolated_high_adequate_open,patient_risk;flow_prediction;staffing;bed_management,,False,
without_follow_up_tracking,1,mixed_153_low_isolated_critical_adequate_open,patient_risk;flow_prediction;staffing;bed_management,,False,
without_follow_up_tracking,1,mixed_154_moderate_isolated_critical_adequate_open,patient_risk;flow_prediction;staffing;bed_management,,False,
without_follow_up_tracking,1,mixed_155_high_isolated_critical_adequate_open,patient_risk;flow_prediction;staffing;bed_management,,False,
without_follow_up_tracking,1,mixed_156_critical_isolated_critical_adequate_open,patient_risk;flow_prediction;staffing;bed_management,,False,
without_follow_up_tracking,1,mixed_157_low_multi_risk_adequate_open,patient_risk;flow_prediction;staffing;bed_management,,False,
without_follow_up_tracking,1,mixed_158_high_multi_risk_critical_open,patient_risk;flow_prediction;staffing;bed_management,,False,
without_follow_up_tracking,1,mixed_159_high_multi_risk_adequate_open,patient_risk;flow_prediction;staffing;bed_management,,False,
without_follow_up_tracking,1,mixed_160_critical_multi_risk_adequate_open,patient_risk;flow_prediction;staffing;bed_management,,False,
without_follow_up_tracking,1,mixed_161_moderate_stable_strained_open,patient_risk;flow_prediction;staffing;bed_management,,False,
without_follow_up_tracking,1,mixed_162_moderate_stable_adequate_open,patient_risk;flow_prediction;staffing;bed_management,,False,
without_follow_up_tracking,1,mixed_163_high_stable_strained_open,patient_risk;flow_prediction;staffing;bed_management,,False,
without_follow_up_tracking,1,mixed_164_critical_stable_strained_open,patient_risk;flow_prediction;staffing;bed_management,,False,
without_follow_up_tracking,1,mixed_165_low_isolated_high_strained_open,patient_risk;flow_prediction;staffing;bed_management,,False,
without_follow_up_tracking,1,mixed_166_moderate_isolated_high_strained_open,patient_risk;flow_prediction;staffing;bed_management,,False,
without_follow_up_tracking,1,mixed_167_high_isolated_high_strained_open,patient_risk;flow_prediction;staffing;bed_management,,False,
without_follow_up_tracking,1,mixed_168_high_isolated_high_critical_open,patient_risk;flow_prediction;staffing;bed_management,,False,
without_follow_up_tracking,1,mixed_169_low_isolated_critical_strained_open,patient_risk;flow_prediction;staffing;bed_management,,False,
without_follow_up_tracking,1,mixed_170_moderate_isolated_critical_critical_open,patient_risk;flow_prediction;staffing;bed_management,,False,
without_follow_up_tracking,1,mixed_171_critical_isolated_critical_strained_open,patient_risk;flow_prediction;staffing;bed_management,,False,
without_follow_up_tracking,1,mixed_172_critical_isolated_critical_strained_open,patient_risk;flow_prediction;staffing;bed_management,,False,
without_follow_up_tracking,1,mixed_173_low_multi_risk_strained_open,patient_risk;flow_prediction;staffing;bed_management,,False,
without_follow_up_tracking,1,mixed_174_moderate_multi_risk_strained_open,patient_risk;flow_prediction;staffing;bed_management,,False,
without_follow_up_tracking,2,critical_congestion_with_sepsis,patient_risk;flow_prediction;staffing;bed_management,,False,
without_follow_up_tracking,2,stable_day_shift,patient_risk;flow_prediction;staffing;bed_management,,False,
without_follow_up_tracking,2,isolated_high_risk_patient,patient_risk;flow_prediction;staffing;bed_management,,False,
without_follow_up_tracking,2,staffing_crunch,patient_risk;flow_prediction;staffing;bed_management,,False,
without_follow_up_tracking,2,bed_block,patient_risk;flow_prediction;staffing;bed_management,,False,
without_follow_up_tracking,2,queue_overload,patient_risk;flow_prediction;staffing;bed_management,,False,
without_follow_up_tracking,2,mixed_001_low_stable_adequate_open,patient_risk;flow_prediction;staffing;bed_management,,False,
without_follow_up_tracking,2,mixed_002_moderate_stable_adequate_open,patient_risk;flow_prediction;staffing;bed_management,,False,
without_follow_up_tracking,2,mixed_003_high_stable_adequate_open,patient_risk;flow_prediction;staffing;bed_management,,False,
without_follow_up_tracking,2,mixed_004_critical_stable_adequate_open,patient_risk;flow_prediction;staffing;bed_management,,False,
without_follow_up_tracking,2,mixed_005_low_isolated_high_adequate_open,patient_risk;flow_prediction;staffing;bed_management,,False,
without_follow_up_tracking,2,mixed_006_moderate_isolated_high_critical_open,patient_risk;flow_prediction;staffing;bed_management,,False,
without_follow_up_tracking,2,mixed_007_low_isolated_high_adequate_open,patient_risk;flow_prediction;bed_management,staffing,False,
without_follow_up_tracking,2,mixed_008_critical_isolated_high_adequate_open,patient_risk;flow_prediction;staffing;bed_management,,False,
without_follow_up_tracking,2,mixed_009_low_isolated_critical_adequate_open,patient_risk;flow_prediction;bed_management,staffing,False,
without_follow_up_tracking,2,mixed_010_moderate_isolated_critical_adequate_open,patient_risk;flow_prediction;staffing;bed_management,,False,
without_follow_up_tracking,2,mixed_011_high_isolated_critical_adequate_critical,patient_risk;flow_prediction;bed_management;staffing,,False,
without_follow_up_tracking,2,mixed_012_critical_isolated_critical_adequate_open,patient_risk;flow_prediction;bed_management,staffing,False,
without_follow_up_tracking,2,mixed_013_low_multi_risk_adequate_open,patient_risk;flow_prediction;staffing;bed_management,,False,
without_follow_up_tracking,2,mixed_014_moderate_multi_risk_adequate_open,patient_risk;flow_prediction;staffing;bed_management,,False,
without_follow_up_tracking,2,mixed_015_high_multi_risk_adequate_open,patient_risk;flow_prediction;staffing;bed_management,,False,
without_follow_up_tracking,2,mixed_016_critical_multi_risk_adequate_open,patient_risk;flow_prediction;staffing;bed_management,,False,
without_follow_up_tracking,2,mixed_017_low_stable_strained_open,patient_risk;flow_prediction;staffing;bed_management,,False,
without_follow_up_tracking,2,mixed_018_moderate_stable_strained_open,patient_risk;flow_prediction;staffing;bed_management,,False,
without_follow_up_tracking,2,mixed_019_high_stable_strained_open,patient_risk;flow_prediction;staffing;bed_management,,False,
without_follow_up_tracking,2,mixed_020_critical_stable_strained_open,patient_risk;flow_prediction;staffing;bed_management,,False,
without_follow_up_tracking,2,mixed_021_low_isolated_high_strained_open,patient_risk;flow_prediction;staffing;bed_management,,False,
without_follow_up_tracking,2,mixed_022_moderate_isolated_high_strained_open,patient_risk;flow_prediction;staffing;bed_management,,False,
without_follow_up_tracking,2,mixed_023_high_isolated_high_strained_open,patient_risk;flow_prediction;staffing;bed_management,,False,
without_follow_up_tracking,2,mixed_024_critical_isolated_high_strained_open,patient_risk;flow_prediction;staffing;bed_management,,False,
without_follow_up_tracking,2,mixed_025_low_isolated_critical_strained_open,patient_risk;flow_prediction;staffing;bed_management,,False,
without_follow_up_tracking,2,mixed_026_moderate_isolated_critical_strained_open,patient_risk;flow_prediction;staffing;bed_management,,False,
without_follow_up_tracking,2,mixed_027_moderate_isolated_critical_strained_open,patient_risk;flow_prediction;staffing;bed_management,,False,
without_follow_up_tracking,2,mixed_028_moderate_isolated_critical_strained_open,patient_risk;flow_prediction;staffing;bed_management,,False,
without_follow_up_tracking,2,mixed_029_low_multi_risk_strained_open,patient_risk;flow_prediction;staffing;bed_management,,False,
without_follow_up_tracking,2,mixed_030_moderate_multi_risk_strained_open,patient_risk;flow_prediction;staffing;bed_management,,False,
without_follow_up_tracking,2,mixed_031_critical_multi_risk_strained_open,patient_risk;flow_prediction;staffing;bed_management,,False,
without_follow_up_tracking,2,mixed_032_critical_multi_risk_strained_open,patient_risk;flow_prediction;staffing;bed_management,,False,
without_follow_up_tracking,2,mixed_033_low_stable_critical_open,patient_risk;flow_prediction;staffing;bed_management,,False,
without_follow_up_tracking,2,mixed_034_moderate_stable_critical_open,patient_risk;flow_prediction;staffing;bed_management,,False,
without_follow_up_tracking,2,mixed_035_high_stable_critical_open,patient_risk;flow_prediction;staffing;bed_management,,False,
without_follow_up_tracking,2,mixed_036_critical_stable_critical_open,patient_risk;flow_prediction;staffing;bed_management,,False,
without_follow_up_tracking,2,mixed_037_low_isolated_high_critical_open,patient_risk;flow_prediction;staffing;bed_management,,False,
without_follow_up_tracking,2,mixed_038_moderate_isolated_high_strained_open,patient_risk;flow_prediction;staffing;bed_management,,False,
without_follow_up_tracking,2,mixed_039_high_isolated_high_critical_open,patient_risk;flow_prediction;staffing;bed_management,,False,
without_follow_up_tracking,2,mixed_040_critical_isolated_high_critical_critical,patient_risk;flow_prediction;staffing;bed_management,,False,
without_follow_up_tracking,2,mixed_041_low_isolated_critical_critical_open,patient_risk;flow_prediction;staffing;bed_management,,False,
without_follow_up_tracking,2,mixed_042_low_isolated_critical_critical_open,patient_risk;flow_prediction;staffing;bed_management,,False,
without_follow_up_tracking,2,mixed_043_high_isolated_critical_critical_open,patient_risk;flow_prediction;staffing;bed_management,,False,
without_follow_up_tracking,2,mixed_044_critical_isolated_critical_critical_open,patient_risk;flow_prediction;staffing;bed_management,,False,
without_follow_up_tracking,2,mixed_045_low_multi_risk_critical_tight,patient_risk;flow_prediction;staffing;bed_management,,False,
without_follow_up_tracking,2,mixed_046_low_multi_risk_critical_open,patient_risk;flow_prediction;staffing;bed_management,,False,
without_follow_up_tracking,2,mixed_047_high_multi_risk_adequate_open,patient_risk;flow_prediction;staffing;bed_management,,False,
without_follow_up_tracking,2,mixed_048_moderate_multi_risk_critical_open,patient_risk;flow_prediction;staffing;bed_management,,False,
without_follow_up_tracking,2,mixed_049_critical_stable_adequate_critical,patient_risk;flow_prediction;staffing;bed_management,,False,
without_follow_up_tracking,2,mixed_050_moderate_stable_adequate_critical,patient_risk;flow_prediction;staffing;bed_management,,False,
without_follow_up_tracking,2,mixed_051_high_stable_adequate_tight,patient_risk;flow_prediction;staffing;bed_management,,False,
without_follow_up_tracking,2,mixed_052_critical_stable_adequate_tight,patient_risk;flow_prediction;staffing;bed_management,,False,
without_follow_up_tracking,2,mixed_053_low_isolated_high_adequate_tight,patient_risk;flow_prediction;staffing;bed_management,,False,
without_follow_up_tracking,2,mixed_054_moderate_isolated_high_adequate_tight,patient_risk;flow_prediction;staffing;bed_management,,False,
without_follow_up_tracking,2,mixed_055_high_isolated_high_strained_tight,patient_risk;flow_prediction;staffing;bed_management,,False,
without_follow_up_tracking,2,mixed_056_critical_isolated_high_adequate_tight,patient_risk;flow_prediction;staffing;bed_management,,False,
without_follow_up_tracking,2,mixed_057_low_isolated_critical_adequate_tight,patient_risk;flow_prediction;staffing;bed_management,,False,
without_follow_up_tracking,2,mixed_058_moderate_isolated_critical_adequate_tight,patient_risk;flow_prediction;staffing;bed_management,,False,
without_follow_up_tracking,2,mixed_059_high_isolated_critical_adequate_open,patient_risk;flow_prediction;staffing;bed_management,,False,
without_follow_up_tracking,2,mixed_060_critical_isolated_critical_adequate_tight,patient_risk;flow_prediction;staffing;bed_management,,False,
without_follow_up_tracking,2,mixed_061_low_multi_risk_adequate_tight,patient_risk;flow_prediction;staffing;bed_management,,False,
without_follow_up_tracking,2,mixed_062_moderate_multi_risk_adequate_tight,patient_risk;flow_prediction;staffing;bed_management,,False,
without_follow_up_tracking,2,mixed_063_high_multi_risk_adequate_open,patient_risk;flow_prediction;staffing;bed_management,,False,
without_follow_up_tracking,2,mixed_064_critical_multi_risk_adequate_tight,patient_risk;flow_prediction;staffing;bed_management,,False,
without_follow_up_tracking,2,mixed_065_low_stable_critical_tight,patient_risk;flow_prediction;staffing;bed_management,,False,
without_follow_up_tracking,2,mixed_066_moderate_stable_strained_tight,patient_risk;flow_prediction;staffing;bed_management,,False,
without_follow_up_tracking,2,mixed_067_high_stable_critical_tight,patient_risk;flow_prediction;staffing;bed_management,,False,
without_follow_up_tracking,2,mixed_068_critical_stable_strained_tight,patient_risk;flow_prediction;staffing;bed_management,,False,
without_follow_up_tracking,2,mixed_069_low_isolated_high_strained_tight,patient_risk;flow_prediction;bed_management,staffing,False,
without_follow_up_tracking,2,mixed_070_moderate_isolated_high_strained_tight,patient_risk;flow_prediction;staffing;bed_management,,False,
without_follow_up_tracking,2,mixed_071_high_isolated_high_strained_tight,patient_risk;flow_prediction;staffing;bed_management,,False,
without_follow_up_tracking,2,mixed_072_critical_isolated_high_strained_tight,patient_risk;flow_prediction;staffing;bed_management,,False,
without_follow_up_tracking,2,mixed_073_critical_isolated_critical_strained_open,patient_risk;flow_prediction;staffing;bed_management,,False,
without_follow_up_tracking,2,mixed_074_moderate_isolated_critical_strained_critical,patient_risk;flow_prediction;staffing;bed_management,,False,
without_follow_up_tracking,2,mixed_075_high_isolated_critical_strained_open,patient_risk;flow_prediction;staffing;bed_management,,False,
without_follow_up_tracking,2,mixed_076_critical_isolated_critical_strained_tight,patient_risk;flow_prediction;staffing;bed_management,,False,
without_follow_up_tracking,2,mixed_077_low_multi_risk_strained_tight,patient_risk;flow_prediction;staffing;bed_management,,False,
without_follow_up_tracking,2,mixed_078_moderate_multi_risk_strained_tight,patient_risk;flow_prediction;staffing;bed_management,,False,
without_follow_up_tracking,2,mixed_079_high_multi_risk_adequate_tight,patient_risk;flow_prediction;staffing;bed_management,,False,
without_follow_up_tracking,2,mixed_080_critical_multi_risk_strained_tight,patient_risk;flow_prediction;staffing;bed_management,,False,
without_follow_up_tracking,2,mixed_081_moderate_stable_strained_critical,patient_risk;flow_prediction;staffing;bed_management,,False,
without_follow_up_tracking,2,mixed_082_moderate_stable_critical_tight,patient_risk;flow_prediction;staffing;bed_management,,False,
without_follow_up_tracking,2,mixed_083_high_stable_adequate_tight,patient_risk;flow_prediction;staffing;bed_management,,False,
without_follow_up_tracking,2,mixed_084_high_stable_critical_tight,patient_risk;flow_prediction;staffing;bed_management,,False,
without_follow_up_tracking,2,mixed_085_low_isolated_high_critical_tight,patient_risk;flow_prediction;staffing;bed_management,,False,
without_follow_up_tracking,2,mixed_086_moderate_isolated_high_critical_critical,patient_risk;flow_prediction;staffing;bed_management,,False,
without_follow_up_tracking,2,mixed_087_high_isolated_high_strained_tight,patient_risk;flow_prediction;staffing;bed_management,,False,
without_follow_up_tracking,2,mixed_088_low_isolated_high_critical_tight,patient_risk;flow_prediction;staffing;bed_management,,False,
without_follow_up_tracking,2,mixed_089_low_isolated_critical_critical_tight,patient_risk;flow_prediction;staffing;bed_management,,False,
without_follow_up_tracking,2,mixed_090_moderate_isolated_critical_adequate_tight,patient_risk;flow_prediction;staffing;bed_management,,False,
without_follow_up_tracking,2,mixed_091_high_isolated_critical_critical_tight,patient_risk;flow_prediction;staffing;bed_management,,False,
without_follow_up_tracking,2,mixed_092_critical_isolated_critical_adequate_open,patient_risk;flow_prediction;staffing;bed_management,,False,
without_follow_up_tracking,2,mixed_093_low_multi_risk_critical_tight,patient_risk;flow_prediction;staffing;bed_management,,False,
without_follow_up_tracking,2,mixed_094_moderate_multi_risk_critical_tight,patient_risk;flow_prediction;staffing;bed_management,,False,
without_follow_up_tracking,2,mixed_095_high_multi_risk_critical_tight,patient_risk;flow_prediction;staffing;bed_management,,False,
without_follow_up_tracking,2,mixed_096_critical_multi_risk_critical_open,patient_risk;flow_prediction;staffing,bed_management,False,
without_follow_up_tracking,2,mixed_097_low_stable_adequate_critical,patient_risk;flow_prediction;staffing;bed_management,,False,
without_follow_up_tracking,2,mixed_098_moderate_stable_strained_tight,patient_risk;flow_prediction;staffing;bed_management,,False,
without_follow_up_tracking,2,mixed_099_critical_stable_adequate_critical,patient_risk;flow_prediction;staffing;bed_management,,False,
without_follow_up_tracking,2,mixed_100_critical_stable_adequate_critical,patient_risk;flow_prediction;staffing;bed_management,,False,
without_follow_up_tracking,2,mixed_101_low_isolated_high_adequate_tight,patient_risk;flow_prediction;staffing;bed_management,,False,
without_follow_up_tracking,2,mixed_102_moderate_isolated_high_adequate_critical,patient_risk;flow_prediction;staffing;bed_management,,False,
without_follow_up_tracking,2,mixed_103_high_isolated_high_adequate_critical,patient_risk;flow_prediction;staffing;bed_management,,False,
without_follow_up_tracking,2,mixed_104_critical_isolated_high_adequate_critical,patient_risk;flow_prediction;staffing;bed_management,,False,
without_follow_up_tracking,2,mixed_105_low_isolated_critical_adequate_critical,patient_risk;flow_prediction;staffing;bed_management,,False,
without_follow_up_tracking,2,mixed_106_moderate_isolated_critical_adequate_critical,patient_risk;flow_prediction;staffing;bed_management,,False,
without_follow_up_tracking,2,mixed_107_moderate_isolated_critical_adequate_critical,patient_risk;flow_prediction;staffing;bed_management,,False,
without_follow_up_tracking,2,mixed_108_critical_isolated_critical_adequate_critical,patient_risk;flow_prediction;staffing;bed_management,,False,
without_follow_up_tracking,2,mixed_109_moderate_multi_risk_adequate_critical,patient_risk;flow_prediction;staffing;bed_management,,False,
without_follow_up_tracking,2,mixed_110_moderate_multi_risk_adequate_critical,patient_risk;flow_prediction;staffing;bed_management,,False,
without_follow_up_tracking,2,mixed_111_low_multi_risk_adequate_critical,patient_risk;flow_prediction;staffing;bed_management,,False,
without_follow_up_tracking,2,mixed_112_critical_multi_risk_critical_tight,patient_risk;flow_prediction;staffing;bed_management,,False,
without_follow_up_tracking,2,mixed_113_low_stable_strained_critical,patient_risk;flow_prediction;staffing;bed_management,,False,
without_follow_up_tracking,2,mixed_114_moderate_stable_strained_critical,patient_risk;flow_prediction;staffing;bed_management,,False,
without_follow_up_tracking,2,mixed_115_high_stable_strained_critical,patient_risk;flow_prediction;staffing;bed_management,,False,
without_follow_up_tracking,2,mixed_116_critical_stable_strained_critical,patient_risk;flow_prediction;staffing;bed_management,,False,
without_follow_up_tracking,2,mixed_117_high_isolated_high_strained_critical,patient_risk;flow_prediction;staffing;bed_management,,False,
without_follow_up_tracking,2,mixed_118_moderate_isolated_high_adequate_critical,patient_risk;flow_prediction;staffing;bed_management,,False,
without_follow_up_tracking,2,mixed_119_high_isolated_high_adequate_critical,patient_risk;flow_prediction;staffing;bed_management,,False,
without_follow_up_tracking,2,mixed_120_low_isolated_high_strained_critical,patient_risk;flow_prediction;staffing;bed_management,,False,
without_follow_up_tracking,2,mixed_121_low_isolated_critical_strained_critical,patient_risk;flow_prediction;staffing;bed_management,,False,
without_follow_up_tracking,2,mixed_122_moderate_isolated_critical_strained_critical,patient_risk;flow_prediction;staffing;bed_management,,False,
without_follow_up_tracking,2,mixed_123_high_isolated_critical_strained_critical,patient_risk;flow_prediction;staffing;bed_management,,False,
without_follow_up_tracking,2,mixed_124_moderate_isolated_critical_strained_tight,patient_risk;flow_prediction;bed_management;staffing,,False,
without_follow_up_tracking,2,mixed_125_low_multi_risk_strained_critical,patient_risk;flow_prediction;staffing;bed_management,,False,
without_follow_up_tracking,2,mixed_126_low_multi_risk_strained_critical,patient_risk;flow_prediction;staffing;bed_management,,False,
without_follow_up_tracking,2,mixed_127_high_multi_risk_strained_critical,patient_risk;flow_prediction;staffing;bed_management,,False,
without_follow_up_tracking,2,mixed_128_moderate_multi_risk_strained_critical,patient_risk;flow_prediction;staffing;bed_management,,False,
without_follow_up_tracking,2,mixed_129_low_stable_critical_tight,patient_risk;flow_prediction;staffing;bed_management,,False,
without_follow_up_tracking,2,mixed_130_moderate_stable_critical_critical,patient_risk;flow_prediction;staffing;bed_management,,False,
without_follow_up_tracking,2,mixed_131_moderate_stable_critical_critical,patient_risk;flow_prediction;staffing;bed_management,,False,
without_follow_up_tracking,2,mixed_132_low_stable_critical_critical,patient_risk;flow_prediction;staffing;bed_management,,False,
without_follow_up_tracking,2,mixed_133_low_isolated_high_critical_critical,patient_risk;flow_prediction;staffing;bed_management,,False,
without_follow_up_tracking,2,mixed_134_moderate_isolated_high_critical_critical,patient_risk;flow_prediction;staffing;bed_management,,False,
without_follow_up_tracking,2,mixed_135_high_isolated_high_critical_critical,patient_risk;flow_prediction;staffing;bed_management,,False,
without_follow_up_tracking,2,mixed_136_critical_isolated_high_critical_critical,patient_risk;flow_prediction;staffing;bed_management,,False,
without_follow_up_tracking,2,mixed_137_high_isolated_critical_critical_critical,patient_risk;flow_prediction;staffing;bed_management,,False,
without_follow_up_tracking,2,mixed_138_low_isolated_critical_critical_critical,patient_risk;flow_prediction;staffing;bed_management,,False,
without_follow_up_tracking,2,mixed_139_low_isolated_critical_critical_critical,patient_risk;flow_prediction;staffing;bed_management,,False,
without_follow_up_tracking,2,mixed_140_critical_isolated_critical_critical_critical,patient_risk;flow_prediction;staffing;bed_management,,False,
without_follow_up_tracking,2,mixed_141_critical_multi_risk_strained_critical,patient_risk;flow_prediction;staffing;bed_management,,False,
without_follow_up_tracking,2,mixed_142_moderate_multi_risk_adequate_critical,patient_risk;flow_prediction;staffing;bed_management,,False,
without_follow_up_tracking,2,mixed_143_high_multi_risk_adequate_open,patient_risk;flow_prediction;staffing;bed_management,,False,
without_follow_up_tracking,2,mixed_144_critical_multi_risk_critical_critical,patient_risk;flow_prediction;staffing;bed_management,,False,
without_follow_up_tracking,2,mixed_145_low_stable_adequate_open,patient_risk;flow_prediction;staffing;bed_management,,False,
without_follow_up_tracking,2,mixed_146_moderate_stable_adequate_open,patient_risk;flow_prediction;staffing;bed_management,,False,
without_follow_up_tracking,2,mixed_147_high_stable_adequate_open,patient_risk;flow_prediction;staffing;bed_management,,False,
without_follow_up_tracking,2,mixed_148_critical_stable_adequate_open,patient_risk;flow_prediction;staffing;bed_management,,False,
without_follow_up_tracking,2,mixed_149_low_isolated_high_adequate_open,patient_risk;flow_prediction;bed_management,staffing,False,
without_follow_up_tracking,2,mixed_150_moderate_isolated_high_adequate_open,patient_risk;flow_prediction;staffing;bed_management,,False,
without_follow_up_tracking,2,mixed_151_high_isolated_high_adequate_open,patient_risk;flow_prediction;staffing;bed_management,,False,
without_follow_up_tracking,2,mixed_152_critical_isolated_high_adequate_open,patient_risk;flow_prediction;staffing;bed_management,,False,
without_follow_up_tracking,2,mixed_153_low_isolated_critical_adequate_open,patient_risk;flow_prediction;staffing;bed_management,,False,
without_follow_up_tracking,2,mixed_154_moderate_isolated_critical_adequate_open,patient_risk;flow_prediction;staffing;bed_management,,False,
without_follow_up_tracking,2,mixed_155_high_isolated_critical_adequate_open,patient_risk;flow_prediction;staffing;bed_management,,False,
without_follow_up_tracking,2,mixed_156_critical_isolated_critical_adequate_open,patient_risk;flow_prediction;staffing;bed_management,,False,
without_follow_up_tracking,2,mixed_157_low_multi_risk_adequate_open,patient_risk;flow_prediction;staffing;bed_management,,False,
without_follow_up_tracking,2,mixed_158_high_multi_risk_critical_open,patient_risk;flow_prediction;staffing;bed_management,,False,
without_follow_up_tracking,2,mixed_159_high_multi_risk_adequate_open,patient_risk;flow_prediction;staffing;bed_management,,False,
without_follow_up_tracking,2,mixed_160_critical_multi_risk_adequate_open,patient_risk;flow_prediction;staffing;bed_management,,False,
without_follow_up_tracking,2,mixed_161_moderate_stable_strained_open,patient_risk;flow_prediction;bed_management,staffing,False,
without_follow_up_tracking,2,mixed_162_moderate_stable_adequate_open,patient_risk;flow_prediction;staffing;bed_management,,False,
without_follow_up_tracking,2,mixed_163_high_stable_strained_open,patient_risk;flow_prediction;staffing;bed_management,,False,
without_follow_up_tracking,2,mixed_164_critical_stable_strained_open,patient_risk;flow_prediction;staffing,bed_management,False,
without_follow_up_tracking,2,mixed_165_low_isolated_high_strained_open,patient_risk;flow_prediction;staffing;bed_management,,False,
without_follow_up_tracking,2,mixed_166_moderate_isolated_high_strained_open,patient_risk;flow_prediction;staffing;bed_management,,False,
without_follow_up_tracking,2,mixed_167_high_isolated_high_strained_open,patient_risk;flow_prediction;staffing;bed_management,,False,
without_follow_up_tracking,2,mixed_168_high_isolated_high_critical_open,patient_risk;flow_prediction;staffing;bed_management,,False,
without_follow_up_tracking,2,mixed_169_low_isolated_critical_strained_open,patient_risk;flow_prediction;staffing,bed_management,False,
without_follow_up_tracking,2,mixed_170_moderate_isolated_critical_critical_open,patient_risk;flow_prediction;staffing;bed_management,,False,
without_follow_up_tracking,2,mixed_171_critical_isolated_critical_strained_open,patient_risk;flow_prediction;staffing;bed_management,,False,
without_follow_up_tracking,2,mixed_172_critical_isolated_critical_strained_open,patient_risk;flow_prediction;staffing;bed_management,,False,
without_follow_up_tracking,2,mixed_173_low_multi_risk_strained_open,patient_risk;flow_prediction;staffing;bed_management,,False,
without_follow_up_tracking,2,mixed_174_moderate_multi_risk_strained_open,patient_risk;flow_prediction;staffing;bed_management,,False,
without_follow_up_tracking,3,critical_congestion_with_sepsis,patient_risk;flow_prediction;staffing;bed_management,,False,
without_follow_up_tracking,3,stable_day_shift,patient_risk;flow_prediction;staffing;bed_management,,False,
without_follow_up_tracking,3,isolated_high_risk_patient,patient_risk;flow_prediction;staffing;bed_management,,False,
without_follow_up_tracking,3,staffing_crunch,patient_risk;flow_prediction;staffing;bed_management,,False,
without_follow_up_tracking,3,bed_block,patient_risk;flow_prediction;staffing;bed_management,,False,
without_follow_up_tracking,3,queue_overload,patient_risk;flow_prediction;staffing;bed_management,,False,
without_follow_up_tracking,3,mixed_001_low_stable_adequate_open,patient_risk;flow_prediction;bed_management,staffing,False,
without_follow_up_tracking,3,mixed_002_moderate_stable_adequate_open,patient_risk;flow_prediction;bed_management,staffing,False,
without_follow_up_tracking,3,mixed_003_high_stable_adequate_open,patient_risk;flow_prediction;staffing;bed_management,,False,
without_follow_up_tracking,3,mixed_004_critical_stable_adequate_open,patient_risk;flow_prediction;bed_management,staffing,False,
without_follow_up_tracking,3,mixed_005_low_isolated_high_adequate_open,patient_risk;flow_prediction;staffing;bed_management,,False,
without_follow_up_tracking,3,mixed_006_moderate_isolated_high_critical_open,patient_risk;flow_prediction;staffing;bed_management,,False,
without_follow_up_tracking,3,mixed_007_low_isolated_high_adequate_open,patient_risk;flow_prediction;staffing;bed_management,,False,
without_follow_up_tracking,3,mixed_008_critical_isolated_high_adequate_open,patient_risk;flow_prediction;staffing;bed_management,,False,
without_follow_up_tracking,3,mixed_009_low_isolated_critical_adequate_open,patient_risk;flow_prediction;staffing;bed_management,,False,
without_follow_up_tracking,3,mixed_010_moderate_isolated_critical_adequate_open,patient_risk;flow_prediction;staffing;bed_management,,False,
without_follow_up_tracking,3,mixed_011_high_isolated_critical_adequate_critical,patient_risk;flow_prediction;staffing;bed_management,,False,
without_follow_up_tracking,3,mixed_012_critical_isolated_critical_adequate_open,patient_risk;flow_prediction;staffing;bed_management,,False,
without_follow_up_tracking,3,mixed_013_low_multi_risk_adequate_open,patient_risk;flow_prediction;staffing;bed_management,,False,
without_follow_up_tracking,3,mixed_014_moderate_multi_risk_adequate_open,patient_risk;flow_prediction;bed_management;staffing,,False,
without_follow_up_tracking,3,mixed_015_high_multi_risk_adequate_open,patient_risk;flow_prediction;staffing;bed_management,,False,
without_follow_up_tracking,3,mixed_016_critical_multi_risk_adequate_open,patient_risk;flow_prediction;staffing;bed_management,,False,
without_follow_up_tracking,3,mixed_017_low_stable_strained_open,patient_risk;flow_prediction;staffing;bed_management,,False,
without_follow_up_tracking,3,mixed_018_moderate_stable_strained_open,patient_risk;flow_prediction;staffing;bed_management,,False,
without_follow_up_tracking,3,mixed_019_high_stable_strained_open,patient_risk;flow_prediction;bed_management,staffing,False,
without_follow_up_tracking,3,mixed_020_critical_stable_strained_open,patient_risk;flow_prediction;staffing;bed_management,,False,
without_follow_up_tracking,3,mixed_021_low_isolated_high_strained_open,patient_risk;flow_prediction;staffing;bed_management,,False,
without_follow_up_tracking,3,mixed_022_moderate_isolated_high_strained_open,patient_risk;flow_prediction;staffing;bed_management,,False,
without_follow_up_tracking,3,mixed_023_high_isolated_high_strained_open,patient_risk;flow_prediction;staffing;bed_management,,False,
without_follow_up_tracking,3,mixed_024_critical_isolated_high_strained_open,patient_risk;flow_prediction;staffing;bed_management,,False,
without_follow_up_tracking,3,mixed_025_low_isolated_critical_strained_open,patient_risk;flow_prediction;staffing;bed_management,,False,
without_follow_up_tracking,3,mixed_026_moderate_isolated_critical_strained_open,patient_risk;flow_prediction;staffing;bed_management,,False,
without_follow_up_tracking,3,mixed_027_moderate_isolated_critical_strained_open,patient_risk;flow_prediction;bed_management,staffing,False,
without_follow_up_tracking,3,mixed_028_moderate_isolated_critical_strained_open,patient_risk;flow_prediction;staffing;bed_management,,False,
without_follow_up_tracking,3,mixed_029_low_multi_risk_strained_open,patient_risk;flow_prediction;staffing;bed_management,,False,
without_follow_up_tracking,3,mixed_030_moderate_multi_risk_strained_open,patient_risk;flow_prediction;staffing;bed_management,,False,
without_follow_up_tracking,3,mixed_031_critical_multi_risk_strained_open,patient_risk;flow_prediction;staffing;bed_management,,False,
without_follow_up_tracking,3,mixed_032_critical_multi_risk_strained_open,patient_risk;flow_prediction;staffing;bed_management,,False,
without_follow_up_tracking,3,mixed_033_low_stable_critical_open,patient_risk;flow_prediction;staffing;bed_management,,False,
without_follow_up_tracking,3,mixed_034_moderate_stable_critical_open,patient_risk;flow_prediction;staffing;bed_management,,False,
without_follow_up_tracking,3,mixed_035_high_stable_critical_open,patient_risk;flow_prediction;staffing;bed_management,,False,
without_follow_up_tracking,3,mixed_036_critical_stable_critical_open,patient_risk;flow_prediction;staffing;bed_management,,False,
without_follow_up_tracking,3,mixed_037_low_isolated_high_critical_open,patient_risk;flow_prediction;staffing;bed_management,,False,
without_follow_up_tracking,3,mixed_038_moderate_isolated_high_strained_open,patient_risk;flow_prediction;staffing;bed_management,,False,
without_follow_up_tracking,3,mixed_039_high_isolated_high_critical_open,patient_risk;flow_prediction;staffing;bed_management,,False,
without_follow_up_tracking,3,mixed_040_critical_isolated_high_critical_critical,patient_risk;flow_prediction;staffing;bed_management,,False,
without_follow_up_tracking,3,mixed_041_low_isolated_critical_critical_open,patient_risk;flow_prediction;staffing;bed_management,,False,
without_follow_up_tracking,3,mixed_042_low_isolated_critical_critical_open,patient_risk;flow_prediction;staffing;bed_management,,False,
without_follow_up_tracking,3,mixed_043_high_isolated_critical_critical_open,patient_risk;flow_prediction;staffing;bed_management,,False,
without_follow_up_tracking,3,mixed_044_critical_isolated_critical_critical_open,patient_risk;flow_prediction;staffing;bed_management,,False,
without_follow_up_tracking,3,mixed_045_low_multi_risk_critical_tight,patient_risk;flow_prediction;staffing;bed_management,,False,
without_follow_up_tracking,3,mixed_046_low_multi_risk_critical_open,patient_risk;flow_prediction;staffing;bed_management,,False,
without_follow_up_tracking,3,mixed_047_high_multi_risk_adequate_open,patient_risk;flow_prediction;staffing;bed_management,,False,
without_follow_up_tracking,3,mixed_048_moderate_multi_risk_critical_open,patient_risk;flow_prediction;staffing;bed_management,,False,
without_follow_up_tracking,3,mixed_049_critical_stable_adequate_critical,patient_risk;flow_prediction;staffing;bed_management,,False,
without_follow_up_tracking,3,mixed_050_moderate_stable_adequate_critical,patient_risk;flow_prediction;staffing;bed_management,,False,
without_follow_up_tracking,3,mixed_051_high_stable_adequate_tight,patient_risk;flow_prediction;staffing;bed_management,,False,
without_follow_up_tracking,3,mixed_052_critical_stable_adequate_tight,patient_risk;flow_prediction;staffing;bed_management,,False,
without_follow_up_tracking,3,mixed_053_low_isolated_high_adequate_tight,patient_risk;flow_prediction;staffing;bed_management,,False,
without_follow_up_tracking,3,mixed_054_moderate_isolated_high_adequate_tight,patient_risk;flow_prediction;staffing;bed_management,,False,
without_follow_up_tracking,3,mixed_055_high_isolated_high_strained_tight,patient_risk;flow_prediction;staffing;bed_management,,False,
without_follow_up_tracking,3,mixed_056_critical_isolated_high_adequate_tight,patient_risk;flow_prediction;bed_management,staffing,False,
without_follow_up_tracking,3,mixed_057_low_isolated_critical_adequate_tight,patient_risk;flow_prediction;staffing;bed_management,,False,
without_follow_up_tracking,3,mixed_058_moderate_isolated_critical_adequate_tight,patient_risk;flow_prediction;staffing;bed_management,,False,
without_follow_up_tracking,3,mixed_059_high_isolated_critical_adequate_open,patient_risk;flow_prediction;staffing,bed_management,False,
without_follow_up_tracking,3,mixed_060_critical_isolated_critical_adequate_tight,patient_risk;flow_prediction;staffing;bed_management,,False,
without_follow_up_tracking,3,mixed_061_low_multi_risk_adequate_tight,patient_risk;flow_prediction;staffing;bed_management,,False,
without_follow_up_tracking,3,mixed_062_moderate_multi_risk_adequate_tight,patient_risk;flow_prediction;staffing;bed_management,,False,
without_follow_up_tracking,3,mixed_063_high_multi_risk_adequate_open,patient_risk;flow_prediction;bed_management;staffing,,False,
without_follow_up_tracking,3,mixed_064_critical_multi_risk_adequate_tight,patient_risk;flow_prediction;staffing;bed_management,,False,
without_follow_up_tracking,3,mixed_065_low_stable_critical_tight,patient_risk;flow_prediction;staffing;bed_management,,False,
without_follow_up_tracking,3,mixed_066_moderate_stable_strained_tight,patient_risk;flow_prediction;staffing;bed_management,,False,
without_follow_up_tracking,3,mixed_067_high_stable_critical_tight,patient_risk;flow_prediction;staffing;bed_management,,False,
without_follow_up_tracking,3,mixed_068_critical_stable_strained_tight,patient_risk;flow_prediction;staffing;bed_management,,False,
without_follow_up_tracking,3,mixed_069_low_isolated_high_strained_tight,patient_risk;flow_prediction;staffing;bed_management,,False,
without_follow_up_tracking,3,mixed_070_moderate_isolated_high_strained_tight,patient_risk;flow_prediction;staffing;bed_management,,False,
without_follow_up_tracking,3,mixed_071_high_isolated_high_strained_tight,patient_risk;flow_prediction;staffing;bed_management,,False,
without_follow_up_tracking,3,mixed_072_critical_isolated_high_strained_tight,patient_risk;flow_prediction;staffing;bed_management,,False,
without_follow_up_tracking,3,mixed_073_critical_isolated_critical_strained_open,patient_risk;flow_prediction;staffing;bed_management,,False,
without_follow_up_tracking,3,mixed_074_moderate_isolated_critical_strained_critical,patient_risk;flow_prediction;staffing;bed_management,,False,
without_follow_up_tracking,3,mixed_075_high_isolated_critical_strained_open,patient_risk;flow_prediction;staffing;bed_management,,False,
without_follow_up_tracking,3,mixed_076_critical_isolated_critical_strained_tight,patient_risk;flow_prediction;staffing;bed_management,,False,
without_follow_up_tracking,3,mixed_077_low_multi_risk_strained_tight,patient_risk;flow_prediction;staffing;bed_management,,False,
without_follow_up_tracking,3,mixed_078_moderate_multi_risk_strained_tight,patient_risk;flow_prediction;staffing;bed_management,,False,
without_follow_up_tracking,3,mixed_079_high_multi_risk_adequate_tight,patient_risk;flow_prediction;staffing;bed_management,,False,
without_follow_up_tracking,3,mixed_080_critical_multi_risk_strained_tight,patient_risk;flow_prediction;staffing;bed_management,,False,
without_follow_up_tracking,3,mixed_081_moderate_stable_strained_critical,patient_risk;flow_prediction;staffing;bed_management,,False,
without_follow_up_tracking,3,mixed_082_moderate_stable_critical_tight,patient_risk;flow_prediction;staffing;bed_management,,False,
without_follow_up_tracking,3,mixed_083_high_stable_adequate_tight,patient_risk;flow_prediction;staffing;bed_management,,False,
without_follow_up_tracking,3,mixed_084_high_stable_critical_tight,patient_risk;flow_prediction;staffing;bed_management,,False,
without_follow_up_tracking,3,mixed_085_low_isolated_high_critical_tight,patient_risk;flow_prediction;staffing;bed_management,,False,
without_follow_up_tracking,3,mixed_086_moderate_isolated_high_critical_critical,patient_risk;flow_prediction;staffing;bed_management,,False,
without_follow_up_tracking,3,mixed_087_high_isolated_high_strained_tight,patient_risk;flow_prediction;staffing;bed_management,,False,
without_follow_up_tracking,3,mixed_088_low_isolated_high_critical_tight,patient_risk;flow_prediction;staffing;bed_management,,False,
without_follow_up_tracking,3,mixed_089_low_isolated_critical_critical_tight,patient_risk;flow_prediction;staffing;bed_management,,False,
without_follow_up_tracking,3,mixed_090_moderate_isolated_critical_adequate_tight,patient_risk;flow_prediction;staffing;bed_management,,False,
without_follow_up_tracking,3,mixed_091_high_isolated_critical_critical_tight,patient_risk;flow_prediction;staffing;bed_management,,False,
without_follow_up_tracking,3,mixed_092_critical_isolated_critical_adequate_open,patient_risk;flow_prediction;staffing;bed_management,,False,
without_follow_up_tracking,3,mixed_093_low_multi_risk_critical_tight,patient_risk;flow_prediction;staffing;bed_management,,False,
without_follow_up_tracking,3,mixed_094_moderate_multi_risk_critical_tight,patient_risk;flow_prediction;staffing;bed_management,,False,
without_follow_up_tracking,3,mixed_095_high_multi_risk_critical_tight,patient_risk;flow_prediction;staffing;bed_management,,False,
without_follow_up_tracking,3,mixed_096_critical_multi_risk_critical_open,patient_risk;flow_prediction;staffing;bed_management,,False,
without_follow_up_tracking,3,mixed_097_low_stable_adequate_critical,patient_risk;flow_prediction;staffing;bed_management,,False,
without_follow_up_tracking,3,mixed_098_moderate_stable_strained_tight,patient_risk;flow_prediction;staffing;bed_management,,False,
without_follow_up_tracking,3,mixed_099_critical_stable_adequate_critical,patient_risk;flow_prediction;staffing;bed_management,,False,
without_follow_up_tracking,3,mixed_100_critical_stable_adequate_critical,patient_risk;flow_prediction;staffing;bed_management,,False,
without_follow_up_tracking,3,mixed_101_low_isolated_high_adequate_tight,patient_risk;flow_prediction;staffing;bed_management,,False,
without_follow_up_tracking,3,mixed_102_moderate_isolated_high_adequate_critical,patient_risk;flow_prediction;staffing;bed_management,,False,
without_follow_up_tracking,3,mixed_103_high_isolated_high_adequate_critical,patient_risk;flow_prediction;bed_management;staffing,,False,
without_follow_up_tracking,3,mixed_104_critical_isolated_high_adequate_critical,patient_risk;flow_prediction;bed_management,staffing,False,
without_follow_up_tracking,3,mixed_105_low_isolated_critical_adequate_critical,patient_risk;flow_prediction;staffing;bed_management,,False,
without_follow_up_tracking,3,mixed_106_moderate_isolated_critical_adequate_critical,patient_risk;flow_prediction;staffing;bed_management,,False,
without_follow_up_tracking,3,mixed_107_moderate_isolated_critical_adequate_critical,patient_risk;flow_prediction;staffing;bed_management,,False,
without_follow_up_tracking,3,mixed_108_critical_isolated_critical_adequate_critical,patient_risk;flow_prediction;staffing;bed_management,,False,
without_follow_up_tracking,3,mixed_109_moderate_multi_risk_adequate_critical,patient_risk;flow_prediction;staffing;bed_management,,False,
without_follow_up_tracking,3,mixed_110_moderate_multi_risk_adequate_critical,patient_risk;flow_prediction;staffing;bed_management,,False,
without_follow_up_tracking,3,mixed_111_low_multi_risk_adequate_critical,patient_risk;flow_prediction;staffing;bed_management,,False,
without_follow_up_tracking,3,mixed_112_critical_multi_risk_critical_tight,patient_risk;flow_prediction;staffing;bed_management,,False,
without_follow_up_tracking,3,mixed_113_low_stable_strained_critical,patient_risk;flow_prediction;staffing;bed_management,,False,
without_follow_up_tracking,3,mixed_114_moderate_stable_strained_critical,patient_risk;flow_prediction;staffing;bed_management,,False,
without_follow_up_tracking,3,mixed_115_high_stable_strained_critical,patient_risk;flow_prediction;staffing;bed_management,,False,
without_follow_up_tracking,3,mixed_116_critical_stable_strained_critical,patient_risk;flow_prediction;staffing;bed_management,,False,
without_follow_up_tracking,3,mixed_117_high_isolated_high_strained_critical,patient_risk;flow_prediction;staffing;bed_management,,False,
without_follow_up_tracking,3,mixed_118_moderate_isolated_high_adequate_critical,patient_risk;flow_prediction;staffing;bed_management,,False,
without_follow_up_tracking,3,mixed_119_high_isolated_high_adequate_critical,patient_risk;flow_prediction;staffing;bed_management,,False,
without_follow_up_tracking,3,mixed_120_low_isolated_high_strained_critical,patient_risk;flow_prediction;staffing;bed_management,,False,
without_follow_up_tracking,3,mixed_121_low_isolated_critical_strained_critical,patient_risk;flow_prediction;staffing;bed_management,,False,
without_follow_up_tracking,3,mixed_122_moderate_isolated_critical_strained_critical,patient_risk;flow_prediction;staffing;bed_management,,False,
without_follow_up_tracking,3,mixed_123_high_isolated_critical_strained_critical,patient_risk;flow_prediction;staffing;bed_management,,False,
without_follow_up_tracking,3,mixed_124_moderate_isolated_critical_strained_tight,patient_risk;flow_prediction;bed_management,staffing,False,
without_follow_up_tracking,3,mixed_125_low_multi_risk_strained_critical,patient_risk;flow_prediction;staffing;bed_management,,False,
without_follow_up_tracking,3,mixed_126_low_multi_risk_strained_critical,patient_risk;flow_prediction;staffing;bed_management,,False,
without_follow_up_tracking,3,mixed_127_high_multi_risk_strained_critical,patient_risk;flow_prediction;staffing;bed_management,,False,
without_follow_up_tracking,3,mixed_128_moderate_multi_risk_strained_critical,patient_risk;flow_prediction;staffing;bed_management,,False,
without_follow_up_tracking,3,mixed_129_low_stable_critical_tight,patient_risk;flow_prediction;staffing;bed_management,,False,
without_follow_up_tracking,3,mixed_130_moderate_stable_critical_critical,patient_risk;flow_prediction;staffing;bed_management,,False,
without_follow_up_tracking,3,mixed_131_moderate_stable_critical_critical,patient_risk;flow_prediction;staffing;bed_management,,False,
without_follow_up_tracking,3,mixed_132_low_stable_critical_critical,patient_risk;flow_prediction;staffing;bed_management,,False,
without_follow_up_tracking,3,mixed_133_low_isolated_high_critical_critical,patient_risk;flow_prediction;staffing;bed_management,,False,
without_follow_up_tracking,3,mixed_134_moderate_isolated_high_critical_critical,patient_risk;flow_prediction;staffing;bed_management,,False,
without_follow_up_tracking,3,mixed_135_high_isolated_high_critical_critical,patient_risk;flow_prediction;staffing;bed_management,,False,
without_follow_up_tracking,3,mixed_136_critical_isolated_high_critical_critical,patient_risk;flow_prediction;staffing;bed_management,,False,
without_follow_up_tracking,3,mixed_137_high_isolated_critical_critical_critical,patient_risk;flow_prediction;staffing;bed_management,,False,
without_follow_up_tracking,3,mixed_138_low_isolated_critical_critical_critical,patient_risk;flow_prediction;staffing;bed_management,,False,
without_follow_up_tracking,3,mixed_139_low_isolated_critical_critical_critical,patient_risk;flow_prediction;staffing;bed_management,,False,
without_follow_up_tracking,3,mixed_140_critical_isolated_critical_critical_critical,patient_risk;flow_prediction;staffing;bed_management,,False,
without_follow_up_tracking,3,mixed_141_critical_multi_risk_strained_critical,patient_risk;flow_prediction;staffing;bed_management,,False,
without_follow_up_tracking,3,mixed_142_moderate_multi_risk_adequate_critical,patient_risk;flow_prediction;staffing;bed_management,,False,
without_follow_up_tracking,3,mixed_143_high_multi_risk_adequate_open,patient_risk;flow_prediction;staffing;bed_management,,False,
without_follow_up_tracking,3,mixed_144_critical_multi_risk_critical_critical,patient_risk;flow_prediction;staffing;bed_management,,False,
without_follow_up_tracking,3,mixed_145_low_stable_adequate_open,patient_risk;flow_prediction;staffing;bed_management,,False,
without_follow_up_tracking,3,mixed_146_moderate_stable_adequate_open,patient_risk;flow_prediction;staffing;bed_management,,False,
without_follow_up_tracking,3,mixed_147_high_stable_adequate_open,patient_risk;flow_prediction;staffing;bed_management,,False,
without_follow_up_tracking,3,mixed_148_critical_stable_adequate_open,patient_risk;flow_prediction;staffing;bed_management,,False,
without_follow_up_tracking,3,mixed_149_low_isolated_high_adequate_open,patient_risk;flow_prediction;staffing;bed_management,,False,
without_follow_up_tracking,3,mixed_150_moderate_isolated_high_adequate_open,patient_risk;flow_prediction;staffing;bed_management,,False,
without_follow_up_tracking,3,mixed_151_high_isolated_high_adequate_open,patient_risk;flow_prediction;staffing;bed_management,,False,
without_follow_up_tracking,3,mixed_152_critical_isolated_high_adequate_open,patient_risk;flow_prediction;staffing;bed_management,,False,
without_follow_up_tracking,3,mixed_153_low_isolated_critical_adequate_open,patient_risk;flow_prediction;staffing;bed_management,,False,
without_follow_up_tracking,3,mixed_154_moderate_isolated_critical_adequate_open,patient_risk;flow_prediction;staffing;bed_management,,False,
without_follow_up_tracking,3,mixed_155_high_isolated_critical_adequate_open,patient_risk;flow_prediction;staffing;bed_management,,False,
without_follow_up_tracking,3,mixed_156_critical_isolated_critical_adequate_open,patient_risk;flow_prediction;staffing;bed_management,,False,
without_follow_up_tracking,3,mixed_157_low_multi_risk_adequate_open,patient_risk;flow_prediction;staffing;bed_management,,False,
without_follow_up_tracking,3,mixed_158_high_multi_risk_critical_open,patient_risk;flow_prediction;staffing;bed_management,,False,
without_follow_up_tracking,3,mixed_159_high_multi_risk_adequate_open,patient_risk;flow_prediction;staffing;bed_management,,False,
without_follow_up_tracking,3,mixed_160_critical_multi_risk_adequate_open,patient_risk;flow_prediction;staffing;bed_management,,False,
without_follow_up_tracking,3,mixed_161_moderate_stable_strained_open,patient_risk;flow_prediction;staffing;bed_management,,False,
without_follow_up_tracking,3,mixed_162_moderate_stable_adequate_open,patient_risk;flow_prediction;staffing;bed_management,,False,
without_follow_up_tracking,3,mixed_163_high_stable_strained_open,patient_risk;flow_prediction;staffing;bed_management,,False,
without_follow_up_tracking,3,mixed_164_critical_stable_strained_open,patient_risk;flow_prediction;staffing;bed_management,,False,
without_follow_up_tracking,3,mixed_165_low_isolated_high_strained_open,patient_risk;flow_prediction;staffing;bed_management,,False,
without_follow_up_tracking,3,mixed_166_moderate_isolated_high_strained_open,patient_risk;flow_prediction;staffing;bed_management,,False,
without_follow_up_tracking,3,mixed_167_high_isolated_high_strained_open,patient_risk;flow_prediction;staffing;bed_management,,False,
without_follow_up_tracking,3,mixed_168_high_isolated_high_critical_open,patient_risk;flow_prediction;staffing;bed_management,,False,
without_follow_up_tracking,3,mixed_169_low_isolated_critical_strained_open,patient_risk;flow_prediction;staffing;bed_management,,False,
without_follow_up_tracking,3,mixed_170_moderate_isolated_critical_critical_open,patient_risk;flow_prediction;staffing;bed_management,,False,
without_follow_up_tracking,3,mixed_171_critical_isolated_critical_strained_open,patient_risk;flow_prediction;staffing;bed_management,,False,
without_follow_up_tracking,3,mixed_172_critical_isolated_critical_strained_open,patient_risk;flow_prediction;staffing;bed_management,,False,
without_follow_up_tracking,3,mixed_173_low_multi_risk_strained_open,patient_risk;flow_prediction;staffing;bed_management,,False,
without_follow_up_tracking,3,mixed_174_moderate_multi_risk_strained_open,patient_risk;flow_prediction;staffing;bed_management,,False,
without_follow_up_tracking,4,critical_congestion_with_sepsis,patient_risk;flow_prediction;staffing;bed_management,,False,
without_follow_up_tracking,4,stable_day_shift,patient_risk;flow_prediction;staffing;bed_management,,False,
without_follow_up_tracking,4,isolated_high_risk_patient,patient_risk;flow_prediction;staffing;bed_management,,False,
without_follow_up_tracking,4,staffing_crunch,patient_risk;flow_prediction;staffing;bed_management,,False,
without_follow_up_tracking,4,bed_block,patient_risk;flow_prediction;staffing;bed_management,,False,
without_follow_up_tracking,4,queue_overload,patient_risk;flow_prediction;staffing;bed_management,,False,
without_follow_up_tracking,4,mixed_001_low_stable_adequate_open,patient_risk;flow_prediction;staffing;bed_management,,False,
without_follow_up_tracking,4,mixed_002_moderate_stable_adequate_open,patient_risk;flow_prediction;staffing;bed_management,,False,
without_follow_up_tracking,4,mixed_003_high_stable_adequate_open,patient_risk;flow_prediction;staffing;bed_management,,False,
without_follow_up_tracking,4,mixed_004_critical_stable_adequate_open,patient_risk;flow_prediction;staffing;bed_management,,False,
without_follow_up_tracking,4,mixed_005_low_isolated_high_adequate_open,patient_risk;flow_prediction;staffing;bed_management,,False,
without_follow_up_tracking,4,mixed_006_moderate_isolated_high_critical_open,patient_risk;flow_prediction;staffing;bed_management,,False,
without_follow_up_tracking,4,mixed_007_low_isolated_high_adequate_open,patient_risk;flow_prediction;staffing;bed_management,,False,
without_follow_up_tracking,4,mixed_008_critical_isolated_high_adequate_open,patient_risk;flow_prediction;staffing;bed_management,,False,
without_follow_up_tracking,4,mixed_009_low_isolated_critical_adequate_open,patient_risk;flow_prediction;staffing;bed_management,,False,
without_follow_up_tracking,4,mixed_010_moderate_isolated_critical_adequate_open,patient_risk;flow_prediction;staffing;bed_management,,False,
without_follow_up_tracking,4,mixed_011_high_isolated_critical_adequate_critical,patient_risk;flow_prediction;staffing;bed_management,,False,
without_follow_up_tracking,4,mixed_012_critical_isolated_critical_adequate_open,patient_risk;flow_prediction;staffing;bed_management,,False,
without_follow_up_tracking,4,mixed_013_low_multi_risk_adequate_open,patient_risk;flow_prediction;staffing;bed_management,,False,
without_follow_up_tracking,4,mixed_014_moderate_multi_risk_adequate_open,patient_risk;flow_prediction;staffing;bed_management,,False,
without_follow_up_tracking,4,mixed_015_high_multi_risk_adequate_open,patient_risk;flow_prediction;staffing;bed_management,,False,
without_follow_up_tracking,4,mixed_016_critical_multi_risk_adequate_open,patient_risk;flow_prediction;staffing;bed_management,,False,
without_follow_up_tracking,4,mixed_017_low_stable_strained_open,patient_risk;flow_prediction;staffing;bed_management,,False,
without_follow_up_tracking,4,mixed_018_moderate_stable_strained_open,patient_risk;flow_prediction;staffing;bed_management,,False,
without_follow_up_tracking,4,mixed_019_high_stable_strained_open,patient_risk;flow_prediction;staffing;bed_management,,False,
without_follow_up_tracking,4,mixed_020_critical_stable_strained_open,patient_risk;flow_prediction;staffing;bed_management,,False,
without_follow_up_tracking,4,mixed_021_low_isolated_high_strained_open,patient_risk;flow_prediction;staffing;bed_management,,False,
without_follow_up_tracking,4,mixed_022_moderate_isolated_high_strained_open,patient_risk;flow_prediction;staffing;bed_management,,False,
without_follow_up_tracking,4,mixed_023_high_isolated_high_strained_open,patient_risk;flow_prediction;bed_management,staffing,False,
without_follow_up_tracking,4,mixed_024_critical_isolated_high_strained_open,patient_risk;flow_prediction;staffing;bed_management,,False,
without_follow_up_tracking,4,mixed_025_low_isolated_critical_strained_open,patient_risk;flow_prediction;bed_management,staffing,False,
without_follow_up_tracking,4,mixed_026_moderate_isolated_critical_strained_open,patient_risk;flow_prediction;staffing;bed_management,,False,
without_follow_up_tracking,4,mixed_027_moderate_isolated_critical_strained_open,patient_risk;flow_prediction;staffing;bed_management,,False,
without_follow_up_tracking,4,mixed_028_moderate_isolated_critical_strained_open,patient_risk;flow_prediction;staffing;bed_management,,False,
without_follow_up_tracking,4,mixed_029_low_multi_risk_strained_open,patient_risk;flow_prediction;bed_management,staffing,False,
without_follow_up_tracking,4,mixed_030_moderate_multi_risk_strained_open,patient_risk;flow_prediction;staffing;bed_management,,False,
without_follow_up_tracking,4,mixed_031_critical_multi_risk_strained_open,patient_risk;flow_prediction;staffing;bed_management,,False,
without_follow_up_tracking,4,mixed_032_critical_multi_risk_strained_open,patient_risk;flow_prediction;staffing;bed_management,,False,
without_follow_up_tracking,4,mixed_033_low_stable_critical_open,patient_risk;flow_prediction;staffing;bed_management,,False,
without_follow_up_tracking,4,mixed_034_moderate_stable_critical_open,patient_risk;flow_prediction;staffing;bed_management,,False,
without_follow_up_tracking,4,mixed_035_high_stable_critical_open,patient_risk;flow_prediction;staffing;bed_management,,False,
without_follow_up_tracking,4,mixed_036_critical_stable_critical_open,patient_risk;flow_prediction;staffing;bed_management,,False,
without_follow_up_tracking,4,mixed_037_low_isolated_high_critical_open,patient_risk;flow_prediction;staffing;bed_management,,False,
without_follow_up_tracking,4,mixed_038_moderate_isolated_high_strained_open,patient_risk;flow_prediction;staffing;bed_management,,False,
without_follow_up_tracking,4,mixed_039_high_isolated_high_critical_open,patient_risk;flow_prediction;staffing;bed_management,,False,
without_follow_up_tracking,4,mixed_040_critical_isolated_high_critical_critical,patient_risk;flow_prediction;staffing;bed_management,,False,
without_follow_up_tracking,4,mixed_041_low_isolated_critical_critical_open,patient_risk;flow_prediction;staffing;bed_management,,False,
without_follow_up_tracking,4,mixed_042_low_isolated_critical_critical_open,patient_risk;flow_prediction;staffing;bed_management,,False,
without_follow_up_tracking,4,mixed_043_high_isolated_critical_critical_open,patient_risk;flow_prediction;bed_management;staffing,,False,
without_follow_up_tracking,4,mixed_044_critical_isolated_critical_critical_open,patient_risk;flow_prediction;staffing;bed_management,,False,
without_follow_up_tracking,4,mixed_045_low_multi_risk_critical_tight,patient_risk;flow_prediction;staffing;bed_management,,False,
without_follow_up_tracking,4,mixed_046_low_multi_risk_critical_open,patient_risk;flow_prediction;staffing;bed_management,,False,
without_follow_up_tracking,4,mixed_047_high_multi_risk_adequate_open,patient_risk;flow_prediction;bed_management,staffing,False,
without_follow_up_tracking,4,mixed_048_moderate_multi_risk_critical_open,patient_risk;flow_prediction;staffing;bed_management,,False,
without_follow_up_tracking,4,mixed_049_critical_stable_adequate_critical,patient_risk;flow_prediction;staffing;bed_management,,False,
without_follow_up_tracking,4,mixed_050_moderate_stable_adequate_critical,patient_risk;flow_prediction;staffing;bed_management,,False,
without_follow_up_tracking,4,mixed_051_high_stable_adequate_tight,patient_risk;flow_prediction;staffing;bed_management,,False,
without_follow_up_tracking,4,mixed_052_critical_stable_adequate_tight,patient_risk;flow_prediction;staffing;bed_management,,False,
without_follow_up_tracking,4,mixed_053_low_isolated_high_adequate_tight,patient_risk;flow_prediction;staffing;bed_management,,False,
without_follow_up_tracking,4,mixed_054_moderate_isolated_high_adequate_tight,patient_risk;flow_prediction;staffing;bed_management,,False,
without_follow_up_tracking,4,mixed_055_high_isolated_high_strained_tight,patient_risk;flow_prediction;staffing;bed_management,,False,
without_follow_up_tracking,4,mixed_056_critical_isolated_high_adequate_tight,patient_risk;flow_prediction;staffing;bed_management,,False,
without_follow_up_tracking,4,mixed_057_low_isolated_critical_adequate_tight,patient_risk;flow_prediction;staffing;bed_management,,False,
without_follow_up_tracking,4,mixed_058_moderate_isolated_critical_adequate_tight,patient_risk;flow_prediction;staffing;bed_management,,False,
without_follow_up_tracking,4,mixed_059_high_isolated_critical_adequate_open,patient_risk;flow_prediction;staffing;bed_management,,False,
without_follow_up_tracking,4,mixed_060_critical_isolated_critical_adequate_tight,patient_risk;flow_prediction;staffing;bed_management,,False,
without_follow_up_tracking,4,mixed_061_low_multi_risk_adequate_tight,patient_risk;flow_prediction;staffing;bed_management,,False,
without_follow_up_tracking,4,mixed_062_moderate_multi_risk_adequate_tight,patient_risk;flow_prediction;staffing;bed_management,,False,
without_follow_up_tracking,4,mixed_063_high_multi_risk_adequate_open,patient_risk;flow_prediction;staffing;bed_management,,False,
without_follow_up_tracking,4,mixed_064_critical_multi_risk_adequate_tight,patient_risk;flow_prediction;staffing;bed_management,,False,
without_follow_up_tracking,4,mixed_065_low_stable_critical_tight,patient_risk;flow_prediction;staffing;bed_management,,False,
without_follow_up_tracking,4,mixed_066_moderate_stable_strained_tight,patient_risk;flow_prediction;staffing;bed_management,,False,
without_follow_up_tracking,4,mixed_067_high_stable_critical_tight,patient_risk;flow_prediction;staffing;bed_management,,False,
without_follow_up_tracking,4,mixed_068_critical_stable_strained_tight,patient_risk;flow_prediction;staffing;bed_management,,False,
without_follow_up_tracking,4,mixed_069_low_isolated_high_strained_tight,patient_risk;flow_prediction;staffing;bed_management,,False,
without_follow_up_tracking,4,mixed_070_moderate_isolated_high_strained_tight,patient_risk;flow_prediction;staffing;bed_management,,False,
without_follow_up_tracking,4,mixed_071_high_isolated_high_strained_tight,patient_risk;flow_prediction;staffing;bed_management,,False,
without_follow_up_tracking,4,mixed_072_critical_isolated_high_strained_tight,patient_risk;flow_prediction;staffing;bed_management,,False,
without_follow_up_tracking,4,mixed_073_critical_isolated_critical_strained_open,patient_risk;flow_prediction;staffing;bed_management,,False,
without_follow_up_tracking,4,mixed_074_moderate_isolated_critical_strained_critical,patient_risk;flow_prediction;bed_management,staffing,False,
without_follow_up_tracking,4,mixed_075_high_isolated_critical_strained_open,patient_risk;flow_prediction;staffing;bed_management,,False,
without_follow_up_tracking,4,mixed_076_critical_isolated_critical_strained_tight,patient_risk;flow_prediction;staffing;bed_management,,False,
without_follow_up_tracking,4,mixed_077_low_multi_risk_strained_tight,patient_risk;flow_prediction;bed_management,staffing,False,
without_follow_up_tracking,4,mixed_078_moderate_multi_risk_strained_tight,patient_risk;flow_prediction;staffing;bed_management,,False,
without_follow_up_tracking,4,mixed_079_high_multi_risk_adequate_tight,patient_risk;flow_prediction;staffing;bed_management,,False,
without_follow_up_tracking,4,mixed_080_critical_multi_risk_strained_tight,patient_risk;flow_prediction;staffing;bed_management,,False,
without_follow_up_tracking,4,mixed_081_moderate_stable_strained_critical,patient_risk;flow_prediction;staffing;bed_management,,False,
without_follow_up_tracking,4,mixed_082_moderate_stable_critical_tight,patient_risk;flow_prediction;staffing;bed_management,,False,
without_follow_up_tracking,4,mixed_083_high_stable_adequate_tight,patient_risk;flow_prediction;staffing;bed_management,,False,
without_follow_up_tracking,4,mixed_084_high_stable_critical_tight,patient_risk;flow_prediction;staffing;bed_management,,False,
without_follow_up_tracking,4,mixed_085_low_isolated_high_critical_tight,patient_risk;flow_prediction;staffing;bed_management,,False,
without_follow_up_tracking,4,mixed_086_moderate_isolated_high_critical_critical,patient_risk;flow_prediction;staffing;bed_management,,False,
without_follow_up_tracking,4,mixed_087_high_isolated_high_strained_tight,patient_risk;flow_prediction;staffing;bed_management,,False,
without_follow_up_tracking,4,mixed_088_low_isolated_high_critical_tight,patient_risk;flow_prediction;staffing;bed_management,,False,
without_follow_up_tracking,4,mixed_089_low_isolated_critical_critical_tight,patient_risk;flow_prediction;staffing;bed_management,,False,
without_follow_up_tracking,4,mixed_090_moderate_isolated_critical_adequate_tight,patient_risk;flow_prediction;bed_management;staffing,,False,
without_follow_up_tracking,4,mixed_091_high_isolated_critical_critical_tight,patient_risk;flow_prediction;staffing;bed_management,,False,
without_follow_up_tracking,4,mixed_092_critical_isolated_critical_adequate_open,patient_risk;flow_prediction;staffing;bed_management,,False,
without_follow_up_tracking,4,mixed_093_low_multi_risk_critical_tight,patient_risk;flow_prediction;staffing;bed_management,,False,
without_follow_up_tracking,4,mixed_094_moderate_multi_risk_critical_tight,patient_risk;flow_prediction;staffing;bed_management,,False,
without_follow_up_tracking,4,mixed_095_high_multi_risk_critical_tight,patient_risk;flow_prediction;staffing;bed_management,,False,
without_follow_up_tracking,4,mixed_096_critical_multi_risk_critical_open,patient_risk;flow_prediction;staffing;bed_management,,False,
without_follow_up_tracking,4,mixed_097_low_stable_adequate_critical,patient_risk;flow_prediction;staffing;bed_management,,False,
without_follow_up_tracking,4,mixed_098_moderate_stable_strained_tight,patient_risk;flow_prediction;staffing;bed_management,,False,
without_follow_up_tracking,4,mixed_099_critical_stable_adequate_critical,patient_risk;flow_prediction;staffing;bed_management,,False,
without_follow_up_tracking,4,mixed_100_critical_stable_adequate_critical,patient_risk;flow_prediction;staffing;bed_management,,False,
without_follow_up_tracking,4,mixed_101_low_isolated_high_adequate_tight,patient_risk;flow_prediction;staffing;bed_management,,False,
without_follow_up_tracking,4,mixed_102_moderate_isolated_high_adequate_critical,patient_risk;flow_prediction;staffing;bed_management,,False,
without_follow_up_tracking,4,mixed_103_high_isolated_high_adequate_critical,patient_risk;flow_prediction;staffing;bed_management,,False,
without_follow_up_tracking,4,mixed_104_critical_isolated_high_adequate_critical,patient_risk,flow_prediction;staffing;bed_management,False,
without_follow_up_tracking,4,mixed_105_low_isolated_critical_adequate_critical,patient_risk;flow_prediction;staffing;bed_management,,False,
without_follow_up_tracking,4,mixed_106_moderate_isolated_critical_adequate_critical,patient_risk;flow_prediction;staffing;bed_management,,False,
without_follow_up_tracking,4,mixed_107_moderate_isolated_critical_adequate_critical,patient_risk;flow_prediction;staffing;bed_management,,False,
without_follow_up_tracking,4,mixed_108_critical_isolated_critical_adequate_critical,patient_risk;flow_prediction;staffing;bed_management,,False,
without_follow_up_tracking,4,mixed_109_moderate_multi_risk_adequate_critical,patient_risk;flow_prediction;staffing;bed_management,,False,
without_follow_up_tracking,4,mixed_110_moderate_multi_risk_adequate_critical,patient_risk;flow_prediction;staffing;bed_management,,False,
without_follow_up_tracking,4,mixed_111_low_multi_risk_adequate_critical,patient_risk;flow_prediction;staffing;bed_management,,False,
without_follow_up_tracking,4,mixed_112_critical_multi_risk_critical_tight,patient_risk;flow_prediction;staffing;bed_management,,False,
without_follow_up_tracking,4,mixed_113_low_stable_strained_critical,patient_risk;flow_prediction;staffing;bed_management,,False,
without_follow_up_tracking,4,mixed_114_moderate_stable_strained_critical,patient_risk;flow_prediction;staffing;bed_management,,False,
without_follow_up_tracking,4,mixed_115_high_stable_strained_critical,patient_risk;flow_prediction;staffing;bed_management,,False,
without_follow_up_tracking,4,mixed_116_critical_stable_strained_critical,patient_risk;flow_prediction;staffing;bed_management,,False,
without_follow_up_tracking,4,mixed_117_high_isolated_high_strained_critical,patient_risk;flow_prediction;staffing;bed_management,,False,
without_follow_up_tracking,4,mixed_118_moderate_isolated_high_adequate_critical,patient_risk;flow_prediction;staffing;bed_management,,False,
without_follow_up_tracking,4,mixed_119_high_isolated_high_adequate_critical,patient_risk;flow_prediction;staffing;bed_management,,False,
without_follow_up_tracking,4,mixed_120_low_isolated_high_strained_critical,patient_risk;flow_prediction;bed_management;staffing,,False,
without_follow_up_tracking,4,mixed_121_low_isolated_critical_strained_critical,patient_risk;flow_prediction;staffing;bed_management,,False,
without_follow_up_tracking,4,mixed_122_moderate_isolated_critical_strained_critical,patient_risk;flow_prediction;staffing;bed_management,,False,
without_follow_up_tracking,4,mixed_123_high_isolated_critical_strained_critical,patient_risk;flow_prediction;staffing;bed_management,,False,
without_follow_up_tracking,4,mixed_124_moderate_isolated_critical_strained_tight,patient_risk;flow_prediction;staffing;bed_management,,False,
without_follow_up_tracking,4,mixed_125_low_multi_risk_strained_critical,patient_risk;flow_prediction;staffing;bed_management,,False,
without_follow_up_tracking,4,mixed_126_low_multi_risk_strained_critical,patient_risk;flow_prediction;staffing;bed_management,,False,
without_follow_up_tracking,4,mixed_127_high_multi_risk_strained_critical,patient_risk;flow_prediction;staffing;bed_management,,False,
without_follow_up_tracking,4,mixed_128_moderate_multi_risk_strained_critical,patient_risk;flow_prediction;staffing;bed_management,,False,
without_follow_up_tracking,4,mixed_129_low_stable_critical_tight,patient_risk;flow_prediction;staffing;bed_management,,False,
without_follow_up_tracking,4,mixed_130_moderate_stable_critical_critical,patient_risk;flow_prediction;staffing;bed_management,,False,
without_follow_up_tracking,4,mixed_131_moderate_stable_critical_critical,patient_risk;flow_prediction;staffing;bed_management,,False,
without_follow_up_tracking,4,mixed_132_low_stable_critical_critical,patient_risk;flow_prediction;staffing;bed_management,,False,
without_follow_up_tracking,4,mixed_133_low_isolated_high_critical_critical,patient_risk;flow_prediction;staffing;bed_management,,False,
without_follow_up_tracking,4,mixed_134_moderate_isolated_high_critical_critical,patient_risk;flow_prediction;staffing;bed_management,,False,
without_follow_up_tracking,4,mixed_135_high_isolated_high_critical_critical,patient_risk;flow_prediction;staffing;bed_management,,False,
without_follow_up_tracking,4,mixed_136_critical_isolated_high_critical_critical,patient_risk;flow_prediction;staffing;bed_management,,False,
without_follow_up_tracking,4,mixed_137_high_isolated_critical_critical_critical,patient_risk;flow_prediction;staffing;bed_management,,False,
without_follow_up_tracking,4,mixed_138_low_isolated_critical_critical_critical,patient_risk;flow_prediction;bed_management;staffing,,False,
without_follow_up_tracking,4,mixed_139_low_isolated_critical_critical_critical,patient_risk;flow_prediction;staffing;bed_management,,False,
without_follow_up_tracking,4,mixed_140_critical_isolated_critical_critical_critical,patient_risk;flow_prediction;staffing;bed_management,,False,
without_follow_up_tracking,4,mixed_141_critical_multi_risk_strained_critical,patient_risk;flow_prediction;staffing;bed_management,,False,
without_follow_up_tracking,4,mixed_142_moderate_multi_risk_adequate_critical,patient_risk;flow_prediction;staffing;bed_management,,False,
without_follow_up_tracking,4,mixed_143_high_multi_risk_adequate_open,patient_risk;flow_prediction;bed_management,staffing,False,
without_follow_up_tracking,4,mixed_144_critical_multi_risk_critical_critical,patient_risk;flow_prediction;staffing;bed_management,,False,
without_follow_up_tracking,4,mixed_145_low_stable_adequate_open,patient_risk;flow_prediction;staffing;bed_management,,False,
without_follow_up_tracking,4,mixed_146_moderate_stable_adequate_open,patient_risk;flow_prediction;staffing;bed_management,,False,
without_follow_up_tracking,4,mixed_147_high_stable_adequate_open,patient_risk;flow_prediction;staffing;bed_management,,False,
without_follow_up_tracking,4,mixed_148_critical_stable_adequate_open,patient_risk;flow_prediction;staffing;bed_management,,False,
without_follow_up_tracking,4,mixed_149_low_isolated_high_adequate_open,patient_risk;flow_prediction;staffing;bed_management,,False,
without_follow_up_tracking,4,mixed_150_moderate_isolated_high_adequate_open,patient_risk;flow_prediction;staffing;bed_management,,False,
without_follow_up_tracking,4,mixed_151_high_isolated_high_adequate_open,patient_risk;flow_prediction;staffing;bed_management,,False,
without_follow_up_tracking,4,mixed_152_critical_isolated_high_adequate_open,patient_risk;flow_prediction;staffing;bed_management,,False,
without_follow_up_tracking,4,mixed_153_low_isolated_critical_adequate_open,patient_risk;flow_prediction;staffing;bed_management,,False,
without_follow_up_tracking,4,mixed_154_moderate_isolated_critical_adequate_open,patient_risk;flow_prediction;staffing;bed_management,,False,
without_follow_up_tracking,4,mixed_155_high_isolated_critical_adequate_open,patient_risk;flow_prediction;staffing,bed_management,False,
without_follow_up_tracking,4,mixed_156_critical_isolated_critical_adequate_open,patient_risk;flow_prediction;staffing;bed_management,,False,
without_follow_up_tracking,4,mixed_157_low_multi_risk_adequate_open,patient_risk;flow_prediction;bed_management,staffing,False,
without_follow_up_tracking,4,mixed_158_high_multi_risk_critical_open,patient_risk;flow_prediction;staffing;bed_management,,False,
without_follow_up_tracking,4,mixed_159_high_multi_risk_adequate_open,patient_risk;flow_prediction;bed_management,staffing,False,
without_follow_up_tracking,4,mixed_160_critical_multi_risk_adequate_open,patient_risk;flow_prediction;staffing;bed_management,,False,
without_follow_up_tracking,4,mixed_161_moderate_stable_strained_open,patient_risk;flow_prediction;staffing;bed_management,,False,
without_follow_up_tracking,4,mixed_162_moderate_stable_adequate_open,patient_risk;flow_prediction,staffing;bed_management,False,
without_follow_up_tracking,4,mixed_163_high_stable_strained_open,patient_risk;flow_prediction;staffing;bed_management,,False,
without_follow_up_tracking,4,mixed_164_critical_stable_strained_open,patient_risk;flow_prediction;staffing;bed_management,,False,
without_follow_up_tracking,4,mixed_165_low_isolated_high_strained_open,patient_risk;flow_prediction;staffing;bed_management,,False,
without_follow_up_tracking,4,mixed_166_moderate_isolated_high_strained_open,patient_risk;flow_prediction;staffing;bed_management,,False,
without_follow_up_tracking,4,mixed_167_high_isolated_high_strained_open,patient_risk;flow_prediction;staffing;bed_management,,False,
without_follow_up_tracking,4,mixed_168_high_isolated_high_critical_open,patient_risk;flow_prediction;staffing;bed_management,,False,
without_follow_up_tracking,4,mixed_169_low_isolated_critical_strained_open,patient_risk;flow_prediction;staffing;bed_management,,False,
without_follow_up_tracking,4,mixed_170_moderate_isolated_critical_critical_open,patient_risk;flow_prediction;staffing;bed_management,,False,
without_follow_up_tracking,4,mixed_171_critical_isolated_critical_strained_open,patient_risk;flow_prediction;staffing;bed_management,,False,
without_follow_up_tracking,4,mixed_172_critical_isolated_critical_strained_open,patient_risk;flow_prediction;staffing;bed_management,,False,
without_follow_up_tracking,4,mixed_173_low_multi_risk_strained_open,patient_risk;flow_prediction;staffing;bed_management,,False,
without_follow_up_tracking,4,mixed_174_moderate_multi_risk_strained_open,patient_risk;flow_prediction;staffing;bed_management,,False,
non_agentic,0,critical_congestion_with_sepsis,,,,
non_agentic,0,stable_day_shift,,,,
non_agentic,0,isolated_high_risk_patient,,,,
non_agentic,0,staffing_crunch,,,,
non_agentic,0,bed_block,,,,
non_agentic,0,queue_overload,,,,
non_agentic,0,mixed_001_low_stable_adequate_open,,,,
non_agentic,0,mixed_002_moderate_stable_adequate_open,,,,
non_agentic,0,mixed_003_high_stable_adequate_open,,,,
non_agentic,0,mixed_004_critical_stable_adequate_open,,,,
non_agentic,0,mixed_005_low_isolated_high_adequate_open,,,,
non_agentic,0,mixed_006_moderate_isolated_high_critical_open,,,,
non_agentic,0,mixed_007_low_isolated_high_adequate_open,,,,
non_agentic,0,mixed_008_critical_isolated_high_adequate_open,,,,
non_agentic,0,mixed_009_low_isolated_critical_adequate_open,,,,
non_agentic,0,mixed_010_moderate_isolated_critical_adequate_open,,,,
non_agentic,0,mixed_011_high_isolated_critical_adequate_critical,,,,
non_agentic,0,mixed_012_critical_isolated_critical_adequate_open,,,,
non_agentic,0,mixed_013_low_multi_risk_adequate_open,,,,
non_agentic,0,mixed_014_moderate_multi_risk_adequate_open,,,,
non_agentic,0,mixed_015_high_multi_risk_adequate_open,,,,
non_agentic,0,mixed_016_critical_multi_risk_adequate_open,,,,
non_agentic,0,mixed_017_low_stable_strained_open,,,,
non_agentic,0,mixed_018_moderate_stable_strained_open,,,,
non_agentic,0,mixed_019_high_stable_strained_open,,,,
non_agentic,0,mixed_020_critical_stable_strained_open,,,,
non_agentic,0,mixed_021_low_isolated_high_strained_open,,,,
non_agentic,0,mixed_022_moderate_isolated_high_strained_open,,,,
non_agentic,0,mixed_023_high_isolated_high_strained_open,,,,
non_agentic,0,mixed_024_critical_isolated_high_strained_open,,,,
non_agentic,0,mixed_025_low_isolated_critical_strained_open,,,,
non_agentic,0,mixed_026_moderate_isolated_critical_strained_open,,,,
non_agentic,0,mixed_027_moderate_isolated_critical_strained_open,,,,
non_agentic,0,mixed_028_moderate_isolated_critical_strained_open,,,,
non_agentic,0,mixed_029_low_multi_risk_strained_open,,,,
non_agentic,0,mixed_030_moderate_multi_risk_strained_open,,,,
non_agentic,0,mixed_031_critical_multi_risk_strained_open,,,,
non_agentic,0,mixed_032_critical_multi_risk_strained_open,,,,
non_agentic,0,mixed_033_low_stable_critical_open,,,,
non_agentic,0,mixed_034_moderate_stable_critical_open,,,,
non_agentic,0,mixed_035_high_stable_critical_open,,,,
non_agentic,0,mixed_036_critical_stable_critical_open,,,,
non_agentic,0,mixed_037_low_isolated_high_critical_open,,,,
non_agentic,0,mixed_038_moderate_isolated_high_strained_open,,,,
non_agentic,0,mixed_039_high_isolated_high_critical_open,,,,
non_agentic,0,mixed_040_critical_isolated_high_critical_critical,,,,
non_agentic,0,mixed_041_low_isolated_critical_critical_open,,,,
non_agentic,0,mixed_042_low_isolated_critical_critical_open,,,,
non_agentic,0,mixed_043_high_isolated_critical_critical_open,,,,
non_agentic,0,mixed_044_critical_isolated_critical_critical_open,,,,
non_agentic,0,mixed_045_low_multi_risk_critical_tight,,,,
non_agentic,0,mixed_046_low_multi_risk_critical_open,,,,
non_agentic,0,mixed_047_high_multi_risk_adequate_open,,,,
non_agentic,0,mixed_048_moderate_multi_risk_critical_open,,,,
non_agentic,0,mixed_049_critical_stable_adequate_critical,,,,
non_agentic,0,mixed_050_moderate_stable_adequate_critical,,,,
non_agentic,0,mixed_051_high_stable_adequate_tight,,,,
non_agentic,0,mixed_052_critical_stable_adequate_tight,,,,
non_agentic,0,mixed_053_low_isolated_high_adequate_tight,,,,
non_agentic,0,mixed_054_moderate_isolated_high_adequate_tight,,,,
non_agentic,0,mixed_055_high_isolated_high_strained_tight,,,,
non_agentic,0,mixed_056_critical_isolated_high_adequate_tight,,,,
non_agentic,0,mixed_057_low_isolated_critical_adequate_tight,,,,
non_agentic,0,mixed_058_moderate_isolated_critical_adequate_tight,,,,
non_agentic,0,mixed_059_high_isolated_critical_adequate_open,,,,
non_agentic,0,mixed_060_critical_isolated_critical_adequate_tight,,,,
non_agentic,0,mixed_061_low_multi_risk_adequate_tight,,,,
non_agentic,0,mixed_062_moderate_multi_risk_adequate_tight,,,,
non_agentic,0,mixed_063_high_multi_risk_adequate_open,,,,
non_agentic,0,mixed_064_critical_multi_risk_adequate_tight,,,,
non_agentic,0,mixed_065_low_stable_critical_tight,,,,
non_agentic,0,mixed_066_moderate_stable_strained_tight,,,,
non_agentic,0,mixed_067_high_stable_critical_tight,,,,
non_agentic,0,mixed_068_critical_stable_strained_tight,,,,
non_agentic,0,mixed_069_low_isolated_high_strained_tight,,,,
non_agentic,0,mixed_070_moderate_isolated_high_strained_tight,,,,
non_agentic,0,mixed_071_high_isolated_high_strained_tight,,,,
non_agentic,0,mixed_072_critical_isolated_high_strained_tight,,,,
non_agentic,0,mixed_073_critical_isolated_critical_strained_open,,,,
non_agentic,0,mixed_074_moderate_isolated_critical_strained_critical,,,,
non_agentic,0,mixed_075_high_isolated_critical_strained_open,,,,
non_agentic,0,mixed_076_critical_isolated_critical_strained_tight,,,,
non_agentic,0,mixed_077_low_multi_risk_strained_tight,,,,
non_agentic,0,mixed_078_moderate_multi_risk_strained_tight,,,,
non_agentic,0,mixed_079_high_multi_risk_adequate_tight,,,,
non_agentic,0,mixed_080_critical_multi_risk_strained_tight,,,,
non_agentic,0,mixed_081_moderate_stable_strained_critical,,,,
non_agentic,0,mixed_082_moderate_stable_critical_tight,,,,
non_agentic,0,mixed_083_high_stable_adequate_tight,,,,
non_agentic,0,mixed_084_high_stable_critical_tight,,,,
non_agentic,0,mixed_085_low_isolated_high_critical_tight,,,,
non_agentic,0,mixed_086_moderate_isolated_high_critical_critical,,,,
non_agentic,0,mixed_087_high_isolated_high_strained_tight,,,,
non_agentic,0,mixed_088_low_isolated_high_critical_tight,,,,
non_agentic,0,mixed_089_low_isolated_critical_critical_tight,,,,
non_agentic,0,mixed_090_moderate_isolated_critical_adequate_tight,,,,
non_agentic,0,mixed_091_high_isolated_critical_critical_tight,,,,
non_agentic,0,mixed_092_critical_isolated_critical_adequate_open,,,,
non_agentic,0,mixed_093_low_multi_risk_critical_tight,,,,
non_agentic,0,mixed_094_moderate_multi_risk_critical_tight,,,,
non_agentic,0,mixed_095_high_multi_risk_critical_tight,,,,
non_agentic,0,mixed_096_critical_multi_risk_critical_open,,,,
non_agentic,0,mixed_097_low_stable_adequate_critical,,,,
non_agentic,0,mixed_098_moderate_stable_strained_tight,,,,
non_agentic,0,mixed_099_critical_stable_adequate_critical,,,,
non_agentic,0,mixed_100_critical_stable_adequate_critical,,,,
non_agentic,0,mixed_101_low_isolated_high_adequate_tight,,,,
non_agentic,0,mixed_102_moderate_isolated_high_adequate_critical,,,,
non_agentic,0,mixed_103_high_isolated_high_adequate_critical,,,,
non_agentic,0,mixed_104_critical_isolated_high_adequate_critical,,,,
non_agentic,0,mixed_105_low_isolated_critical_adequate_critical,,,,
non_agentic,0,mixed_106_moderate_isolated_critical_adequate_critical,,,,
non_agentic,0,mixed_107_moderate_isolated_critical_adequate_critical,,,,
non_agentic,0,mixed_108_critical_isolated_critical_adequate_critical,,,,
non_agentic,0,mixed_109_moderate_multi_risk_adequate_critical,,,,
non_agentic,0,mixed_110_moderate_multi_risk_adequate_critical,,,,
non_agentic,0,mixed_111_low_multi_risk_adequate_critical,,,,
non_agentic,0,mixed_112_critical_multi_risk_critical_tight,,,,
non_agentic,0,mixed_113_low_stable_strained_critical,,,,
non_agentic,0,mixed_114_moderate_stable_strained_critical,,,,
non_agentic,0,mixed_115_high_stable_strained_critical,,,,
non_agentic,0,mixed_116_critical_stable_strained_critical,,,,
non_agentic,0,mixed_117_high_isolated_high_strained_critical,,,,
non_agentic,0,mixed_118_moderate_isolated_high_adequate_critical,,,,
non_agentic,0,mixed_119_high_isolated_high_adequate_critical,,,,
non_agentic,0,mixed_120_low_isolated_high_strained_critical,,,,
non_agentic,0,mixed_121_low_isolated_critical_strained_critical,,,,
non_agentic,0,mixed_122_moderate_isolated_critical_strained_critical,,,,
non_agentic,0,mixed_123_high_isolated_critical_strained_critical,,,,
non_agentic,0,mixed_124_moderate_isolated_critical_strained_tight,,,,
non_agentic,0,mixed_125_low_multi_risk_strained_critical,,,,
non_agentic,0,mixed_126_low_multi_risk_strained_critical,,,,
non_agentic,0,mixed_127_high_multi_risk_strained_critical,,,,
non_agentic,0,mixed_128_moderate_multi_risk_strained_critical,,,,
non_agentic,0,mixed_129_low_stable_critical_tight,,,,
non_agentic,0,mixed_130_moderate_stable_critical_critical,,,,
non_agentic,0,mixed_131_moderate_stable_critical_critical,,,,
non_agentic,0,mixed_132_low_stable_critical_critical,,,,
non_agentic,0,mixed_133_low_isolated_high_critical_critical,,,,
non_agentic,0,mixed_134_moderate_isolated_high_critical_critical,,,,
non_agentic,0,mixed_135_high_isolated_high_critical_critical,,,,
non_agentic,0,mixed_136_critical_isolated_high_critical_critical,,,,
non_agentic,0,mixed_137_high_isolated_critical_critical_critical,,,,
non_agentic,0,mixed_138_low_isolated_critical_critical_critical,,,,
non_agentic,0,mixed_139_low_isolated_critical_critical_critical,,,,
non_agentic,0,mixed_140_critical_isolated_critical_critical_critical,,,,
non_agentic,0,mixed_141_critical_multi_risk_strained_critical,,,,
non_agentic,0,mixed_142_moderate_multi_risk_adequate_critical,,,,
non_agentic,0,mixed_143_high_multi_risk_adequate_open,,,,
non_agentic,0,mixed_144_critical_multi_risk_critical_critical,,,,
non_agentic,0,mixed_145_low_stable_adequate_open,,,,
non_agentic,0,mixed_146_moderate_stable_adequate_open,,,,
non_agentic,0,mixed_147_high_stable_adequate_open,,,,
non_agentic,0,mixed_148_critical_stable_adequate_open,,,,
non_agentic,0,mixed_149_low_isolated_high_adequate_open,,,,
non_agentic,0,mixed_150_moderate_isolated_high_adequate_open,,,,
non_agentic,0,mixed_151_high_isolated_high_adequate_open,,,,
non_agentic,0,mixed_152_critical_isolated_high_adequate_open,,,,
non_agentic,0,mixed_153_low_isolated_critical_adequate_open,,,,
non_agentic,0,mixed_154_moderate_isolated_critical_adequate_open,,,,
non_agentic,0,mixed_155_high_isolated_critical_adequate_open,,,,
non_agentic,0,mixed_156_critical_isolated_critical_adequate_open,,,,
non_agentic,0,mixed_157_low_multi_risk_adequate_open,,,,
non_agentic,0,mixed_158_high_multi_risk_critical_open,,,,
non_agentic,0,mixed_159_high_multi_risk_adequate_open,,,,
non_agentic,0,mixed_160_critical_multi_risk_adequate_open,,,,
non_agentic,0,mixed_161_moderate_stable_strained_open,,,,
non_agentic,0,mixed_162_moderate_stable_adequate_open,,,,
non_agentic,0,mixed_163_high_stable_strained_open,,,,
non_agentic,0,mixed_164_critical_stable_strained_open,,,,
non_agentic,0,mixed_165_low_isolated_high_strained_open,,,,
non_agentic,0,mixed_166_moderate_isolated_high_strained_open,,,,
non_agentic,0,mixed_167_high_isolated_high_strained_open,,,,
non_agentic,0,mixed_168_high_isolated_high_critical_open,,,,
non_agentic,0,mixed_169_low_isolated_critical_strained_open,,,,
non_agentic,0,mixed_170_moderate_isolated_critical_critical_open,,,,
non_agentic,0,mixed_171_critical_isolated_critical_strained_open,,,,
non_agentic,0,mixed_172_critical_isolated_critical_strained_open,,,,
non_agentic,0,mixed_173_low_multi_risk_strained_open,,,,
non_agentic,0,mixed_174_moderate_multi_risk_strained_open,,,,
non_agentic,1,critical_congestion_with_sepsis,,,,
non_agentic,1,stable_day_shift,,,,
non_agentic,1,isolated_high_risk_patient,,,,
non_agentic,1,staffing_crunch,,,,
non_agentic,1,bed_block,,,,
non_agentic,1,queue_overload,,,,
non_agentic,1,mixed_001_low_stable_adequate_open,,,,
non_agentic,1,mixed_002_moderate_stable_adequate_open,,,,
non_agentic,1,mixed_003_high_stable_adequate_open,,,,
non_agentic,1,mixed_004_critical_stable_adequate_open,,,,
non_agentic,1,mixed_005_low_isolated_high_adequate_open,,,,
non_agentic,1,mixed_006_moderate_isolated_high_critical_open,,,,
non_agentic,1,mixed_007_low_isolated_high_adequate_open,,,,
non_agentic,1,mixed_008_critical_isolated_high_adequate_open,,,,
non_agentic,1,mixed_009_low_isolated_critical_adequate_open,,,,
non_agentic,1,mixed_010_moderate_isolated_critical_adequate_open,,,,
non_agentic,1,mixed_011_high_isolated_critical_adequate_critical,,,,
non_agentic,1,mixed_012_critical_isolated_critical_adequate_open,,,,
non_agentic,1,mixed_013_low_multi_risk_adequate_open,,,,
non_agentic,1,mixed_014_moderate_multi_risk_adequate_open,,,,
non_agentic,1,mixed_015_high_multi_risk_adequate_open,,,,
non_agentic,1,mixed_016_critical_multi_risk_adequate_open,,,,
non_agentic,1,mixed_017_low_stable_strained_open,,,,
non_agentic,1,mixed_018_moderate_stable_strained_open,,,,
non_agentic,1,mixed_019_high_stable_strained_open,,,,
non_agentic,1,mixed_020_critical_stable_strained_open,,,,
non_agentic,1,mixed_021_low_isolated_high_strained_open,,,,
non_agentic,1,mixed_022_moderate_isolated_high_strained_open,,,,
non_agentic,1,mixed_023_high_isolated_high_strained_open,,,,
non_agentic,1,mixed_024_critical_isolated_high_strained_open,,,,
non_agentic,1,mixed_025_low_isolated_critical_strained_open,,,,
non_agentic,1,mixed_026_moderate_isolated_critical_strained_open,,,,
non_agentic,1,mixed_027_moderate_isolated_critical_strained_open,,,,
non_agentic,1,mixed_028_moderate_isolated_critical_strained_open,,,,
non_agentic,1,mixed_029_low_multi_risk_strained_open,,,,
non_agentic,1,mixed_030_moderate_multi_risk_strained_open,,,,
non_agentic,1,mixed_031_critical_multi_risk_strained_open,,,,
non_agentic,1,mixed_032_critical_multi_risk_strained_open,,,,
non_agentic,1,mixed_033_low_stable_critical_open,,,,
non_agentic,1,mixed_034_moderate_stable_critical_open,,,,
non_agentic,1,mixed_035_high_stable_critical_open,,,,
non_agentic,1,mixed_036_critical_stable_critical_open,,,,
non_agentic,1,mixed_037_low_isolated_high_critical_open,,,,
non_agentic,1,mixed_038_moderate_isolated_high_strained_open,,,,
non_agentic,1,mixed_039_high_isolated_high_critical_open,,,,
non_agentic,1,mixed_040_critical_isolated_high_critical_critical,,,,
non_agentic,1,mixed_041_low_isolated_critical_critical_open,,,,
non_agentic,1,mixed_042_low_isolated_critical_critical_open,,,,
non_agentic,1,mixed_043_high_isolated_critical_critical_open,,,,
non_agentic,1,mixed_044_critical_isolated_critical_critical_open,,,,
non_agentic,1,mixed_045_low_multi_risk_critical_tight,,,,
non_agentic,1,mixed_046_low_multi_risk_critical_open,,,,
non_agentic,1,mixed_047_high_multi_risk_adequate_open,,,,
non_agentic,1,mixed_048_moderate_multi_risk_critical_open,,,,
non_agentic,1,mixed_049_critical_stable_adequate_critical,,,,
non_agentic,1,mixed_050_moderate_stable_adequate_critical,,,,
non_agentic,1,mixed_051_high_stable_adequate_tight,,,,
non_agentic,1,mixed_052_critical_stable_adequate_tight,,,,
non_agentic,1,mixed_053_low_isolated_high_adequate_tight,,,,
non_agentic,1,mixed_054_moderate_isolated_high_adequate_tight,,,,
non_agentic,1,mixed_055_high_isolated_high_strained_tight,,,,
non_agentic,1,mixed_056_critical_isolated_high_adequate_tight,,,,
non_agentic,1,mixed_057_low_isolated_critical_adequate_tight,,,,
non_agentic,1,mixed_058_moderate_isolated_critical_adequate_tight,,,,
non_agentic,1,mixed_059_high_isolated_critical_adequate_open,,,,
non_agentic,1,mixed_060_critical_isolated_critical_adequate_tight,,,,
non_agentic,1,mixed_061_low_multi_risk_adequate_tight,,,,
non_agentic,1,mixed_062_moderate_multi_risk_adequate_tight,,,,
non_agentic,1,mixed_063_high_multi_risk_adequate_open,,,,
non_agentic,1,mixed_064_critical_multi_risk_adequate_tight,,,,
non_agentic,1,mixed_065_low_stable_critical_tight,,,,
non_agentic,1,mixed_066_moderate_stable_strained_tight,,,,
non_agentic,1,mixed_067_high_stable_critical_tight,,,,
non_agentic,1,mixed_068_critical_stable_strained_tight,,,,
non_agentic,1,mixed_069_low_isolated_high_strained_tight,,,,
non_agentic,1,mixed_070_moderate_isolated_high_strained_tight,,,,
non_agentic,1,mixed_071_high_isolated_high_strained_tight,,,,
non_agentic,1,mixed_072_critical_isolated_high_strained_tight,,,,
non_agentic,1,mixed_073_critical_isolated_critical_strained_open,,,,
non_agentic,1,mixed_074_moderate_isolated_critical_strained_critical,,,,
non_agentic,1,mixed_075_high_isolated_critical_strained_open,,,,
non_agentic,1,mixed_076_critical_isolated_critical_strained_tight,,,,
non_agentic,1,mixed_077_low_multi_risk_strained_tight,,,,
non_agentic,1,mixed_078_moderate_multi_risk_strained_tight,,,,
non_agentic,1,mixed_079_high_multi_risk_adequate_tight,,,,
non_agentic,1,mixed_080_critical_multi_risk_strained_tight,,,,
non_agentic,1,mixed_081_moderate_stable_strained_critical,,,,
non_agentic,1,mixed_082_moderate_stable_critical_tight,,,,
non_agentic,1,mixed_083_high_stable_adequate_tight,,,,
non_agentic,1,mixed_084_high_stable_critical_tight,,,,
non_agentic,1,mixed_085_low_isolated_high_critical_tight,,,,
non_agentic,1,mixed_086_moderate_isolated_high_critical_critical,,,,
non_agentic,1,mixed_087_high_isolated_high_strained_tight,,,,
non_agentic,1,mixed_088_low_isolated_high_critical_tight,,,,
non_agentic,1,mixed_089_low_isolated_critical_critical_tight,,,,
non_agentic,1,mixed_090_moderate_isolated_critical_adequate_tight,,,,
non_agentic,1,mixed_091_high_isolated_critical_critical_tight,,,,
non_agentic,1,mixed_092_critical_isolated_critical_adequate_open,,,,
non_agentic,1,mixed_093_low_multi_risk_critical_tight,,,,
non_agentic,1,mixed_094_moderate_multi_risk_critical_tight,,,,
non_agentic,1,mixed_095_high_multi_risk_critical_tight,,,,
non_agentic,1,mixed_096_critical_multi_risk_critical_open,,,,
non_agentic,1,mixed_097_low_stable_adequate_critical,,,,
non_agentic,1,mixed_098_moderate_stable_strained_tight,,,,
non_agentic,1,mixed_099_critical_stable_adequate_critical,,,,
non_agentic,1,mixed_100_critical_stable_adequate_critical,,,,
non_agentic,1,mixed_101_low_isolated_high_adequate_tight,,,,
non_agentic,1,mixed_102_moderate_isolated_high_adequate_critical,,,,
non_agentic,1,mixed_103_high_isolated_high_adequate_critical,,,,
non_agentic,1,mixed_104_critical_isolated_high_adequate_critical,,,,
non_agentic,1,mixed_105_low_isolated_critical_adequate_critical,,,,
non_agentic,1,mixed_106_moderate_isolated_critical_adequate_critical,,,,
non_agentic,1,mixed_107_moderate_isolated_critical_adequate_critical,,,,
non_agentic,1,mixed_108_critical_isolated_critical_adequate_critical,,,,
non_agentic,1,mixed_109_moderate_multi_risk_adequate_critical,,,,
non_agentic,1,mixed_110_moderate_multi_risk_adequate_critical,,,,
non_agentic,1,mixed_111_low_multi_risk_adequate_critical,,,,
non_agentic,1,mixed_112_critical_multi_risk_critical_tight,,,,
non_agentic,1,mixed_113_low_stable_strained_critical,,,,
non_agentic,1,mixed_114_moderate_stable_strained_critical,,,,
non_agentic,1,mixed_115_high_stable_strained_critical,,,,
non_agentic,1,mixed_116_critical_stable_strained_critical,,,,
non_agentic,1,mixed_117_high_isolated_high_strained_critical,,,,
non_agentic,1,mixed_118_moderate_isolated_high_adequate_critical,,,,
non_agentic,1,mixed_119_high_isolated_high_adequate_critical,,,,
non_agentic,1,mixed_120_low_isolated_high_strained_critical,,,,
non_agentic,1,mixed_121_low_isolated_critical_strained_critical,,,,
non_agentic,1,mixed_122_moderate_isolated_critical_strained_critical,,,,
non_agentic,1,mixed_123_high_isolated_critical_strained_critical,,,,
non_agentic,1,mixed_124_moderate_isolated_critical_strained_tight,,,,
non_agentic,1,mixed_125_low_multi_risk_strained_critical,,,,
non_agentic,1,mixed_126_low_multi_risk_strained_critical,,,,
non_agentic,1,mixed_127_high_multi_risk_strained_critical,,,,
non_agentic,1,mixed_128_moderate_multi_risk_strained_critical,,,,
non_agentic,1,mixed_129_low_stable_critical_tight,,,,
non_agentic,1,mixed_130_moderate_stable_critical_critical,,,,
non_agentic,1,mixed_131_moderate_stable_critical_critical,,,,
non_agentic,1,mixed_132_low_stable_critical_critical,,,,
non_agentic,1,mixed_133_low_isolated_high_critical_critical,,,,
non_agentic,1,mixed_134_moderate_isolated_high_critical_critical,,,,
non_agentic,1,mixed_135_high_isolated_high_critical_critical,,,,
non_agentic,1,mixed_136_critical_isolated_high_critical_critical,,,,
non_agentic,1,mixed_137_high_isolated_critical_critical_critical,,,,
non_agentic,1,mixed_138_low_isolated_critical_critical_critical,,,,
non_agentic,1,mixed_139_low_isolated_critical_critical_critical,,,,
non_agentic,1,mixed_140_critical_isolated_critical_critical_critical,,,,
non_agentic,1,mixed_141_critical_multi_risk_strained_critical,,,,
non_agentic,1,mixed_142_moderate_multi_risk_adequate_critical,,,,
non_agentic,1,mixed_143_high_multi_risk_adequate_open,,,,
non_agentic,1,mixed_144_critical_multi_risk_critical_critical,,,,
non_agentic,1,mixed_145_low_stable_adequate_open,,,,
non_agentic,1,mixed_146_moderate_stable_adequate_open,,,,
non_agentic,1,mixed_147_high_stable_adequate_open,,,,
non_agentic,1,mixed_148_critical_stable_adequate_open,,,,
non_agentic,1,mixed_149_low_isolated_high_adequate_open,,,,
non_agentic,1,mixed_150_moderate_isolated_high_adequate_open,,,,
non_agentic,1,mixed_151_high_isolated_high_adequate_open,,,,
non_agentic,1,mixed_152_critical_isolated_high_adequate_open,,,,
non_agentic,1,mixed_153_low_isolated_critical_adequate_open,,,,
non_agentic,1,mixed_154_moderate_isolated_critical_adequate_open,,,,
non_agentic,1,mixed_155_high_isolated_critical_adequate_open,,,,
non_agentic,1,mixed_156_critical_isolated_critical_adequate_open,,,,
non_agentic,1,mixed_157_low_multi_risk_adequate_open,,,,
non_agentic,1,mixed_158_high_multi_risk_critical_open,,,,
non_agentic,1,mixed_159_high_multi_risk_adequate_open,,,,
non_agentic,1,mixed_160_critical_multi_risk_adequate_open,,,,
non_agentic,1,mixed_161_moderate_stable_strained_open,,,,
non_agentic,1,mixed_162_moderate_stable_adequate_open,,,,
non_agentic,1,mixed_163_high_stable_strained_open,,,,
non_agentic,1,mixed_164_critical_stable_strained_open,,,,
non_agentic,1,mixed_165_low_isolated_high_strained_open,,,,
non_agentic,1,mixed_166_moderate_isolated_high_strained_open,,,,
non_agentic,1,mixed_167_high_isolated_high_strained_open,,,,
non_agentic,1,mixed_168_high_isolated_high_critical_open,,,,
non_agentic,1,mixed_169_low_isolated_critical_strained_open,,,,
non_agentic,1,mixed_170_moderate_isolated_critical_critical_open,,,,
non_agentic,1,mixed_171_critical_isolated_critical_strained_open,,,,
non_agentic,1,mixed_172_critical_isolated_critical_strained_open,,,,
non_agentic,1,mixed_173_low_multi_risk_strained_open,,,,
non_agentic,1,mixed_174_moderate_multi_risk_strained_open,,,,
non_agentic,2,critical_congestion_with_sepsis,,,,
non_agentic,2,stable_day_shift,,,,
non_agentic,2,isolated_high_risk_patient,,,,
non_agentic,2,staffing_crunch,,,,
non_agentic,2,bed_block,,,,
non_agentic,2,queue_overload,,,,
non_agentic,2,mixed_001_low_stable_adequate_open,,,,
non_agentic,2,mixed_002_moderate_stable_adequate_open,,,,
non_agentic,2,mixed_003_high_stable_adequate_open,,,,
non_agentic,2,mixed_004_critical_stable_adequate_open,,,,
non_agentic,2,mixed_005_low_isolated_high_adequate_open,,,,
non_agentic,2,mixed_006_moderate_isolated_high_critical_open,,,,
non_agentic,2,mixed_007_low_isolated_high_adequate_open,,,,
non_agentic,2,mixed_008_critical_isolated_high_adequate_open,,,,
non_agentic,2,mixed_009_low_isolated_critical_adequate_open,,,,
non_agentic,2,mixed_010_moderate_isolated_critical_adequate_open,,,,
non_agentic,2,mixed_011_high_isolated_critical_adequate_critical,,,,
non_agentic,2,mixed_012_critical_isolated_critical_adequate_open,,,,
non_agentic,2,mixed_013_low_multi_risk_adequate_open,,,,
non_agentic,2,mixed_014_moderate_multi_risk_adequate_open,,,,
non_agentic,2,mixed_015_high_multi_risk_adequate_open,,,,
non_agentic,2,mixed_016_critical_multi_risk_adequate_open,,,,
non_agentic,2,mixed_017_low_stable_strained_open,,,,
non_agentic,2,mixed_018_moderate_stable_strained_open,,,,
non_agentic,2,mixed_019_high_stable_strained_open,,,,
non_agentic,2,mixed_020_critical_stable_strained_open,,,,
non_agentic,2,mixed_021_low_isolated_high_strained_open,,,,
non_agentic,2,mixed_022_moderate_isolated_high_strained_open,,,,
non_agentic,2,mixed_023_high_isolated_high_strained_open,,,,
non_agentic,2,mixed_024_critical_isolated_high_strained_open,,,,
non_agentic,2,mixed_025_low_isolated_critical_strained_open,,,,
non_agentic,2,mixed_026_moderate_isolated_critical_strained_open,,,,
non_agentic,2,mixed_027_moderate_isolated_critical_strained_open,,,,
non_agentic,2,mixed_028_moderate_isolated_critical_strained_open,,,,
non_agentic,2,mixed_029_low_multi_risk_strained_open,,,,
non_agentic,2,mixed_030_moderate_multi_risk_strained_open,,,,
non_agentic,2,mixed_031_critical_multi_risk_strained_open,,,,
non_agentic,2,mixed_032_critical_multi_risk_strained_open,,,,
non_agentic,2,mixed_033_low_stable_critical_open,,,,
non_agentic,2,mixed_034_moderate_stable_critical_open,,,,
non_agentic,2,mixed_035_high_stable_critical_open,,,,
non_agentic,2,mixed_036_critical_stable_critical_open,,,,
non_agentic,2,mixed_037_low_isolated_high_critical_open,,,,
non_agentic,2,mixed_038_moderate_isolated_high_strained_open,,,,
non_agentic,2,mixed_039_high_isolated_high_critical_open,,,,
non_agentic,2,mixed_040_critical_isolated_high_critical_critical,,,,
non_agentic,2,mixed_041_low_isolated_critical_critical_open,,,,
non_agentic,2,mixed_042_low_isolated_critical_critical_open,,,,
non_agentic,2,mixed_043_high_isolated_critical_critical_open,,,,
non_agentic,2,mixed_044_critical_isolated_critical_critical_open,,,,
non_agentic,2,mixed_045_low_multi_risk_critical_tight,,,,
non_agentic,2,mixed_046_low_multi_risk_critical_open,,,,
non_agentic,2,mixed_047_high_multi_risk_adequate_open,,,,
non_agentic,2,mixed_048_moderate_multi_risk_critical_open,,,,
non_agentic,2,mixed_049_critical_stable_adequate_critical,,,,
non_agentic,2,mixed_050_moderate_stable_adequate_critical,,,,
non_agentic,2,mixed_051_high_stable_adequate_tight,,,,
non_agentic,2,mixed_052_critical_stable_adequate_tight,,,,
non_agentic,2,mixed_053_low_isolated_high_adequate_tight,,,,
non_agentic,2,mixed_054_moderate_isolated_high_adequate_tight,,,,
non_agentic,2,mixed_055_high_isolated_high_strained_tight,,,,
non_agentic,2,mixed_056_critical_isolated_high_adequate_tight,,,,
non_agentic,2,mixed_057_low_isolated_critical_adequate_tight,,,,
non_agentic,2,mixed_058_moderate_isolated_critical_adequate_tight,,,,
non_agentic,2,mixed_059_high_isolated_critical_adequate_open,,,,
non_agentic,2,mixed_060_critical_isolated_critical_adequate_tight,,,,
non_agentic,2,mixed_061_low_multi_risk_adequate_tight,,,,
non_agentic,2,mixed_062_moderate_multi_risk_adequate_tight,,,,
non_agentic,2,mixed_063_high_multi_risk_adequate_open,,,,
non_agentic,2,mixed_064_critical_multi_risk_adequate_tight,,,,
non_agentic,2,mixed_065_low_stable_critical_tight,,,,
non_agentic,2,mixed_066_moderate_stable_strained_tight,,,,
non_agentic,2,mixed_067_high_stable_critical_tight,,,,
non_agentic,2,mixed_068_critical_stable_strained_tight,,,,
non_agentic,2,mixed_069_low_isolated_high_strained_tight,,,,
non_agentic,2,mixed_070_moderate_isolated_high_strained_tight,,,,
non_agentic,2,mixed_071_high_isolated_high_strained_tight,,,,
non_agentic,2,mixed_072_critical_isolated_high_strained_tight,,,,
non_agentic,2,mixed_073_critical_isolated_critical_strained_open,,,,
non_agentic,2,mixed_074_moderate_isolated_critical_strained_critical,,,,
non_agentic,2,mixed_075_high_isolated_critical_strained_open,,,,
non_agentic,2,mixed_076_critical_isolated_critical_strained_tight,,,,
non_agentic,2,mixed_077_low_multi_risk_strained_tight,,,,
non_agentic,2,mixed_078_moderate_multi_risk_strained_tight,,,,
non_agentic,2,mixed_079_high_multi_risk_adequate_tight,,,,
non_agentic,2,mixed_080_critical_multi_risk_strained_tight,,,,
non_agentic,2,mixed_081_moderate_stable_strained_critical,,,,
non_agentic,2,mixed_082_moderate_stable_critical_tight,,,,
non_agentic,2,mixed_083_high_stable_adequate_tight,,,,
non_agentic,2,mixed_084_high_stable_critical_tight,,,,
non_agentic,2,mixed_085_low_isolated_high_critical_tight,,,,
non_agentic,2,mixed_086_moderate_isolated_high_critical_critical,,,,
non_agentic,2,mixed_087_high_isolated_high_strained_tight,,,,
non_agentic,2,mixed_088_low_isolated_high_critical_tight,,,,
non_agentic,2,mixed_089_low_isolated_critical_critical_tight,,,,
non_agentic,2,mixed_090_moderate_isolated_critical_adequate_tight,,,,
non_agentic,2,mixed_091_high_isolated_critical_critical_tight,,,,
non_agentic,2,mixed_092_critical_isolated_critical_adequate_open,,,,
non_agentic,2,mixed_093_low_multi_risk_critical_tight,,,,
non_agentic,2,mixed_094_moderate_multi_risk_critical_tight,,,,
non_agentic,2,mixed_095_high_multi_risk_critical_tight,,,,
non_agentic,2,mixed_096_critical_multi_risk_critical_open,,,,
non_agentic,2,mixed_097_low_stable_adequate_critical,,,,
non_agentic,2,mixed_098_moderate_stable_strained_tight,,,,
non_agentic,2,mixed_099_critical_stable_adequate_critical,,,,
non_agentic,2,mixed_100_critical_stable_adequate_critical,,,,
non_agentic,2,mixed_101_low_isolated_high_adequate_tight,,,,
non_agentic,2,mixed_102_moderate_isolated_high_adequate_critical,,,,
non_agentic,2,mixed_103_high_isolated_high_adequate_critical,,,,
non_agentic,2,mixed_104_critical_isolated_high_adequate_critical,,,,
non_agentic,2,mixed_105_low_isolated_critical_adequate_critical,,,,
non_agentic,2,mixed_106_moderate_isolated_critical_adequate_critical,,,,
non_agentic,2,mixed_107_moderate_isolated_critical_adequate_critical,,,,
non_agentic,2,mixed_108_critical_isolated_critical_adequate_critical,,,,
non_agentic,2,mixed_109_moderate_multi_risk_adequate_critical,,,,
non_agentic,2,mixed_110_moderate_multi_risk_adequate_critical,,,,
non_agentic,2,mixed_111_low_multi_risk_adequate_critical,,,,
non_agentic,2,mixed_112_critical_multi_risk_critical_tight,,,,
non_agentic,2,mixed_113_low_stable_strained_critical,,,,
non_agentic,2,mixed_114_moderate_stable_strained_critical,,,,
non_agentic,2,mixed_115_high_stable_strained_critical,,,,
non_agentic,2,mixed_116_critical_stable_strained_critical,,,,
non_agentic,2,mixed_117_high_isolated_high_strained_critical,,,,
non_agentic,2,mixed_118_moderate_isolated_high_adequate_critical,,,,
non_agentic,2,mixed_119_high_isolated_high_adequate_critical,,,,
non_agentic,2,mixed_120_low_isolated_high_strained_critical,,,,
non_agentic,2,mixed_121_low_isolated_critical_strained_critical,,,,
non_agentic,2,mixed_122_moderate_isolated_critical_strained_critical,,,,
non_agentic,2,mixed_123_high_isolated_critical_strained_critical,,,,
non_agentic,2,mixed_124_moderate_isolated_critical_strained_tight,,,,
non_agentic,2,mixed_125_low_multi_risk_strained_critical,,,,
non_agentic,2,mixed_126_low_multi_risk_strained_critical,,,,
non_agentic,2,mixed_127_high_multi_risk_strained_critical,,,,
non_agentic,2,mixed_128_moderate_multi_risk_strained_critical,,,,
non_agentic,2,mixed_129_low_stable_critical_tight,,,,
non_agentic,2,mixed_130_moderate_stable_critical_critical,,,,
non_agentic,2,mixed_131_moderate_stable_critical_critical,,,,
non_agentic,2,mixed_132_low_stable_critical_critical,,,,
non_agentic,2,mixed_133_low_isolated_high_critical_critical,,,,
non_agentic,2,mixed_134_moderate_isolated_high_critical_critical,,,,
non_agentic,2,mixed_135_high_isolated_high_critical_critical,,,,
non_agentic,2,mixed_136_critical_isolated_high_critical_critical,,,,
non_agentic,2,mixed_137_high_isolated_critical_critical_critical,,,,
non_agentic,2,mixed_138_low_isolated_critical_critical_critical,,,,
non_agentic,2,mixed_139_low_isolated_critical_critical_critical,,,,
non_agentic,2,mixed_140_critical_isolated_critical_critical_critical,,,,
non_agentic,2,mixed_141_critical_multi_risk_strained_critical,,,,
non_agentic,2,mixed_142_moderate_multi_risk_adequate_critical,,,,
non_agentic,2,mixed_143_high_multi_risk_adequate_open,,,,
non_agentic,2,mixed_144_critical_multi_risk_critical_critical,,,,
non_agentic,2,mixed_145_low_stable_adequate_open,,,,
non_agentic,2,mixed_146_moderate_stable_adequate_open,,,,
non_agentic,2,mixed_147_high_stable_adequate_open,,,,
non_agentic,2,mixed_148_critical_stable_adequate_open,,,,
non_agentic,2,mixed_149_low_isolated_high_adequate_open,,,,
non_agentic,2,mixed_150_moderate_isolated_high_adequate_open,,,,
non_agentic,2,mixed_151_high_isolated_high_adequate_open,,,,
non_agentic,2,mixed_152_critical_isolated_high_adequate_open,,,,
non_agentic,2,mixed_153_low_isolated_critical_adequate_open,,,,
non_agentic,2,mixed_154_moderate_isolated_critical_adequate_open,,,,
non_agentic,2,mixed_155_high_isolated_critical_adequate_open,,,,
non_agentic,2,mixed_156_critical_isolated_critical_adequate_open,,,,
non_agentic,2,mixed_157_low_multi_risk_adequate_open,,,,
non_agentic,2,mixed_158_high_multi_risk_critical_open,,,,
non_agentic,2,mixed_159_high_multi_risk_adequate_open,,,,
non_agentic,2,mixed_160_critical_multi_risk_adequate_open,,,,
non_agentic,2,mixed_161_moderate_stable_strained_open,,,,
non_agentic,2,mixed_162_moderate_stable_adequate_open,,,,
non_agentic,2,mixed_163_high_stable_strained_open,,,,
non_agentic,2,mixed_164_critical_stable_strained_open,,,,
non_agentic,2,mixed_165_low_isolated_high_strained_open,,,,
non_agentic,2,mixed_166_moderate_isolated_high_strained_open,,,,
non_agentic,2,mixed_167_high_isolated_high_strained_open,,,,
non_agentic,2,mixed_168_high_isolated_high_critical_open,,,,
non_agentic,2,mixed_169_low_isolated_critical_strained_open,,,,
non_agentic,2,mixed_170_moderate_isolated_critical_critical_open,,,,
non_agentic,2,mixed_171_critical_isolated_critical_strained_open,,,,
non_agentic,2,mixed_172_critical_isolated_critical_strained_open,,,,
non_agentic,2,mixed_173_low_multi_risk_strained_open,,,,
non_agentic,2,mixed_174_moderate_multi_risk_strained_open,,,,
non_agentic,3,critical_congestion_with_sepsis,,,,
non_agentic,3,stable_day_shift,,,,
non_agentic,3,isolated_high_risk_patient,,,,
non_agentic,3,staffing_crunch,,,,
non_agentic,3,bed_block,,,,
non_agentic,3,queue_overload,,,,
non_agentic,3,mixed_001_low_stable_adequate_open,,,,
non_agentic,3,mixed_002_moderate_stable_adequate_open,,,,
non_agentic,3,mixed_003_high_stable_adequate_open,,,,
non_agentic,3,mixed_004_critical_stable_adequate_open,,,,
non_agentic,3,mixed_005_low_isolated_high_adequate_open,,,,
non_agentic,3,mixed_006_moderate_isolated_high_critical_open,,,,
non_agentic,3,mixed_007_low_isolated_high_adequate_open,,,,
non_agentic,3,mixed_008_critical_isolated_high_adequate_open,,,,
non_agentic,3,mixed_009_low_isolated_critical_adequate_open,,,,
non_agentic,3,mixed_010_moderate_isolated_critical_adequate_open,,,,
non_agentic,3,mixed_011_high_isolated_critical_adequate_critical,,,,
non_agentic,3,mixed_012_critical_isolated_critical_adequate_open,,,,
non_agentic,3,mixed_013_low_multi_risk_adequate_open,,,,
non_agentic,3,mixed_014_moderate_multi_risk_adequate_open,,,,
non_agentic,3,mixed_015_high_multi_risk_adequate_open,,,,
non_agentic,3,mixed_016_critical_multi_risk_adequate_open,,,,
non_agentic,3,mixed_017_low_stable_strained_open,,,,
non_agentic,3,mixed_018_moderate_stable_strained_open,,,,
non_agentic,3,mixed_019_high_stable_strained_open,,,,
non_agentic,3,mixed_020_critical_stable_strained_open,,,,
non_agentic,3,mixed_021_low_isolated_high_strained_open,,,,
non_agentic,3,mixed_022_moderate_isolated_high_strained_open,,,,
non_agentic,3,mixed_023_high_isolated_high_strained_open,,,,
non_agentic,3,mixed_024_critical_isolated_high_strained_open,,,,
non_agentic,3,mixed_025_low_isolated_critical_strained_open,,,,
non_agentic,3,mixed_026_moderate_isolated_critical_strained_open,,,,
non_agentic,3,mixed_027_moderate_isolated_critical_strained_open,,,,
non_agentic,3,mixed_028_moderate_isolated_critical_strained_open,,,,
non_agentic,3,mixed_029_low_multi_risk_strained_open,,,,
non_agentic,3,mixed_030_moderate_multi_risk_strained_open,,,,
non_agentic,3,mixed_031_critical_multi_risk_strained_open,,,,
non_agentic,3,mixed_032_critical_multi_risk_strained_open,,,,
non_agentic,3,mixed_033_low_stable_critical_open,,,,
non_agentic,3,mixed_034_moderate_stable_critical_open,,,,
non_agentic,3,mixed_035_high_stable_critical_open,,,,
non_agentic,3,mixed_036_critical_stable_critical_open,,,,
non_agentic,3,mixed_037_low_isolated_high_critical_open,,,,
non_agentic,3,mixed_038_moderate_isolated_high_strained_open,,,,
non_agentic,3,mixed_039_high_isolated_high_critical_open,,,,
non_agentic,3,mixed_040_critical_isolated_high_critical_critical,,,,
non_agentic,3,mixed_041_low_isolated_critical_critical_open,,,,
non_agentic,3,mixed_042_low_isolated_critical_critical_open,,,,
non_agentic,3,mixed_043_high_isolated_critical_critical_open,,,,
non_agentic,3,mixed_044_critical_isolated_critical_critical_open,,,,
non_agentic,3,mixed_045_low_multi_risk_critical_tight,,,,
non_agentic,3,mixed_046_low_multi_risk_critical_open,,,,
non_agentic,3,mixed_047_high_multi_risk_adequate_open,,,,
non_agentic,3,mixed_048_moderate_multi_risk_critical_open,,,,
non_agentic,3,mixed_049_critical_stable_adequate_critical,,,,
non_agentic,3,mixed_050_moderate_stable_adequate_critical,,,,
non_agentic,3,mixed_051_high_stable_adequate_tight,,,,
non_agentic,3,mixed_052_critical_stable_adequate_tight,,,,
non_agentic,3,mixed_053_low_isolated_high_adequate_tight,,,,
non_agentic,3,mixed_054_moderate_isolated_high_adequate_tight,,,,
non_agentic,3,mixed_055_high_isolated_high_strained_tight,,,,
non_agentic,3,mixed_056_critical_isolated_high_adequate_tight,,,,
non_agentic,3,mixed_057_low_isolated_critical_adequate_tight,,,,
non_agentic,3,mixed_058_moderate_isolated_critical_adequate_tight,,,,
non_agentic,3,mixed_059_high_isolated_critical_adequate_open,,,,
non_agentic,3,mixed_060_critical_isolated_critical_adequate_tight,,,,
non_agentic,3,mixed_061_low_multi_risk_adequate_tight,,,,
non_agentic,3,mixed_062_moderate_multi_risk_adequate_tight,,,,
non_agentic,3,mixed_063_high_multi_risk_adequate_open,,,,
non_agentic,3,mixed_064_critical_multi_risk_adequate_tight,,,,
non_agentic,3,mixed_065_low_stable_critical_tight,,,,
non_agentic,3,mixed_066_moderate_stable_strained_tight,,,,
non_agentic,3,mixed_067_high_stable_critical_tight,,,,
non_agentic,3,mixed_068_critical_stable_strained_tight,,,,
non_agentic,3,mixed_069_low_isolated_high_strained_tight,,,,
non_agentic,3,mixed_070_moderate_isolated_high_strained_tight,,,,
non_agentic,3,mixed_071_high_isolated_high_strained_tight,,,,
non_agentic,3,mixed_072_critical_isolated_high_strained_tight,,,,
non_agentic,3,mixed_073_critical_isolated_critical_strained_open,,,,
non_agentic,3,mixed_074_moderate_isolated_critical_strained_critical,,,,
non_agentic,3,mixed_075_high_isolated_critical_strained_open,,,,
non_agentic,3,mixed_076_critical_isolated_critical_strained_tight,,,,
non_agentic,3,mixed_077_low_multi_risk_strained_tight,,,,
non_agentic,3,mixed_078_moderate_multi_risk_strained_tight,,,,
non_agentic,3,mixed_079_high_multi_risk_adequate_tight,,,,
non_agentic,3,mixed_080_critical_multi_risk_strained_tight,,,,
non_agentic,3,mixed_081_moderate_stable_strained_critical,,,,
non_agentic,3,mixed_082_moderate_stable_critical_tight,,,,
non_agentic,3,mixed_083_high_stable_adequate_tight,,,,
non_agentic,3,mixed_084_high_stable_critical_tight,,,,
non_agentic,3,mixed_085_low_isolated_high_critical_tight,,,,
non_agentic,3,mixed_086_moderate_isolated_high_critical_critical,,,,
non_agentic,3,mixed_087_high_isolated_high_strained_tight,,,,
non_agentic,3,mixed_088_low_isolated_high_critical_tight,,,,
non_agentic,3,mixed_089_low_isolated_critical_critical_tight,,,,
non_agentic,3,mixed_090_moderate_isolated_critical_adequate_tight,,,,
non_agentic,3,mixed_091_high_isolated_critical_critical_tight,,,,
non_agentic,3,mixed_092_critical_isolated_critical_adequate_open,,,,
non_agentic,3,mixed_093_low_multi_risk_critical_tight,,,,
non_agentic,3,mixed_094_moderate_multi_risk_critical_tight,,,,
non_agentic,3,mixed_095_high_multi_risk_critical_tight,,,,
non_agentic,3,mixed_096_critical_multi_risk_critical_open,,,,
non_agentic,3,mixed_097_low_stable_adequate_critical,,,,
non_agentic,3,mixed_098_moderate_stable_strained_tight,,,,
non_agentic,3,mixed_099_critical_stable_adequate_critical,,,,
non_agentic,3,mixed_100_critical_stable_adequate_critical,,,,
non_agentic,3,mixed_101_low_isolated_high_adequate_tight,,,,
non_agentic,3,mixed_102_moderate_isolated_high_adequate_critical,,,,
non_agentic,3,mixed_103_high_isolated_high_adequate_critical,,,,
non_agentic,3,mixed_104_critical_isolated_high_adequate_critical,,,,
non_agentic,3,mixed_105_low_isolated_critical_adequate_critical,,,,
non_agentic,3,mixed_106_moderate_isolated_critical_adequate_critical,,,,
non_agentic,3,mixed_107_moderate_isolated_critical_adequate_critical,,,,
non_agentic,3,mixed_108_critical_isolated_critical_adequate_critical,,,,
non_agentic,3,mixed_109_moderate_multi_risk_adequate_critical,,,,
non_agentic,3,mixed_110_moderate_multi_risk_adequate_critical,,,,
non_agentic,3,mixed_111_low_multi_risk_adequate_critical,,,,
non_agentic,3,mixed_112_critical_multi_risk_critical_tight,,,,
non_agentic,3,mixed_113_low_stable_strained_critical,,,,
non_agentic,3,mixed_114_moderate_stable_strained_critical,,,,
non_agentic,3,mixed_115_high_stable_strained_critical,,,,
non_agentic,3,mixed_116_critical_stable_strained_critical,,,,
non_agentic,3,mixed_117_high_isolated_high_strained_critical,,,,
non_agentic,3,mixed_118_moderate_isolated_high_adequate_critical,,,,
non_agentic,3,mixed_119_high_isolated_high_adequate_critical,,,,
non_agentic,3,mixed_120_low_isolated_high_strained_critical,,,,
non_agentic,3,mixed_121_low_isolated_critical_strained_critical,,,,
non_agentic,3,mixed_122_moderate_isolated_critical_strained_critical,,,,
non_agentic,3,mixed_123_high_isolated_critical_strained_critical,,,,
non_agentic,3,mixed_124_moderate_isolated_critical_strained_tight,,,,
non_agentic,3,mixed_125_low_multi_risk_strained_critical,,,,
non_agentic,3,mixed_126_low_multi_risk_strained_critical,,,,
non_agentic,3,mixed_127_high_multi_risk_strained_critical,,,,
non_agentic,3,mixed_128_moderate_multi_risk_strained_critical,,,,
non_agentic,3,mixed_129_low_stable_critical_tight,,,,
non_agentic,3,mixed_130_moderate_stable_critical_critical,,,,
non_agentic,3,mixed_131_moderate_stable_critical_critical,,,,
non_agentic,3,mixed_132_low_stable_critical_critical,,,,
non_agentic,3,mixed_133_low_isolated_high_critical_critical,,,,
non_agentic,3,mixed_134_moderate_isolated_high_critical_critical,,,,
non_agentic,3,mixed_135_high_isolated_high_critical_critical,,,,
non_agentic,3,mixed_136_critical_isolated_high_critical_critical,,,,
non_agentic,3,mixed_137_high_isolated_critical_critical_critical,,,,
non_agentic,3,mixed_138_low_isolated_critical_critical_critical,,,,
non_agentic,3,mixed_139_low_isolated_critical_critical_critical,,,,
non_agentic,3,mixed_140_critical_isolated_critical_critical_critical,,,,
non_agentic,3,mixed_141_critical_multi_risk_strained_critical,,,,
non_agentic,3,mixed_142_moderate_multi_risk_adequate_critical,,,,
non_agentic,3,mixed_143_high_multi_risk_adequate_open,,,,
non_agentic,3,mixed_144_critical_multi_risk_critical_critical,,,,
non_agentic,3,mixed_145_low_stable_adequate_open,,,,
non_agentic,3,mixed_146_moderate_stable_adequate_open,,,,
non_agentic,3,mixed_147_high_stable_adequate_open,,,,
non_agentic,3,mixed_148_critical_stable_adequate_open,,,,
non_agentic,3,mixed_149_low_isolated_high_adequate_open,,,,
non_agentic,3,mixed_150_moderate_isolated_high_adequate_open,,,,
non_agentic,3,mixed_151_high_isolated_high_adequate_open,,,,
non_agentic,3,mixed_152_critical_isolated_high_adequate_open,,,,
non_agentic,3,mixed_153_low_isolated_critical_adequate_open,,,,
non_agentic,3,mixed_154_moderate_isolated_critical_adequate_open,,,,
non_agentic,3,mixed_155_high_isolated_critical_adequate_open,,,,
non_agentic,3,mixed_156_critical_isolated_critical_adequate_open,,,,
non_agentic,3,mixed_157_low_multi_risk_adequate_open,,,,
non_agentic,3,mixed_158_high_multi_risk_critical_open,,,,
non_agentic,3,mixed_159_high_multi_risk_adequate_open,,,,
non_agentic,3,mixed_160_critical_multi_risk_adequate_open,,,,
non_agentic,3,mixed_161_moderate_stable_strained_open,,,,
non_agentic,3,mixed_162_moderate_stable_adequate_open,,,,
non_agentic,3,mixed_163_high_stable_strained_open,,,,
non_agentic,3,mixed_164_critical_stable_strained_open,,,,
non_agentic,3,mixed_165_low_isolated_high_strained_open,,,,
non_agentic,3,mixed_166_moderate_isolated_high_strained_open,,,,
non_agentic,3,mixed_167_high_isolated_high_strained_open,,,,
non_agentic,3,mixed_168_high_isolated_high_critical_open,,,,
non_agentic,3,mixed_169_low_isolated_critical_strained_open,,,,
non_agentic,3,mixed_170_moderate_isolated_critical_critical_open,,,,
non_agentic,3,mixed_171_critical_isolated_critical_strained_open,,,,
non_agentic,3,mixed_172_critical_isolated_critical_strained_open,,,,
non_agentic,3,mixed_173_low_multi_risk_strained_open,,,,
non_agentic,3,mixed_174_moderate_multi_risk_strained_open,,,,
non_agentic,4,critical_congestion_with_sepsis,,,,
non_agentic,4,stable_day_shift,,,,
non_agentic,4,isolated_high_risk_patient,,,,
non_agentic,4,staffing_crunch,,,,
non_agentic,4,bed_block,,,,
non_agentic,4,queue_overload,,,,
non_agentic,4,mixed_001_low_stable_adequate_open,,,,
non_agentic,4,mixed_002_moderate_stable_adequate_open,,,,
non_agentic,4,mixed_003_high_stable_adequate_open,,,,
non_agentic,4,mixed_004_critical_stable_adequate_open,,,,
non_agentic,4,mixed_005_low_isolated_high_adequate_open,,,,
non_agentic,4,mixed_006_moderate_isolated_high_critical_open,,,,
non_agentic,4,mixed_007_low_isolated_high_adequate_open,,,,
non_agentic,4,mixed_008_critical_isolated_high_adequate_open,,,,
non_agentic,4,mixed_009_low_isolated_critical_adequate_open,,,,
non_agentic,4,mixed_010_moderate_isolated_critical_adequate_open,,,,
non_agentic,4,mixed_011_high_isolated_critical_adequate_critical,,,,
non_agentic,4,mixed_012_critical_isolated_critical_adequate_open,,,,
non_agentic,4,mixed_013_low_multi_risk_adequate_open,,,,
non_agentic,4,mixed_014_moderate_multi_risk_adequate_open,,,,
non_agentic,4,mixed_015_high_multi_risk_adequate_open,,,,
non_agentic,4,mixed_016_critical_multi_risk_adequate_open,,,,
non_agentic,4,mixed_017_low_stable_strained_open,,,,
non_agentic,4,mixed_018_moderate_stable_strained_open,,,,
non_agentic,4,mixed_019_high_stable_strained_open,,,,
non_agentic,4,mixed_020_critical_stable_strained_open,,,,
non_agentic,4,mixed_021_low_isolated_high_strained_open,,,,
non_agentic,4,mixed_022_moderate_isolated_high_strained_open,,,,
non_agentic,4,mixed_023_high_isolated_high_strained_open,,,,
non_agentic,4,mixed_024_critical_isolated_high_strained_open,,,,
non_agentic,4,mixed_025_low_isolated_critical_strained_open,,,,
non_agentic,4,mixed_026_moderate_isolated_critical_strained_open,,,,
non_agentic,4,mixed_027_moderate_isolated_critical_strained_open,,,,
non_agentic,4,mixed_028_moderate_isolated_critical_strained_open,,,,
non_agentic,4,mixed_029_low_multi_risk_strained_open,,,,
non_agentic,4,mixed_030_moderate_multi_risk_strained_open,,,,
non_agentic,4,mixed_031_critical_multi_risk_strained_open,,,,
non_agentic,4,mixed_032_critical_multi_risk_strained_open,,,,
non_agentic,4,mixed_033_low_stable_critical_open,,,,
non_agentic,4,mixed_034_moderate_stable_critical_open,,,,
non_agentic,4,mixed_035_high_stable_critical_open,,,,
non_agentic,4,mixed_036_critical_stable_critical_open,,,,
non_agentic,4,mixed_037_low_isolated_high_critical_open,,,,
non_agentic,4,mixed_038_moderate_isolated_high_strained_open,,,,
non_agentic,4,mixed_039_high_isolated_high_critical_open,,,,
non_agentic,4,mixed_040_critical_isolated_high_critical_critical,,,,
non_agentic,4,mixed_041_low_isolated_critical_critical_open,,,,
non_agentic,4,mixed_042_low_isolated_critical_critical_open,,,,
non_agentic,4,mixed_043_high_isolated_critical_critical_open,,,,
non_agentic,4,mixed_044_critical_isolated_critical_critical_open,,,,
non_agentic,4,mixed_045_low_multi_risk_critical_tight,,,,
non_agentic,4,mixed_046_low_multi_risk_critical_open,,,,
non_agentic,4,mixed_047_high_multi_risk_adequate_open,,,,
non_agentic,4,mixed_048_moderate_multi_risk_critical_open,,,,
non_agentic,4,mixed_049_critical_stable_adequate_critical,,,,
non_agentic,4,mixed_050_moderate_stable_adequate_critical,,,,
non_agentic,4,mixed_051_high_stable_adequate_tight,,,,
non_agentic,4,mixed_052_critical_stable_adequate_tight,,,,
non_agentic,4,mixed_053_low_isolated_high_adequate_tight,,,,
non_agentic,4,mixed_054_moderate_isolated_high_adequate_tight,,,,
non_agentic,4,mixed_055_high_isolated_high_strained_tight,,,,
non_agentic,4,mixed_056_critical_isolated_high_adequate_tight,,,,
non_agentic,4,mixed_057_low_isolated_critical_adequate_tight,,,,
non_agentic,4,mixed_058_moderate_isolated_critical_adequate_tight,,,,
non_agentic,4,mixed_059_high_isolated_critical_adequate_open,,,,
non_agentic,4,mixed_060_critical_isolated_critical_adequate_tight,,,,
non_agentic,4,mixed_061_low_multi_risk_adequate_tight,,,,
non_agentic,4,mixed_062_moderate_multi_risk_adequate_tight,,,,
non_agentic,4,mixed_063_high_multi_risk_adequate_open,,,,
non_agentic,4,mixed_064_critical_multi_risk_adequate_tight,,,,
non_agentic,4,mixed_065_low_stable_critical_tight,,,,
non_agentic,4,mixed_066_moderate_stable_strained_tight,,,,
non_agentic,4,mixed_067_high_stable_critical_tight,,,,
non_agentic,4,mixed_068_critical_stable_strained_tight,,,,
non_agentic,4,mixed_069_low_isolated_high_strained_tight,,,,
non_agentic,4,mixed_070_moderate_isolated_high_strained_tight,,,,
non_agentic,4,mixed_071_high_isolated_high_strained_tight,,,,
non_agentic,4,mixed_072_critical_isolated_high_strained_tight,,,,
non_agentic,4,mixed_073_critical_isolated_critical_strained_open,,,,
non_agentic,4,mixed_074_moderate_isolated_critical_strained_critical,,,,
non_agentic,4,mixed_075_high_isolated_critical_strained_open,,,,
non_agentic,4,mixed_076_critical_isolated_critical_strained_tight,,,,
non_agentic,4,mixed_077_low_multi_risk_strained_tight,,,,
non_agentic,4,mixed_078_moderate_multi_risk_strained_tight,,,,
non_agentic,4,mixed_079_high_multi_risk_adequate_tight,,,,
non_agentic,4,mixed_080_critical_multi_risk_strained_tight,,,,
non_agentic,4,mixed_081_moderate_stable_strained_critical,,,,
non_agentic,4,mixed_082_moderate_stable_critical_tight,,,,
non_agentic,4,mixed_083_high_stable_adequate_tight,,,,
non_agentic,4,mixed_084_high_stable_critical_tight,,,,
non_agentic,4,mixed_085_low_isolated_high_critical_tight,,,,
non_agentic,4,mixed_086_moderate_isolated_high_critical_critical,,,,
non_agentic,4,mixed_087_high_isolated_high_strained_tight,,,,
non_agentic,4,mixed_088_low_isolated_high_critical_tight,,,,
non_agentic,4,mixed_089_low_isolated_critical_critical_tight,,,,
non_agentic,4,mixed_090_moderate_isolated_critical_adequate_tight,,,,
non_agentic,4,mixed_091_high_isolated_critical_critical_tight,,,,
non_agentic,4,mixed_092_critical_isolated_critical_adequate_open,,,,
non_agentic,4,mixed_093_low_multi_risk_critical_tight,,,,
non_agentic,4,mixed_094_moderate_multi_risk_critical_tight,,,,
non_agentic,4,mixed_095_high_multi_risk_critical_tight,,,,
non_agentic,4,mixed_096_critical_multi_risk_critical_open,,,,
non_agentic,4,mixed_097_low_stable_adequate_critical,,,,
non_agentic,4,mixed_098_moderate_stable_strained_tight,,,,
non_agentic,4,mixed_099_critical_stable_adequate_critical,,,,
non_agentic,4,mixed_100_critical_stable_adequate_critical,,,,
non_agentic,4,mixed_101_low_isolated_high_adequate_tight,,,,
non_agentic,4,mixed_102_moderate_isolated_high_adequate_critical,,,,
non_agentic,4,mixed_103_high_isolated_high_adequate_critical,,,,
non_agentic,4,mixed_104_critical_isolated_high_adequate_critical,,,,
non_agentic,4,mixed_105_low_isolated_critical_adequate_critical,,,,
non_agentic,4,mixed_106_moderate_isolated_critical_adequate_critical,,,,
non_agentic,4,mixed_107_moderate_isolated_critical_adequate_critical,,,,
non_agentic,4,mixed_108_critical_isolated_critical_adequate_critical,,,,
non_agentic,4,mixed_109_moderate_multi_risk_adequate_critical,,,,
non_agentic,4,mixed_110_moderate_multi_risk_adequate_critical,,,,
non_agentic,4,mixed_111_low_multi_risk_adequate_critical,,,,
non_agentic,4,mixed_112_critical_multi_risk_critical_tight,,,,
non_agentic,4,mixed_113_low_stable_strained_critical,,,,
non_agentic,4,mixed_114_moderate_stable_strained_critical,,,,
non_agentic,4,mixed_115_high_stable_strained_critical,,,,
non_agentic,4,mixed_116_critical_stable_strained_critical,,,,
non_agentic,4,mixed_117_high_isolated_high_strained_critical,,,,
non_agentic,4,mixed_118_moderate_isolated_high_adequate_critical,,,,
non_agentic,4,mixed_119_high_isolated_high_adequate_critical,,,,
non_agentic,4,mixed_120_low_isolated_high_strained_critical,,,,
non_agentic,4,mixed_121_low_isolated_critical_strained_critical,,,,
non_agentic,4,mixed_122_moderate_isolated_critical_strained_critical,,,,
non_agentic,4,mixed_123_high_isolated_critical_strained_critical,,,,
non_agentic,4,mixed_124_moderate_isolated_critical_strained_tight,,,,
non_agentic,4,mixed_125_low_multi_risk_strained_critical,,,,
non_agentic,4,mixed_126_low_multi_risk_strained_critical,,,,
non_agentic,4,mixed_127_high_multi_risk_strained_critical,,,,
non_agentic,4,mixed_128_moderate_multi_risk_strained_critical,,,,
non_agentic,4,mixed_129_low_stable_critical_tight,,,,
non_agentic,4,mixed_130_moderate_stable_critical_critical,,,,
non_agentic,4,mixed_131_moderate_stable_critical_critical,,,,
non_agentic,4,mixed_132_low_stable_critical_critical,,,,
non_agentic,4,mixed_133_low_isolated_high_critical_critical,,,,
non_agentic,4,mixed_134_moderate_isolated_high_critical_critical,,,,
non_agentic,4,mixed_135_high_isolated_high_critical_critical,,,,
non_agentic,4,mixed_136_critical_isolated_high_critical_critical,,,,
non_agentic,4,mixed_137_high_isolated_critical_critical_critical,,,,
non_agentic,4,mixed_138_low_isolated_critical_critical_critical,,,,
non_agentic,4,mixed_139_low_isolated_critical_critical_critical,,,,
non_agentic,4,mixed_140_critical_isolated_critical_critical_critical,,,,
non_agentic,4,mixed_141_critical_multi_risk_strained_critical,,,,
non_agentic,4,mixed_142_moderate_multi_risk_adequate_critical,,,,
non_agentic,4,mixed_143_high_multi_risk_adequate_open,,,,
non_agentic,4,mixed_144_critical_multi_risk_critical_critical,,,,
non_agentic,4,mixed_145_low_stable_adequate_open,,,,
non_agentic,4,mixed_146_moderate_stable_adequate_open,,,,
non_agentic,4,mixed_147_high_stable_adequate_open,,,,
non_agentic,4,mixed_148_critical_stable_adequate_open,,,,
non_agentic,4,mixed_149_low_isolated_high_adequate_open,,,,
non_agentic,4,mixed_150_moderate_isolated_high_adequate_open,,,,
non_agentic,4,mixed_151_high_isolated_high_adequate_open,,,,
non_agentic,4,mixed_152_critical_isolated_high_adequate_open,,,,
non_agentic,4,mixed_153_low_isolated_critical_adequate_open,,,,
non_agentic,4,mixed_154_moderate_isolated_critical_adequate_open,,,,
non_agentic,4,mixed_155_high_isolated_critical_adequate_open,,,,
non_agentic,4,mixed_156_critical_isolated_critical_adequate_open,,,,
non_agentic,4,mixed_157_low_multi_risk_adequate_open,,,,
non_agentic,4,mixed_158_high_multi_risk_critical_open,,,,
non_agentic,4,mixed_159_high_multi_risk_adequate_open,,,,
non_agentic,4,mixed_160_critical_multi_risk_adequate_open,,,,
non_agentic,4,mixed_161_moderate_stable_strained_open,,,,
non_agentic,4,mixed_162_moderate_stable_adequate_open,,,,
non_agentic,4,mixed_163_high_stable_strained_open,,,,
non_agentic,4,mixed_164_critical_stable_strained_open,,,,
non_agentic,4,mixed_165_low_isolated_high_strained_open,,,,
non_agentic,4,mixed_166_moderate_isolated_high_strained_open,,,,
non_agentic,4,mixed_167_high_isolated_high_strained_open,,,,
non_agentic,4,mixed_168_high_isolated_high_critical_open,,,,
non_agentic,4,mixed_169_low_isolated_critical_strained_open,,,,
non_agentic,4,mixed_170_moderate_isolated_critical_critical_open,,,,
non_agentic,4,mixed_171_critical_isolated_critical_strained_open,,,,
non_agentic,4,mixed_172_critical_isolated_critical_strained_open,,,,
non_agentic,4,mixed_173_low_multi_risk_strained_open,,,,
non_agentic,4,mixed_174_moderate_multi_risk_strained_open,,,,
